"Fecha","Cierre","Apertura","Máximo","Mínimo","Vol.","% var."
"21.09.2026","23.680","23.730","23.855","23.040","744.12K","1.89%"
"18.09.2026","23.240","23.900","24.040","23.190","1.61M","-0.56%"
"17.09.2026","23.370","23.540","23.830","23.130","784.23K","3.82%"
"16.09.2026","22.510","23.270","23.420","21.920","1.04M","-0.79%"
"15.09.2026","22.690","22.540","22.730","22.130","776.68K","0.62%"
"14.09.2026","22.550","22.620","22.840","22.200","959.89K","-4.57%"
"11.09.2026","23.630","24.110","24.450","23.560","713.15K","-0.17%"
"10.09.2026","23.670","23.730","24.300","23.500","741.16K","-4.40%"
"09.09.2026","24.760","25.270","25.606","24.640","768.32K","0.00%"
"08.09.2026","24.760","25.030","25.410","24.700","836.36K","-1.32%"
"04.09.2026","25.090","24.460","25.355","24.300","966.91K","0.16%"
"03.09.2026","25.050","25.400","25.600","24.610","857.35K","2.37%"
"02.09.2026","24.470","24.150","24.890","24.000","943.46K","4.13%"
"01.09.2026","23.500","24.110","24.880","23.460","1.17M","-5.77%"
"31.08.2026","24.940","25.110","25.180","24.310","1.46M","-0.68%"
"28.08.2026","25.110","26.200","26.250","24.888","1.06M","-4.09%"
"27.08.2026","26.180","25.740","26.412","25.550","942.74K","1.59%"
"26.08.2026","25.770","26.600","27.560","25.720","1.13M","-4.63%"
"25.08.2026","27.020","25.560","27.050","25.550","1.14M","4.20%"
"24.08.2026","25.930","26.060","26.590","25.230","1.08M","0.89%"
"21.08.2026","25.700","26.225","26.350","25.210","2.01M","2.59%"
"20.08.2026","25.050","25.420","25.990","24.760","1.22M","-2.98%"
"19.08.2026","25.820","25.350","26.200","24.530","1.69M","8.53%"
"18.08.2026","23.790","23.780","24.250","23.520","975.44K","-2.46%"
"17.08.2026","24.390","25.240","25.240","24.160","1.08M","-3.37%"
"14.08.2026","25.240","25.450","25.840","25.050","677.99K","1.98%"
"13.08.2026","24.750","24.770","25.210","24.460","623.31K","-2.06%"
"12.08.2026","25.270","26.290","26.400","25.160","1.32M","-0.63%"
"11.08.2026","25.430","24.890","25.450","24.770","1.08M","2.17%"
"10.08.2026","24.890","24.560","25.210","24.400","1.11M","0.69%"
"07.08.2026","24.720","24.470","24.900","24.055","2.41M","8.28%"
"06.08.2026","22.830","22.340","23.274","22.340","1.21M","-0.44%"
"05.08.2026","22.930","21.930","22.975","21.755","2.09M","10.88%"
"04.08.2026","20.680","19.820","21.079","19.795","1.64M","8.44%"
"03.08.2026","19.070","18.350","19.120","18.090","759.24K","3.59%"
"31.07.2026","18.410","18.420","18.808","17.920","1.44M","-2.64%"
"30.07.2026","18.910","17.790","18.980","17.630","1.48M","9.56%"
"29.07.2026","17.260","17.270","17.960","16.700","1.36M","-0.75%"
"28.07.2026","17.390","17.860","17.860","16.960","928.68K","-4.66%"
"27.07.2026","18.240","18.390","18.390","17.570","716.80K","2.24%"
"24.07.2026","17.840","17.980","18.143","17.570","753.18K","0.00%"
"23.07.2026","17.840","17.830","18.100","17.460","1.32M","-3.57%"
"22.07.2026","18.500","19.060","19.600","18.370","1.24M","-0.64%"
"21.07.2026","18.620","17.510","18.650","17.490","1.07M","9.40%"
"20.07.2026","17.020","16.890","17.060","16.550","1.20M","0.71%"
"17.07.2026","16.900","16.780","17.225","16.435","1.39M","-1.57%"
"16.07.2026","17.170","18.160","18.200","17.020","1.21M","-7.64%"
"15.07.2026","18.590","18.970","19.170","18.100","851.08K","-2.11%"
"14.07.2026","18.990","19.640","19.740","18.875","1.02M","1.77%"
"13.07.2026","18.660","18.950","19.124","18.375","1.19M","-4.01%"
"10.07.2026","19.440","19.650","19.890","19.180","846.86K","-1.82%"
"09.07.2026","19.800","19.560","20.080","19.370","677.39K","3.61%"
"08.07.2026","19.110","19.400","19.780","18.490","1.38M","-4.40%"
"07.07.2026","19.990","20.920","20.990","19.701","1.08M","-5.44%"
"06.07.2026","21.140","21.480","21.750","20.880","893.22K","-0.89%"
"02.07.2026","21.330","21.830","22.369","20.830","893.97K","1.62%"
"01.07.2026","20.990","20.660","21.890","20.630","986.60K","1.11%"
"30.06.2026","20.760","20.640","20.830","19.890","1.56M","0.68%"
"29.06.2026","20.620","21.110","21.205","20.250","1.28M","-3.37%"
"26.06.2026","21.340","21.250","22.090","21.116","2.18M","0.66%"
"25.06.2026","21.200","21.610","21.815","20.370","1.29M","0.38%"
"24.06.2026","21.120","21.400","21.910","20.580","1.88M","-5.42%"
"23.06.2026","22.330","22.640","23.290","22.150","1.52M","-6.18%"
"22.06.2026","23.800","23.800","24.207","23.360","1.28M","-2.14%"
"18.06.2026","24.320","25.270","25.745","23.980","1.36M","-2.33%"
"17.06.2026","24.900","25.680","26.960","24.860","7.38M","-3.38%"
"16.06.2026","25.770","26.400","27.000","25.695","1.41M","-0.92%"
"15.06.2026","26.010","25.950","26.880","25.690","1.52M","7.97%"
"12.06.2026","24.090","23.690","24.380","23.044","1.26M","2.77%"
"11.06.2026","23.440","21.340","23.460","21.090","4.92M","9.74%"
"10.06.2026","21.360","22.180","22.520","21.100","2.18M","-5.74%"
"09.06.2026","22.660","23.210","23.690","21.980","3.53M","-1.09%"
"08.06.2026","22.910","23.110","23.300","22.400","1.36M","1.15%"
"05.06.2026","22.650","24.212","24.290","22.229","3.63M","-9.54%"
"04.06.2026","25.040","24.990","25.600","24.590","1.07M","1.09%"
"03.06.2026","24.770","25.600","25.600","24.600","1.85M","-5.39%"
"02.06.2026","26.180","25.870","26.645","25.450","1.12M","1.71%"
"01.06.2026","25.740","25.980","26.465","25.130","1.91M","-4.91%"
"29.05.2026","27.070","26.550","27.840","26.350","1.29M","1.58%"
"28.05.2026","26.650","25.770","27.145","25.000","1.10M","1.80%"
"27.05.2026","26.180","25.880","26.370","25.500","947.44K","-1.50%"
"26.05.2026","26.580","25.800","26.880","25.690","1.34M","4.98%"
"22.05.2026","25.320","28.950","29.150","25.200","2.74M","-5.24%"
"21.05.2026","26.720","26.780","27.450","26.170","1.90M","-2.87%"
"20.05.2026","27.510","25.210","27.555","24.930","2.82M","11.65%"
"19.05.2026","24.640","26.130","26.250","24.550","2.16M","-7.51%"
"18.05.2026","26.640","28.630","28.820","26.140","1.70M","-5.43%"
"15.05.2026","28.170","29.360","29.400","27.880","2.44M","-9.42%"
"14.05.2026","31.100","31.950","31.950","30.100","924.68K","-2.11%"
"13.05.2026","31.770","30.885","32.390","30.380","1.16M","2.22%"
"12.05.2026","31.080","31.000","31.700","29.880","1.17M","-1.46%"
"11.05.2026","31.540","29.950","32.100","29.915","1.55M","5.31%"
"08.05.2026","29.950","29.390","30.520","29.000","1.13M","5.05%"
"07.05.2026","28.510","30.740","31.270","28.470","2.49M","-4.65%"
"06.05.2026","29.900","29.000","30.060","28.670","1.32M","9.32%"
"05.05.2026","27.350","27.450","27.835","26.970","901.46K","1.64%"
"04.05.2026","26.910","27.200","27.360","26.810","1.19M","-2.04%"
"01.05.2026","27.470","27.620","27.850","27.050","957.67K","-0.51%"
"30.04.2026","27.610","27.170","27.885","26.710","1.18M","5.22%"
"29.04.2026","26.240","26.990","27.280","26.100","1.26M","-4.55%"
"28.04.2026","27.490","27.750","28.362","26.920","1.38M","-3.44%"
"27.04.2026","28.470","29.000","29.440","28.115","1.13M","-2.30%"
"24.04.2026","29.140","29.980","29.980","28.820","887.83K","-1.12%"
"23.04.2026","29.470","29.920","30.430","28.290","1.55M","-3.39%"
"22.04.2026","30.505","31.580","31.580","30.310","1.00M","0.54%"
"21.04.2026","30.340","33.140","33.320","30.310","1.58M","-9.46%"
"20.04.2026","33.510","33.480","33.800","32.800","1.32M","-1.15%"
"17.04.2026","33.900","32.500","34.150","32.280","2.07M","7.11%"
"16.04.2026","31.650","31.880","32.030","30.640","1.09M","0.22%"
"15.04.2026","31.580","31.770","32.075","31.071","994.80K","-1.65%"
"14.04.2026","32.110","31.630","32.330","30.920","1.41M","4.56%"
"13.04.2026","30.710","29.310","31.000","29.310","862.59K","2.57%"
"10.04.2026","29.940","30.450","31.265","29.630","1.04M","-0.63%"
"09.04.2026","30.130","29.740","30.680","29.280","963.79K","1.14%"
"08.04.2026","29.790","31.550","32.000","29.240","1.39M","1.43%"
"07.04.2026","29.370","28.820","29.400","27.660","1.07M","0.72%"
"06.04.2026","29.160","28.990","29.730","28.570","951.50K","-0.92%"
"02.04.2026","29.430","28.140","30.230","27.600","1.66M","-0.30%"
"01.04.2026","29.520","29.125","30.380","28.361","1.90M","4.98%"
"31.03.2026","28.120","26.050","28.270","26.050","1.81M","11.10%"
"30.03.2026","25.310","27.030","27.270","24.920","1.85M","-4.35%"
"27.03.2026","26.460","25.090","26.520","25.090","1.47M","4.79%"
"26.03.2026","25.250","25.012","26.500","25.012","1.33M","-3.44%"
"25.03.2026","26.150","26.880","27.000","25.420","1.68M","3.85%"
"24.03.2026","25.180","24.760","25.360","23.980","1.47M","0.44%"
"23.03.2026","25.070","24.840","25.980","24.550","2.34M","0.32%"
"20.03.2026","24.990","26.610","26.760","24.310","3.02M","-6.09%"
"19.03.2026","26.610","26.370","27.490","25.800","3.05M","-6.83%"
"18.03.2026","28.560","29.250","29.750","28.320","1.72M","-6.88%"
"17.03.2026","30.670","31.270","31.895","30.400","1.03M","-1.45%"
"16.03.2026","31.120","30.150","31.980","30.050","1.44M","4.57%"
"13.03.2026","29.760","31.040","31.350","29.250","1.64M","-4.95%"
"12.03.2026","31.310","32.000","32.000","29.930","1.37M","-2.85%"
"11.03.2026","32.230","32.310","32.500","30.960","1.21M","-2.19%"
"10.03.2026","32.950","32.650","34.720","32.650","1.70M","0.43%"
"09.03.2026","32.810","30.880","33.020","30.030","1.32M","1.96%"
"06.03.2026","32.180","31.500","32.980","31.040","1.27M","-0.71%"
"05.03.2026","32.410","33.240","33.370","31.180","1.77M","-5.23%"
"04.03.2026","34.200","35.070","36.020","33.330","1.22M","-0.32%"
"03.03.2026","34.310","33.730","34.660","33.000","1.98M","-7.82%"
"02.03.2026","37.220","35.780","37.370","35.102","1.58M","0.98%"
"27.02.2026","36.860","35.710","36.890","35.010","2.36M","3.34%"
"26.02.2026","35.670","32.680","35.770","32.360","2.78M","7.89%"
"25.02.2026","33.060","32.400","34.080","31.510","1.48M","4.65%"
"24.02.2026","31.590","29.800","32.118","29.250","1.65M","4.22%"
"23.02.2026","30.310","30.210","30.980","29.580","1.11M","0.43%"
"20.02.2026","30.180","30.010","30.920","28.825","1.86M","0.10%"
"19.02.2026","30.150","28.730","30.430","28.410","1.13M","2.90%"
"18.02.2026","29.300","28.630","29.670","28.300","1.13M","4.34%"
"17.02.2026","28.080","27.520","28.489","26.180","2.96M","-2.70%"
"13.02.2026","28.860","28.090","29.330","27.540","1.14M","4.68%"
"12.02.2026","27.570","30.190","30.190","27.400","1.77M","-9.61%"
"11.02.2026","30.500","30.270","30.800","28.500","1.30M","3.11%"
"10.02.2026","29.580","30.130","30.460","28.970","1.54M","-2.44%"
"09.02.2026","30.320","28.300","30.400","28.190","1.57M","7.90%"
"06.02.2026","28.100","27.160","28.150","26.860","1.72M","8.33%"
"05.02.2026","25.940","27.620","28.210","25.880","2.05M","-8.87%"
"04.02.2026","28.465","30.370","30.370","26.440","2.67M","-3.11%"
"03.02.2026","29.380","29.040","29.840","28.150","2.58M","7.27%"
"02.02.2026","27.390","26.640","28.150","26.420","1.97M","2.89%"
"30.01.2026","26.620","30.130","31.270","26.390","4.02M","-16.97%"
"29.01.2026","32.060","35.090","35.140","31.000","2.94M","-6.72%"
"28.01.2026","34.370","35.170","35.290","33.190","1.61M","-1.69%"
"27.01.2026","34.960","33.200","35.060","32.820","1.36M","5.33%"
"26.01.2026","33.190","35.780","35.969","33.075","2.73M","-3.80%"
"23.01.2026","34.500","35.000","35.015","34.050","1.62M","-1.00%"
"22.01.2026","34.850","31.500","35.000","31.500","3.35M","10.71%"
"21.01.2026","31.480","33.945","34.190","30.920","2.42M","-4.17%"
"20.01.2026","32.850","33.575","34.000","31.650","2.18M","1.92%"
"16.01.2026","32.230","31.160","32.680","30.410","1.79M","2.91%"
"15.01.2026","31.320","31.770","32.410","31.160","1.44M","-1.54%"
"14.01.2026","31.810","31.660","32.500","30.540","2.00M","2.55%"
"13.01.2026","31.020","31.350","32.200","30.560","1.81M","-0.10%"
"12.01.2026","31.050","30.445","31.108","29.975","2.18M","4.62%"
"09.01.2026","29.680","29.750","30.480","29.035","2.62M","0.88%"
"08.01.2026","29.420","28.770","29.700","28.300","1.92M","1.17%"
"07.01.2026","29.080","27.190","29.090","26.600","2.23M","3.67%"
"06.01.2026","28.050","26.520","28.080","26.310","1.91M","6.17%"
"05.01.2026","26.420","25.245","27.150","25.010","2.40M","7.66%"
"02.01.2026","24.540","24.800","24.800","23.830","1.67M","1.36%"
"31.12.2025","24.210","24.210","24.590","24.000","1.47M","-1.26%"
"30.12.2025","24.520","25.400","25.600","24.465","1.35M","-0.73%"
"29.12.2025","24.700","25.055","25.500","24.360","2.22M","-4.74%"
"26.12.2025","25.930","26.760","26.890","25.600","1.41M","-2.45%"
"24.12.2025","26.580","27.450","27.479","26.200","1.09M","-4.04%"
"23.12.2025","27.700","27.720","28.470","27.120","1.76M","0.00%"
"22.12.2025","27.700","28.500","29.100","27.575","1.97M","0.36%"
"19.12.2025","27.600","26.350","28.000","26.340","3.58M","4.70%"
"18.12.2025","26.360","25.730","26.870","25.580","1.30M","2.17%"
"17.12.2025","25.800","27.190","27.400","25.350","1.77M","-2.97%"
"16.12.2025","26.590","26.830","27.920","26.480","1.63M","-0.93%"
"15.12.2025","26.840","29.650","29.730","26.720","2.54M","-6.93%"
"12.12.2025","28.840","29.850","29.850","27.010","3.04M","-1.06%"
"11.12.2025","29.150","25.600","29.730","25.600","5.11M","13.42%"
"10.12.2025","25.700","26.380","26.380","23.880","3.12M","-3.20%"
"09.12.2025","26.550","25.550","26.590","25.180","2.38M","5.11%"
"08.12.2025","25.260","25.950","26.170","25.040","1.45M","-2.55%"
"05.12.2025","25.920","26.020","26.475","25.060","1.71M","0.70%"
"04.12.2025","25.740","24.480","25.980","24.260","1.96M","3.87%"
"03.12.2025","24.780","25.050","25.080","24.350","1.47M","0.08%"
"02.12.2025","24.760","25.030","25.640","24.380","1.57M","-2.06%"
"01.12.2025","25.280","26.000","26.100","25.130","1.67M","-1.79%"
"28.11.2025","25.740","25.300","26.680","24.940","1.33M","2.75%"
"26.11.2025","25.050","24.240","25.080","24.000","1.63M","4.24%"
"25.11.2025","24.030","23.590","24.240","23.250","1.32M","1.26%"
"24.11.2025","23.730","22.410","23.785","22.240","2.39M","7.23%"
"21.11.2025","22.130","21.700","22.960","20.995","9.42M","0.36%"
"20.11.2025","22.050","24.395","25.210","22.020","3.69M","-7.70%"
"19.11.2025","23.890","23.640","25.240","23.550","3.27M","2.53%"
"18.11.2025","23.300","22.350","23.590","22.040","3.27M","3.01%"
"17.11.2025","22.620","21.500","23.130","21.400","3.35M","4.82%"
"14.11.2025","21.580","20.600","22.475","20.380","2.29M","-1.86%"
"13.11.2025","21.990","22.980","23.440","21.817","2.20M","-4.76%"
"12.11.2025","23.090","23.070","24.550","22.990","3.02M","0.70%"
"11.11.2025","22.930","23.150","23.650","22.430","1.57M","0.00%"
"10.11.2025","22.930","22.920","24.050","22.800","2.61M","2.92%"
"07.11.2025","22.280","20.795","22.510","20.600","3.20M","6.86%"
"06.11.2025","20.850","21.700","22.210","20.710","2.75M","-2.66%"
"05.11.2025","21.420","21.770","21.800","21.220","1.98M","0.52%"
"04.11.2025","21.310","21.800","22.210","21.010","3.69M","-5.92%"
"03.11.2025","22.650","23.780","24.240","22.515","2.45M","-5.74%"
"31.10.2025","24.030","24.840","25.040","23.710","1.97M","-4.64%"
"30.10.2025","25.200","23.250","25.490","22.970","3.12M","7.19%"
"29.10.2025","23.510","25.950","26.000","23.170","5.92M","-7.37%"
"28.10.2025","25.380","24.730","26.000","23.970","3.77M","2.17%"
"27.10.2025","24.840","23.830","25.100","22.800","6.89M","6.61%"
"24.10.2025","23.300","22.770","23.990","22.705","1.47M","-0.51%"
"23.10.2025","23.420","24.100","24.200","23.310","1.57M","-0.97%"
"22.10.2025","23.650","22.840","24.110","22.500","3.08M","-0.25%"
"21.10.2025","23.710","24.865","25.000","23.270","4.91M","-13.05%"
"20.10.2025","27.270","26.510","27.540","25.315","3.72M","7.70%"
"17.10.2025","25.320","25.755","26.800","24.629","6.11M","-9.57%"
"16.10.2025","28.000","27.980","30.350","27.510","7.14M","1.82%"
"15.10.2025","27.500","29.050","31.652","26.720","6.71M","1.14%"
"14.10.2025","27.190","27.520","28.530","25.440","5.63M","-0.73%"
"13.10.2025","27.390","27.445","28.315","26.500","4.53M","6.20%"
"10.10.2025","25.790","24.530","26.800","24.300","6.17M","7.73%"
"09.10.2025","23.940","25.025","25.470","23.720","4.41M","-1.64%"
"08.10.2025","24.340","24.180","24.720","23.610","4.01M","3.14%"
"07.10.2025","23.600","24.485","24.835","23.120","4.37M","0.08%"
"06.10.2025","23.580","23.260","24.130","22.614","5.16M","7.97%"
"03.10.2025","21.840","21.560","22.510","21.260","2.45M","3.95%"
"02.10.2025","21.010","21.010","21.490","20.245","2.38M","1.64%"
"01.10.2025","20.670","19.895","20.800","19.880","1.94M","2.17%"
"30.09.2025","20.230","20.310","20.690","20.010","1.83M","-1.80%"
"29.09.2025","20.600","21.810","21.867","20.080","3.16M","-2.65%"
"26.09.2025","21.160","19.790","22.616","19.750","9.03M","11.37%"
"25.09.2025","19.000","18.600","19.821","18.209","2.38M","0.74%"
"24.09.2025","18.860","19.200","19.760","18.820","2.65M","-0.47%"
"23.09.2025","18.950","19.160","19.840","18.675","2.80M","0.48%"
"22.09.2025","18.860","18.790","19.410","18.136","3.69M","3.00%"
"19.09.2025","18.310","17.630","18.410","17.521","7.73M","5.17%"
"18.09.2025","17.410","17.110","17.460","16.723","2.02M","2.47%"
"17.09.2025","16.990","16.880","17.650","16.810","2.40M","0.41%"
"16.09.2025","16.920","18.440","18.460","16.880","2.79M","-6.05%"
"15.09.2025","18.010","17.360","18.110","17.280","2.15M","3.98%"
"12.09.2025","17.320","17.370","17.540","16.890","1.37M","0.64%"
"11.09.2025","17.210","17.230","17.575","17.100","1.31M","-0.23%"
"10.09.2025","17.250","17.288","17.740","17.040","2.77M","3.23%"
"09.09.2025","16.710","18.200","18.285","16.695","3.98M","-7.48%"
"08.09.2025","18.060","18.675","18.960","17.590","2.13M","-2.01%"
"05.09.2025","18.430","18.500","18.710","18.050","1.45M","1.99%"
"04.09.2025","18.070","18.810","19.065","17.820","2.94M","-5.89%"
"03.09.2025","19.200","19.000","19.750","18.840","2.23M","2.73%"
"02.09.2025","18.690","19.000","19.130","18.000","2.73M","-0.95%"
"29.08.2025","18.870","18.440","19.090","18.440","1.67M","2.17%"
"28.08.2025","18.470","18.620","18.890","18.420","1.23M","-0.75%"
"27.08.2025","18.610","18.250","18.760","18.020","1.17M","0.54%"
"26.08.2025","18.510","18.090","18.640","18.080","1.85M","2.43%"
"25.08.2025","18.070","17.730","18.700","17.660","2.55M","1.92%"
"22.08.2025","17.730","17.860","18.710","17.570","2.58M","-0.78%"
"21.08.2025","17.870","17.050","18.010","16.965","2.25M","4.87%"
"20.08.2025","17.040","16.430","17.050","16.410","1.39M","4.22%"
"19.08.2025","16.350","17.580","17.580","16.280","2.15M","-6.94%"
"18.08.2025","17.570","17.600","17.675","16.711","2.26M","1.50%"
"15.08.2025","17.310","17.530","18.100","17.150","2.82M","-1.25%"
"14.08.2025","17.530","17.040","17.660","16.900","1.57M","2.94%"
"13.08.2025","17.030","17.430","17.490","16.660","1.46M","-1.96%"
"12.08.2025","17.370","17.560","17.750","16.870","1.29M","0.00%"
"11.08.2025","17.370","16.670","17.610","16.340","1.48M","2.78%"
"08.08.2025","16.900","17.530","17.800","16.640","1.77M","-2.31%"
"07.08.2025","17.300","17.800","17.990","16.820","1.87M","0.23%"
"06.08.2025","17.260","16.630","17.280","16.560","1.98M","3.48%"
"05.08.2025","16.680","16.640","16.745","16.250","1.11M","-0.36%"
"04.08.2025","16.740","15.550","16.740","15.480","1.87M","10.42%"
"01.08.2025","15.160","15.350","15.450","14.690","1.71M","0.40%"
"31.07.2025","15.100","15.000","15.370","14.920","1.40M","1.00%"
"30.07.2025","14.950","15.260","15.490","14.820","1.34M","-3.36%"
"29.07.2025","15.470","16.000","16.050","15.290","1.41M","-2.58%"
"28.07.2025","15.880","16.210","16.410","15.730","1.52M","-2.04%"
"25.07.2025","16.210","16.500","16.730","15.910","2.49M","-3.77%"
"24.07.2025","16.845","16.830","17.280","16.500","1.92M","-0.80%"
"23.07.2025","16.980","17.760","18.030","16.530","3.59M","-4.55%"
"22.07.2025","17.790","17.160","18.040","16.645","3.38M","3.61%"
"21.07.2025","17.170","17.380","17.780","16.700","3.36M","-0.06%"
"18.07.2025","17.180","16.315","17.701","16.080","5.76M","8.25%"
"17.07.2025","15.870","15.290","15.880","15.160","2.41M","2.72%"
"16.07.2025","15.450","15.000","15.470","14.640","2.51M","4.11%"
"15.07.2025","14.840","14.660","14.900","14.080","2.42M","1.23%"
"14.07.2025","14.660","15.090","15.800","14.400","3.59M","-0.48%"
"11.07.2025","14.730","14.690","14.910","14.038","3.72M","1.03%"
"10.07.2025","14.580","13.620","14.950","13.310","8.67M","11.64%"
"09.07.2025","13.060","12.875","13.300","12.635","2.08M","2.27%"
"08.07.2025","12.770","13.300","13.320","12.200","4.44M","-2.59%"
"07.07.2025","13.110","12.450","13.300","12.400","5.62M","5.26%"
"03.07.2025","12.455","12.160","12.465","12.040","1.13M","1.67%"
"02.07.2025","12.250","12.100","12.290","11.680","2.79M","2.42%"
"01.07.2025","11.960","12.360","12.980","11.810","3.29M","-1.48%"
"30.06.2025","12.140","12.150","12.390","11.870","3.22M","2.36%"
"27.06.2025","11.860","12.500","12.530","11.700","6.75M","-7.99%"
"26.06.2025","12.890","13.180","13.240","12.660","3.18M","-1.00%"
"25.06.2025","13.020","13.400","13.500","12.840","3.26M","-0.53%"
"24.06.2025","13.090","12.980","13.260","12.000","4.36M","0.54%"
"23.06.2025","13.020","13.200","13.650","12.855","4.75M","0.23%"
"20.06.2025","12.990","13.460","13.477","12.865","3.83M","-3.20%"
"18.06.2025","13.420","13.320","14.180","13.060","5.91M","2.68%"
"17.06.2025","13.070","13.210","13.350","12.950","4.40M","0.54%"
"16.06.2025","13.000","13.000","13.310","12.920","4.51M","1.29%"
"13.06.2025","12.835","13.350","13.635","12.760","5.07M","-2.17%"
"12.06.2025","13.120","13.580","13.700","12.761","11.33M","-20.44%"
"11.06.2025","16.490","16.580","16.695","16.210","805.41K","-0.24%"
"10.06.2025","16.530","17.140","17.267","16.335","696.05K","-3.50%"
"09.06.2025","17.130","17.740","17.850","16.917","1.13M","-1.38%"
"06.06.2025","17.370","17.230","17.500","16.640","1.27M","1.76%"
"05.06.2025","17.070","17.270","17.960","16.880","1.34M","0.18%"
"04.06.2025","17.040","17.330","17.530","16.760","1.76M","-1.56%"
"03.06.2025","17.310","14.915","17.515","14.780","3.91M","15.55%"
"02.06.2025","14.980","14.090","15.010","14.090","1.02M","7.69%"
"30.05.2025","13.910","13.650","14.050","13.520","778.25K","1.68%"
"29.05.2025","13.680","14.240","14.365","13.475","496.27K","-3.25%"
"28.05.2025","14.140","14.200","14.283","13.960","635.02K","-0.91%"
"27.05.2025","14.270","13.670","14.450","13.600","790.53K","3.18%"
"23.05.2025","13.830","13.540","13.900","13.250","910.79K","4.77%"
"22.05.2025","13.200","13.720","14.000","13.120","771.97K","-3.37%"
"21.05.2025","13.660","13.850","14.060","13.400","1.02M","-0.44%"
"20.05.2025","13.720","12.780","13.830","12.622","1.69M","7.44%"
"19.05.2025","12.770","11.950","13.140","11.950","1.06M","6.95%"
"16.05.2025","11.940","11.820","12.010","11.400","1.15M","-1.89%"
"15.05.2025","12.170","11.550","12.290","11.350","1.55M","5.73%"
"14.05.2025","11.510","11.790","11.930","11.220","1.27M","-6.23%"
"13.05.2025","12.275","12.110","12.570","11.380","1.99M","4.56%"
"12.05.2025","11.740","14.100","14.100","11.710","2.93M","-22.66%"
"09.05.2025","15.180","14.860","15.210","14.500","654.29K","4.98%"
"08.05.2025","14.460","14.900","14.900","14.375","591.83K","-1.83%"
"07.05.2025","14.730","14.680","15.120","14.530","728.76K","-1.80%"
"06.05.2025","15.000","15.150","15.280","14.900","800.11K","0.00%"
"05.05.2025","15.000","14.860","15.179","14.670","1.08M","3.38%"
"02.05.2025","14.510","15.020","15.440","14.350","966.43K","-3.07%"
"01.05.2025","14.970","14.670","15.090","14.460","1.14M","1.63%"
"30.04.2025","14.730","14.095","14.760","13.830","1.13M","4.84%"
"29.04.2025","14.050","14.280","14.525","13.882","959.15K","-2.57%"
"28.04.2025","14.420","14.395","14.465","14.020","777.76K","0.91%"
"25.04.2025","14.290","14.140","14.750","13.850","994.58K","-0.07%"
"24.04.2025","14.300","13.865","14.300","13.330","889.61K","4.53%"
"23.04.2025","13.680","12.760","13.760","12.640","1.21M","2.90%"
"22.04.2025","13.295","13.360","13.790","13.150","1.21M","-0.04%"
"21.04.2025","13.300","13.975","14.400","12.660","1.24M","1.14%"
"17.04.2025","13.150","13.150","13.450","12.850","745.27K","-1.50%"
"16.04.2025","13.350","13.700","13.805","13.140","983.27K","0.68%"
"15.04.2025","13.260","13.550","13.680","12.924","1.86M","-3.49%"
"14.04.2025","13.740","11.830","13.750","11.729","2.15M","16.15%"
"11.04.2025","11.830","11.290","12.000","11.240","1.48M","6.48%"
"10.04.2025","11.110","10.680","11.490","10.640","895.03K","2.68%"
"09.04.2025","10.820","9.990","10.900","9.750","1.45M","13.54%"
"08.04.2025","9.530","9.560","9.850","9.285","1.39M","6.12%"
"07.04.2025","8.980","9.280","10.220","8.845","1.59M","-3.54%"
"04.04.2025","9.310","10.690","10.740","8.835","1.47M","-16.87%"
"03.04.2025","11.200","10.400","11.255","10.310","963.89K","2.28%"
"02.04.2025","10.950","10.600","10.988","10.600","565.17K","1.77%"
"01.04.2025","10.760","10.540","10.920","10.430","686.59K","0.65%"
"31.03.2025","10.690","10.850","10.995","10.420","1.05M","-2.37%"
"28.03.2025","10.950","11.110","11.215","10.850","606.96K","-1.17%"
"27.03.2025","11.080","10.970","11.190","10.950","511.54K","1.47%"
"26.03.2025","10.920","11.140","11.220","10.770","671.29K","-2.50%"
"25.03.2025","11.200","11.130","11.510","11.120","850.16K","0.45%"
"24.03.2025","11.150","11.090","11.430","11.050","1.25M","-0.45%"
"21.03.2025","11.200","11.460","11.660","11.100","4.82M","-2.27%"
"20.03.2025","11.460","11.240","11.700","11.150","1.25M","2.78%"
"19.03.2025","11.150","10.730","11.350","10.450","815.10K","3.53%"
"18.03.2025","10.770","10.890","11.060","10.650","836.37K","0.84%"
"17.03.2025","10.680","10.080","10.790","10.010","1.33M","8.54%"
"14.03.2025","9.840","9.700","9.870","9.500","699.34K","4.02%"
"13.03.2025","9.460","9.330","9.630","8.990","619.67K","2.60%"
"12.03.2025","9.220","9.360","9.580","9.070","684.83K","0.33%"
"11.03.2025","9.190","8.500","9.270","8.300","876.97K","12.21%"
"10.03.2025","8.190","8.540","8.650","8.060","869.72K","-7.56%"
"07.03.2025","8.860","8.760","9.060","8.580","587.46K","0.68%"
"06.03.2025","8.800","8.920","9.307","8.760","563.82K","-4.35%"
"05.03.2025","9.200","8.510","9.200","8.510","769.42K","8.11%"
"04.03.2025","8.510","8.420","8.650","8.338","652.99K","-0.41%"
"03.03.2025","8.545","8.830","9.110","8.410","838.13K","-0.41%"
"28.02.2025","8.580","8.200","8.620","8.165","1.26M","3.87%"
"27.02.2025","8.260","8.380","8.600","8.260","516.01K","-3.17%"
"26.02.2025","8.530","8.200","8.730","8.100","795.53K","4.47%"
"25.02.2025","8.165","8.040","8.320","7.840","831.69K","1.68%"
"24.02.2025","8.030","8.330","8.530","7.810","1.37M","-3.83%"
"21.02.2025","8.350","8.970","9.000","8.190","2.20M","-9.53%"
"20.02.2025","9.230","9.270","9.403","8.800","850.72K","-0.75%"
"19.02.2025","9.300","9.640","9.890","9.178","939.18K","-4.32%"
"18.02.2025","9.720","9.600","9.895","9.360","1.93M","4.63%"
"14.02.2025","9.290","12.000","12.100","9.190","3.52M","-22.39%"
"13.02.2025","11.970","12.050","12.190","11.650","570.08K","-0.33%"
"12.02.2025","12.010","11.760","12.235","11.710","402.72K","1.01%"
"11.02.2025","11.890","12.010","12.100","11.860","369.12K","-2.70%"
"10.02.2025","12.220","12.360","12.640","12.070","500.41K","1.33%"
"07.02.2025","12.060","12.190","12.480","11.980","528.56K","-0.74%"
"06.02.2025","12.150","12.080","12.250","11.890","430.27K","-0.74%"
"05.02.2025","12.240","12.550","12.910","12.100","727.96K","-1.84%"
"04.02.2025","12.470","11.910","12.660","11.610","1.14M","5.86%"
"03.02.2025","11.780","11.780","12.203","11.562","717.82K","-0.17%"
"31.01.2025","11.800","11.920","12.135","11.570","576.57K","-0.34%"
"30.01.2025","11.840","11.520","12.230","11.520","609.11K","3.68%"
"29.01.2025","11.420","11.390","11.560","11.160","291.93K","0.35%"
"28.01.2025","11.380","11.570","11.776","11.140","544.49K","-0.52%"
"27.01.2025","11.440","12.350","12.350","11.380","1.04M","-9.42%"
"24.01.2025","12.630","12.450","13.040","12.365","800.74K","2.27%"
"23.01.2025","12.350","12.120","12.400","11.930","585.39K","0.82%"
"22.01.2025","12.250","12.440","12.680","12.040","533.70K","0.16%"
"21.01.2025","12.230","11.830","12.350","11.700","645.44K","2.69%"
"17.01.2025","11.910","11.720","12.090","11.320","772.16K","1.71%"
"16.01.2025","11.710","11.560","11.870","11.380","756.82K","2.72%"
"15.01.2025","11.400","11.600","11.760","11.130","543.09K","-0.44%"
"14.01.2025","11.450","11.010","11.585","10.930","633.53K","4.09%"
"13.01.2025","11.000","11.830","11.990","10.875","1.08M","-9.09%"
"10.01.2025","12.100","12.510","12.600","11.580","1.10M","-3.28%"
"08.01.2025","12.510","12.510","12.615","11.895","1.06M","0.00%"
"07.01.2025","12.510","13.070","13.180","11.950","1.27M","-2.04%"
"06.01.2025","12.770","12.850","13.230","12.120","2.43M","15.25%"
"03.01.2025","11.080","11.190","11.230","10.660","510.04K","0.27%"
"02.01.2025","11.050","10.810","11.440","10.810","439.12K","3.56%"
"31.12.2024","10.670","10.500","10.790","10.455","399.96K","0.85%"
"30.12.2024","10.580","11.190","11.210","10.560","691.16K","-5.54%"
"27.12.2024","11.200","11.110","11.230","10.740","583.00K","-0.09%"
"26.12.2024","11.210","11.430","11.505","10.910","644.87K","-2.27%"
"24.12.2024","11.470","10.920","11.550","10.718","609.50K","7.40%"
"23.12.2024","10.680","12.320","12.370","10.290","1.58M","-13.38%"
"20.12.2024","12.330","11.650","12.660","11.650","2.67M","4.67%"
"19.12.2024","11.780","11.810","12.145","11.510","846.85K","0.94%"
"18.12.2024","11.670","12.380","12.810","11.570","980.37K","-6.34%"
"17.12.2024","12.460","12.160","12.620","11.910","823.35K","0.56%"
"16.12.2024","12.390","12.050","12.477","11.760","822.76K","4.03%"
"13.12.2024","11.910","11.800","11.975","11.257","828.42K","0.85%"
"12.12.2024","11.810","12.660","12.660","11.780","599.86K","-7.73%"
"11.12.2024","12.800","12.330","12.960","12.220","906.16K","5.09%"
"10.12.2024","12.180","12.150","12.440","11.760","611.34K","-0.08%"
"09.12.2024","12.190","13.100","13.180","11.980","1.50M","-0.41%"
"06.12.2024","12.240","11.650","12.710","11.500","1.78M","6.34%"
"05.12.2024","11.510","11.140","11.580","10.620","1.15M","6.67%"
"04.12.2024","10.790","10.860","11.560","10.630","1.51M","1.89%"
"03.12.2024","10.590","10.005","10.890","9.570","2.12M","17.28%"
"02.12.2024","9.030","9.510","9.573","8.800","608.34K","-5.25%"
"29.11.2024","9.530","9.780","9.960","9.510","240.80K","-2.31%"
"27.11.2024","9.755","9.540","9.770","9.460","400.25K","3.67%"
"26.11.2024","9.410","9.350","9.500","9.307","277.43K","0.53%"
"25.11.2024","9.360","9.640","9.660","9.320","554.01K","-5.26%"
"22.11.2024","9.880","9.850","9.970","9.700","389.45K","0.82%"
"21.11.2024","9.800","9.700","9.900","9.540","442.18K","1.77%"
"20.11.2024","9.630","9.830","9.920","9.463","342.91K","-2.53%"
"19.11.2024","9.880","9.700","9.910","9.512","587.86K","3.24%"
"18.11.2024","9.570","10.000","10.120","9.353","1.47M","-9.72%"
"15.11.2024","10.600","9.430","10.750","9.210","924.39K","16.48%"
"14.11.2024","9.100","8.860","9.220","8.670","268.85K","2.71%"
"13.11.2024","8.860","9.070","9.640","8.820","594.45K","-1.39%"
"12.11.2024","8.985","8.750","9.080","8.600","308.67K","1.30%"
"11.11.2024","8.870","9.180","9.240","8.710","465.64K","-6.34%"
"08.11.2024","9.470","10.400","10.430","9.410","620.34K","-9.38%"
"07.11.2024","10.450","10.170","10.580","9.760","439.99K","3.88%"
"06.11.2024","10.060","9.380","10.100","8.880","581.22K","4.14%"
"05.11.2024","9.660","9.910","10.000","9.600","185.46K","-1.13%"
"04.11.2024","9.770","9.890","10.020","9.690","209.27K","-1.26%"
"01.11.2024","9.895","10.310","10.400","9.740","269.52K","-3.23%"
"31.10.2024","10.225","10.170","10.300","9.785","329.24K","0.15%"
"30.10.2024","10.210","10.380","10.380","10.075","202.00K","-1.64%"
"29.10.2024","10.380","9.860","10.390","9.860","282.85K","6.13%"
"28.10.2024","9.780","9.580","9.850","9.580","165.98K","1.72%"
"25.10.2024","9.615","9.890","9.890","9.510","250.17K","-2.88%"
"24.10.2024","9.900","10.250","10.285","9.670","331.27K","-2.56%"
"23.10.2024","10.160","10.690","10.720","10.018","303.47K","-4.96%"
"22.10.2024","10.690","10.500","10.710","10.330","307.62K","2.99%"
"21.10.2024","10.380","10.190","10.680","10.150","351.03K","2.47%"
"18.10.2024","10.130","9.900","10.450","9.900","442.93K","3.05%"
"17.10.2024","9.830","9.900","9.970","9.500","160.07K","0.10%"
"16.10.2024","9.820","9.560","10.050","9.560","311.31K","1.34%"
"15.10.2024","9.690","9.310","9.740","9.190","314.71K","4.19%"
"14.10.2024","9.300","9.490","9.510","9.145","152.68K","-2.00%"
"11.10.2024","9.490","9.360","9.720","9.270","271.50K","1.44%"
"10.10.2024","9.355","8.950","9.400","8.810","363.91K","4.41%"
"09.10.2024","8.960","8.810","8.970","8.590","202.00K","0.79%"
"08.10.2024","8.890","8.990","9.140","8.671","271.39K","-2.09%"
"07.10.2024","9.080","9.280","9.360","9.000","262.82K","-0.38%"
"04.10.2024","9.115","9.200","9.610","9.010","247.62K","-0.27%"
"03.10.2024","9.140","9.010","9.210","8.825","328.90K","-0.22%"
"02.10.2024","9.160","9.180","9.470","9.070","254.53K","-1.08%"
"01.10.2024","9.260","9.610","10.030","9.150","446.12K","-0.96%"
"30.09.2024","9.350","9.390","9.540","9.200","335.22K","-1.89%"
"27.09.2024","9.530","10.090","10.150","9.450","675.24K","-6.02%"
"26.09.2024","10.140","9.200","10.190","9.100","1.76M","11.98%"
"25.09.2024","9.055","8.800","9.310","8.730","2.24M","3.25%"
"24.09.2024","8.770","8.560","8.875","8.520","408.30K","1.27%"
"23.09.2024","8.660","8.740","8.750","8.400","320.46K","-1.14%"
"20.09.2024","8.760","8.650","8.830","8.570","467.55K","1.86%"
"19.09.2024","8.600","8.840","8.840","8.440","268.07K","0.35%"
"18.09.2024","8.570","8.880","9.080","8.520","379.36K","-3.55%"
"17.09.2024","8.885","9.000","9.310","8.820","486.02K","-0.84%"
"16.09.2024","8.960","9.210","9.479","8.840","572.99K","-0.44%"
"13.09.2024","9.000","8.820","9.050","8.790","797.14K","3.33%"
"12.09.2024","8.710","8.700","9.090","8.650","401.37K","1.99%"
"11.09.2024","8.540","8.310","8.635","8.180","156.54K","2.77%"
"10.09.2024","8.310","8.650","8.680","8.230","281.37K","-3.60%"
"09.09.2024","8.620","8.580","8.840","8.520","298.24K","1.06%"
"06.09.2024","8.530","9.300","9.500","8.400","606.20K","-5.43%"
"05.09.2024","9.020","8.900","9.700","8.700","1.47M","11.50%"
"04.09.2024","8.090","7.780","8.170","7.610","192.78K","2.93%"
"03.09.2024","7.860","8.770","8.770","7.810","359.33K","-11.69%"
"30.08.2024","8.900","8.770","9.030","8.600","142.33K","1.48%"
"29.08.2024","8.770","8.390","8.810","8.280","234.18K","4.65%"
"28.08.2024","8.380","8.690","8.710","8.280","253.90K","-4.12%"
"27.08.2024","8.740","9.000","9.020","8.580","184.86K","-2.46%"
"26.08.2024","8.960","8.930","9.100","8.790","291.03K","1.93%"
"23.08.2024","8.790","8.850","9.010","8.700","212.72K","1.74%"
"22.08.2024","8.640","8.770","8.800","8.420","279.43K","-1.59%"
"21.08.2024","8.780","9.100","9.190","8.480","399.93K","-3.20%"
"20.08.2024","9.070","9.220","9.280","8.920","474.33K","0.67%"
"19.08.2024","9.010","8.400","9.040","8.320","747.70K","8.23%"
"16.08.2024","8.325","8.450","8.590","8.010","536.81K","1.65%"
"15.08.2024","8.190","6.770","8.340","6.700","1.37M","23.72%"
"14.08.2024","6.620","6.580","6.690","6.000","2.01M","0.61%"
"13.08.2024","6.580","6.340","6.750","6.300","154.36K","4.28%"
"12.08.2024","6.310","5.870","6.360","5.870","161.47K","8.79%"
"09.08.2024","5.800","5.800","5.915","5.710","114.82K","-0.43%"
"08.08.2024","5.825","5.620","5.969","5.570","76.62K","4.58%"
"07.08.2024","5.570","5.840","5.880","5.530","148.35K","-2.79%"
"06.08.2024","5.730","5.600","5.948","5.480","149.80K","2.69%"
"05.08.2024","5.580","5.460","5.710","5.250","364.16K","-4.78%"
"02.08.2024","5.860","6.070","6.300","5.832","143.29K","-6.98%"
"01.08.2024","6.300","6.700","6.740","6.200","162.74K","-7.22%"
"31.07.2024","6.790","6.550","6.900","6.550","133.75K","4.30%"
"30.07.2024","6.510","6.560","6.560","6.230","117.45K","0.93%"
"29.07.2024","6.450","6.710","6.760","6.300","190.05K","-3.87%"
"26.07.2024","6.710","6.510","6.720","6.480","88.25K","5.67%"
"25.07.2024","6.350","6.560","6.610","6.350","135.32K","-3.93%"
"24.07.2024","6.610","6.740","6.990","6.580","123.80K","-1.93%"
"23.07.2024","6.740","6.600","6.740","6.452","109.04K","2.90%"
"22.07.2024","6.550","6.380","6.590","6.200","94.75K","2.18%"
"19.07.2024","6.410","6.670","6.950","6.410","152.91K","-4.61%"
"18.07.2024","6.720","6.540","6.920","6.500","165.50K","1.82%"
"17.07.2024","6.600","6.890","6.970","6.510","232.49K","-4.28%"
"16.07.2024","6.895","6.610","6.920","6.540","297.05K","6.08%"
"15.07.2024","6.500","5.870","6.500","5.800","269.07K","11.88%"
"12.07.2024","5.810","5.780","6.060","5.750","260.61K","0.00%"
"11.07.2024","5.810","5.470","5.840","5.345","201.15K","8.19%"
"10.07.2024","5.370","5.280","5.370","5.190","101.20K","2.68%"
"09.07.2024","5.230","5.360","5.487","5.220","53.12K","-2.06%"
"08.07.2024","5.340","5.360","5.440","5.300","123.28K","-0.65%"
"05.07.2024","5.375","5.370","5.560","5.230","124.71K","1.99%"
"03.07.2024","5.270","5.280","5.480","5.250","67.24K","1.35%"
"02.07.2024","5.200","5.120","5.410","5.120","135.39K","1.76%"
"01.07.2024","5.110","5.160","5.277","5.088","140.03K","-1.73%"
"28.06.2024","5.200","5.140","5.280","5.010","674.60K","2.97%"
"27.06.2024","5.050","5.250","5.360","5.020","225.42K","-4.81%"
"26.06.2024","5.305","5.500","5.500","5.020","314.09K","-4.76%"
"25.06.2024","5.570","6.460","6.460","5.570","341.52K","-12.97%"
"24.06.2024","6.400","6.550","6.750","6.380","148.95K","-2.59%"
"21.06.2024","6.570","6.810","6.810","6.500","236.49K","-3.81%"
"20.06.2024","6.830","6.850","6.920","6.715","209.95K","-0.29%"
"18.06.2024","6.850","6.760","6.962","6.750","145.40K","1.48%"
"17.06.2024","6.750","6.670","6.830","6.630","113.27K","1.66%"
"14.06.2024","6.640","6.660","6.680","6.600","85.40K","-0.60%"
"13.06.2024","6.680","6.770","6.772","6.618","129.05K","-1.33%"
"12.06.2024","6.770","6.880","7.000","6.750","143.89K","-0.29%"
"11.06.2024","6.790","6.790","6.790","6.610","100.63K","0.00%"
"10.06.2024","6.790","6.600","6.830","6.470","197.46K","2.57%"
"07.06.2024","6.620","6.700","6.820","6.560","326.06K","-3.85%"
"06.06.2024","6.885","6.770","6.970","6.610","215.35K","1.85%"
"05.06.2024","6.760","6.770","6.874","6.625","143.38K","-0.15%"
"04.06.2024","6.770","6.850","6.850","6.510","304.47K","-1.60%"
"03.06.2024","6.880","6.910","7.130","6.699","304.57K","0.58%"
"31.05.2024","6.840","6.390","6.840","6.380","291.06K","7.89%"
"30.05.2024","6.340","6.220","6.480","6.200","152.83K","3.26%"
"29.05.2024","6.140","6.270","6.270","6.100","59.68K","-2.23%"
"28.05.2024","6.280","6.100","6.280","6.060","137.32K","4.84%"
"24.05.2024","5.990","5.850","5.990","5.850","56.71K","2.04%"
"23.05.2024","5.870","6.120","6.120","5.800","157.17K","-4.08%"
"22.05.2024","6.120","6.290","6.290","6.120","116.42K","-3.16%"
"21.05.2024","6.320","6.010","6.340","5.960","190.66K","3.95%"
"20.05.2024","6.080","5.720","6.135","5.650","138.39K","7.80%"
"17.05.2024","5.640","5.840","5.880","5.610","174.01K","-0.88%"
"16.05.2024","5.690","5.590","5.760","5.500","87.78K","1.07%"
"15.05.2024","5.630","5.660","5.760","5.430","149.01K","1.44%"
"14.05.2024","5.550","5.500","5.820","5.450","174.62K","1.65%"
"13.05.2024","5.460","5.500","5.588","5.270","109.41K","0.00%"
"10.05.2024","5.460","5.500","5.620","5.340","78.28K","0.18%"
"09.05.2024","5.450","5.300","5.470","5.282","86.61K","3.61%"
"08.05.2024","5.260","5.010","5.400","4.980","133.73K","4.99%"
"07.05.2024","5.010","5.000","5.070","4.960","144.04K","0.00%"
"06.05.2024","5.010","5.170","5.330","5.005","185.61K","-3.47%"
"03.05.2024","5.190","5.220","5.310","5.000","150.42K","1.17%"
"02.05.2024","5.130","5.220","5.270","5.090","205.03K","-2.47%"
"01.05.2024","5.260","5.470","5.522","5.230","104.67K","-3.66%"
"30.04.2024","5.460","5.520","5.610","5.390","208.58K","-3.53%"
"29.04.2024","5.660","5.790","5.844","5.540","153.84K","-2.08%"
"26.04.2024","5.780","5.810","5.945","5.720","107.05K","1.05%"
"25.04.2024","5.720","5.960","6.090","5.700","342.26K","-4.03%"
"24.04.2024","5.960","6.250","6.250","5.950","184.95K","-4.94%"
"23.04.2024","6.270","6.250","6.400","6.120","206.57K","-0.95%"
"22.04.2024","6.330","6.090","6.380","6.004","218.70K","2.76%"
"19.04.2024","6.160","6.070","6.240","5.895","142.90K","0.49%"
"18.04.2024","6.130","6.200","6.200","5.880","192.32K","-0.16%"
"17.04.2024","6.140","6.210","6.400","6.060","212.82K","-0.97%"
"16.04.2024","6.200","6.100","6.270","5.920","202.30K","0.81%"
"15.04.2024","6.150","5.850","6.200","5.680","343.60K","3.89%"
"12.04.2024","5.920","6.320","6.390","5.680","305.00K","-5.36%"
"11.04.2024","6.255","6.490","6.490","5.980","266.64K","-2.87%"
"10.04.2024","6.440","6.360","6.520","6.266","361.68K","-0.92%"
"09.04.2024","6.500","6.470","6.910","6.350","588.32K","3.34%"
"08.04.2024","6.290","5.180","6.470","5.070","1.22M","32.14%"
"05.04.2024","4.760","4.870","4.870","4.650","182.56K","-0.21%"
"04.04.2024","4.770","4.960","4.980","4.760","191.10K","-2.45%"
"03.04.2024","4.890","4.500","4.980","4.130","324.09K","8.67%"
"02.04.2024","4.500","4.520","4.550","4.330","172.82K","2.51%"
"01.04.2024","4.390","4.230","4.410","4.160","105.76K","5.53%"
"28.03.2024","4.160","4.220","4.270","4.070","226.05K","0.48%"
"27.03.2024","4.140","4.040","4.190","4.020","92.59K","2.22%"
"26.03.2024","4.050","4.180","4.240","4.030","115.80K","-1.70%"
"25.03.2024","4.120","4.160","4.240","4.100","74.05K","0.00%"
"22.03.2024","4.120","4.140","4.240","4.100","55.55K","-0.72%"
"21.03.2024","4.150","4.110","4.192","4.045","109.56K","1.97%"
"20.03.2024","4.070","3.950","4.100","3.880","96.02K","2.52%"
"19.03.2024","3.970","3.890","4.000","3.850","174.64K","0.76%"
"18.03.2024","3.940","3.980","4.090","3.782","410.02K","-1.50%"
"15.03.2024","4.000","3.940","4.180","3.880","343.16K","1.27%"
"14.03.2024","3.950","4.210","4.290","3.860","380.25K","-5.05%"
"13.03.2024","4.160","3.950","4.180","3.930","770.36K","5.85%"
"12.03.2024","3.930","3.780","3.980","3.720","436.77K","3.15%"
"11.03.2024","3.810","3.810","3.960","3.790","206.17K","0.00%"
"08.03.2024","3.810","3.950","3.950","3.700","267.11K","0.53%"
"07.03.2024","3.790","3.860","3.890","3.680","216.30K","2.99%"
"06.03.2024","3.680","3.730","3.890","3.660","174.02K","-0.54%"
"05.03.2024","3.700","3.850","3.940","3.678","239.17K","5.71%"
"04.03.2024","3.500","3.150","3.565","3.150","461.51K","14.38%"
"01.03.2024","3.060","2.960","3.060","2.887","159.83K","5.88%"
"29.02.2024","2.890","2.910","3.060","2.870","124.01K","3.58%"
"28.02.2024","2.790","2.850","2.890","2.690","160.19K","0.00%"
"27.02.2024","2.790","2.730","2.810","2.700","64.24K","1.82%"
"26.02.2024","2.740","2.750","2.770","2.700","79.91K","-0.36%"
"23.02.2024","2.750","2.860","2.860","2.740","101.46K","-2.83%"
"22.02.2024","2.830","2.880","2.880","2.810","100.02K","-2.41%"
"21.02.2024","2.900","2.920","2.950","2.880","44.89K","-1.02%"
"20.02.2024","2.930","3.000","3.000","2.850","70.32K","-2.01%"
"16.02.2024","2.990","3.010","3.030","2.880","85.53K","-0.99%"
"15.02.2024","3.020","2.880","3.020","2.880","123.29K","4.50%"
"14.02.2024","2.890","2.800","2.910","2.770","78.80K","4.33%"
"13.02.2024","2.770","2.990","3.019","2.770","84.20K","-7.36%"
"12.02.2024","2.990","2.910","3.010","2.880","145.52K","7.55%"
"09.02.2024","2.780","2.850","2.850","2.750","104.43K","-1.42%"
"08.02.2024","2.820","2.840","2.843","2.780","99.05K","-0.35%"
"07.02.2024","2.830","2.900","2.900","2.820","66.59K","-2.41%"
"06.02.2024","2.900","2.880","2.920","2.850","64.55K","0.69%"
"05.02.2024","2.880","2.980","2.980","2.840","88.27K","-1.71%"
"02.02.2024","2.930","3.010","3.010","2.900","42.19K","-1.35%"
"01.02.2024","2.970","2.860","3.010","2.853","152.85K","3.85%"
"31.01.2024","2.860","3.040","3.040","2.860","87.47K","-3.38%"
"30.01.2024","2.960","2.910","3.000","2.900","79.16K","0.00%"
"29.01.2024","2.960","3.000","3.000","2.910","64.16K","-1.33%"
"26.01.2024","3.000","3.000","3.040","2.960","86.20K","0.33%"
"25.01.2024","2.990","2.980","3.010","2.930","114.80K","0.34%"
"24.01.2024","2.980","3.100","3.100","2.970","49.74K","-1.65%"
"23.01.2024","3.030","3.020","3.060","2.960","146.05K","1.00%"
"22.01.2024","3.000","3.080","3.140","2.990","119.88K","-1.96%"
"19.01.2024","3.060","3.010","3.060","2.970","79.87K","3.03%"
"18.01.2024","2.970","2.950","3.020","2.880","73.09K","0.34%"
"17.01.2024","2.960","3.050","3.050","2.910","126.40K","-2.63%"
"16.01.2024","3.040","3.260","3.260","3.020","110.46K","-6.75%"
"12.01.2024","3.260","3.330","3.350","3.230","66.72K","-0.31%"
"11.01.2024","3.270","3.255","3.320","3.220","97.11K","-2.10%"
"10.01.2024","3.340","3.420","3.420","3.250","93.77K","-1.47%"
"09.01.2024","3.390","3.270","3.410","3.240","92.68K","1.80%"
"08.01.2024","3.330","3.370","3.380","3.200","103.24K","-2.06%"
"05.01.2024","3.400","3.240","3.436","3.230","331.55K","4.29%"
"04.01.2024","3.260","3.190","3.270","3.050","128.40K","2.84%"
"03.01.2024","3.170","3.380","3.380","3.130","157.50K","-3.35%"
"02.01.2024","3.280","3.220","3.340","3.170","150.37K","3.47%"
"29.12.2023","3.170","3.310","3.320","3.150","99.18K","-4.80%"
"28.12.2023","3.330","3.420","3.440","3.320","133.15K","-3.76%"
"27.12.2023","3.460","3.450","3.550","3.310","103.43K","-1.98%"
"26.12.2023","3.530","3.380","3.550","3.370","71.54K","4.75%"
"22.12.2023","3.370","3.390","3.430","3.331","101.15K","1.20%"
"21.12.2023","3.330","3.330","3.360","3.250","93.57K","0.91%"
"20.12.2023","3.300","3.350","3.380","3.290","128.94K","-1.35%"
"19.12.2023","3.345","3.210","3.370","3.165","147.68K","5.85%"
"18.12.2023","3.160","3.210","3.290","3.140","117.77K","-0.94%"
"15.12.2023","3.190","3.460","3.460","3.150","644.97K","-7.27%"
"14.12.2023","3.440","3.330","3.450","3.200","258.81K","6.17%"
"13.12.2023","3.240","2.970","3.260","2.930","202.09K","12.50%"
"12.12.2023","2.880","2.910","2.911","2.760","478.46K","-1.37%"
"11.12.2023","2.920","3.160","3.160","2.900","477.92K","-8.18%"
"08.12.2023","3.180","3.140","3.220","3.080","92.93K","1.27%"
"07.12.2023","3.140","3.160","3.230","3.080","82.35K","0.00%"
"06.12.2023","3.140","3.240","3.290","3.100","75.80K","-1.26%"
"05.12.2023","3.180","3.230","3.270","3.110","137.31K","-1.24%"
"04.12.2023","3.220","3.180","3.230","3.090","169.83K","0.62%"
"01.12.2023","3.200","3.319","3.319","3.150","89.42K","1.27%"
"30.11.2023","3.160","3.250","3.330","3.060","136.61K","-3.95%"
"29.11.2023","3.290","3.220","3.300","3.190","106.58K","2.81%"
"28.11.2023","3.200","3.090","3.220","3.020","148.52K","4.23%"
"27.11.2023","3.070","3.070","3.150","3.040","93.38K","-2.54%"
"24.11.2023","3.150","3.090","3.240","3.030","35.55K","1.94%"
"22.11.2023","3.090","3.240","3.263","3.070","114.70K","-4.33%"
"21.11.2023","3.230","3.200","3.290","3.200","111.15K","1.25%"
"20.11.2023","3.190","3.180","3.230","3.090","97.37K","1.92%"
"17.11.2023","3.130","3.140","3.230","3.030","158.71K","0.64%"
"16.11.2023","3.110","3.230","3.260","3.110","96.79K","-2.20%"
"15.11.2023","3.180","3.100","3.250","3.100","88.32K","-3.05%"
"14.11.2023","3.280","3.180","3.290","3.060","134.51K","4.46%"
"13.11.2023","3.140","3.270","3.325","3.130","141.11K","-4.85%"
"10.11.2023","3.300","3.310","3.440","3.250","75.31K","0.00%"
"09.11.2023","3.300","3.290","3.390","3.270","81.02K","-0.30%"
"08.11.2023","3.310","3.480","3.480","3.260","92.80K","-4.89%"
"07.11.2023","3.480","3.530","3.550","3.420","98.57K","-1.97%"
"06.11.2023","3.550","3.560","3.700","3.500","87.56K","-0.28%"
"03.11.2023","3.560","3.610","3.620","3.494","114.51K","0.85%"
"02.11.2023","3.530","3.500","3.560","3.480","72.89K","1.44%"
"01.11.2023","3.480","3.580","3.590","3.470","90.26K","-3.60%"
"31.10.2023","3.610","3.530","3.610","3.390","100.30K","4.34%"
"30.10.2023","3.460","3.620","3.680","3.310","191.34K","-3.62%"
"27.10.2023","3.590","3.600","3.620","3.523","78.02K","0.00%"
"26.10.2023","3.590","3.500","3.620","3.430","118.29K","2.57%"
"25.10.2023","3.500","3.580","3.590","3.440","71.80K","-1.96%"
"24.10.2023","3.570","3.650","3.700","3.520","154.50K","-1.92%"
"23.10.2023","3.640","3.650","3.740","3.590","125.40K","-1.09%"
"20.10.2023","3.680","3.660","3.775","3.610","132.30K","-0.54%"
"19.10.2023","3.700","3.640","3.755","3.600","77.53K","0.27%"
"18.10.2023","3.690","3.790","3.800","3.670","87.55K","-2.38%"
"17.10.2023","3.780","3.700","3.900","3.680","90.48K","2.44%"
"16.10.2023","3.690","3.740","3.820","3.680","78.22K","-1.60%"
"13.10.2023","3.750","3.740","3.780","3.620","75.46K","4.17%"
"12.10.2023","3.600","3.730","3.770","3.550","88.47K","-3.74%"
"11.10.2023","3.740","3.830","3.830","3.560","108.02K","-1.84%"
"10.10.2023","3.810","3.930","3.960","3.750","121.09K","-3.05%"
"09.10.2023","3.930","3.740","3.990","3.620","172.45K","6.50%"
"06.10.2023","3.690","3.460","3.720","3.450","122.09K","4.24%"
"05.10.2023","3.540","3.300","3.560","3.300","152.79K","10.62%"
"04.10.2023","3.200","3.110","3.257","3.080","127.41K","4.23%"
"03.10.2023","3.070","3.100","3.160","3.040","86.63K","-1.60%"
"02.10.2023","3.120","3.220","3.260","3.100","135.35K","-4.29%"
"29.09.2023","3.260","3.470","3.470","3.210","105.39K","-2.69%"
"28.09.2023","3.350","3.540","3.540","3.300","78.01K","-5.37%"
"27.09.2023","3.540","3.710","3.786","3.520","135.15K","-4.32%"
"26.09.2023","3.700","3.740","3.845","3.687","81.73K","-2.89%"
"25.09.2023","3.810","3.680","3.820","3.680","58.41K","2.42%"
"22.09.2023","3.720","3.750","3.920","3.700","98.85K","-0.53%"
"21.09.2023","3.740","3.570","3.780","3.570","77.55K","1.08%"
"20.09.2023","3.700","3.710","3.771","3.650","171.86K","-0.27%"
"19.09.2023","3.710","3.790","3.800","3.665","136.52K","-1.85%"
"18.09.2023","3.780","3.780","3.960","3.700","139.36K","-0.26%"
"15.09.2023","3.790","3.580","3.890","3.480","453.64K","6.16%"
"14.09.2023","3.570","3.460","3.580","3.406","87.46K","3.18%"
"13.09.2023","3.460","3.500","3.500","3.390","100.86K","0.00%"
"12.09.2023","3.460","3.410","3.500","3.390","80.60K","0.58%"
"11.09.2023","3.440","3.270","3.470","3.260","191.19K","5.20%"
"08.09.2023","3.270","3.300","3.380","3.220","79.83K","-0.61%"
"07.09.2023","3.290","3.340","3.340","3.180","79.86K","0.30%"
"06.09.2023","3.280","3.210","3.330","3.210","78.02K","2.18%"
"05.09.2023","3.210","3.270","3.270","3.110","98.04K","-1.83%"
"01.09.2023","3.270","3.340","3.370","3.245","78.02K","-1.21%"
"31.08.2023","3.310","3.440","3.470","3.220","145.31K","-4.61%"
"30.08.2023","3.470","3.600","3.669","3.420","85.30K","-3.07%"
"29.08.2023","3.580","3.570","3.778","3.550","93.85K","-1.10%"
"28.08.2023","3.620","3.500","3.660","3.420","137.59K","4.32%"
"25.08.2023","3.470","3.600","3.610","3.350","76.18K","-3.34%"
"24.08.2023","3.590","3.650","3.720","3.420","130.30K","1.70%"
"23.08.2023","3.530","3.410","3.650","3.370","174.46K","7.95%"
"22.08.2023","3.270","3.220","3.360","3.110","117.52K","7.21%"
"21.08.2023","3.050","2.710","3.100","2.710","207.53K","10.51%"
"18.08.2023","2.760","2.760","2.825","2.670","233.61K","0.91%"
"17.08.2023","2.735","2.800","2.820","2.635","305.81K","-0.91%"
"16.08.2023","2.760","2.970","3.053","2.680","401.83K","-9.80%"
"15.08.2023","3.060","3.300","3.300","3.050","171.49K","-6.42%"
"14.08.2023","3.270","3.350","3.441","3.250","132.87K","-2.39%"
"11.08.2023","3.350","3.360","3.570","3.350","88.97K","-0.59%"
"10.08.2023","3.370","3.370","3.430","3.350","132.30K","-0.30%"
"09.08.2023","3.380","3.540","3.540","3.360","97.48K","-4.52%"
"08.08.2023","3.540","3.540","3.570","3.490","74.16K","0.00%"
"07.08.2023","3.540","3.500","3.600","3.420","86.45K","0.28%"
"04.08.2023","3.530","3.650","3.660","3.510","82.60K","-1.67%"
"03.08.2023","3.590","3.750","3.810","3.550","111.38K","-5.28%"
"02.08.2023","3.790","3.670","3.900","3.670","101.51K","-1.04%"
"01.08.2023","3.830","3.780","3.880","3.660","67.30K","1.32%"
"31.07.2023","3.780","3.710","3.800","3.670","78.59K","1.89%"
"28.07.2023","3.710","3.730","3.830","3.640","166.43K","-0.13%"
"27.07.2023","3.715","3.680","3.760","3.600","100.46K","0.95%"
"26.07.2023","3.680","3.620","3.690","3.510","190.33K","1.66%"
"25.07.2023","3.620","3.480","3.640","3.480","96.71K","2.55%"
"24.07.2023","3.530","3.670","3.690","3.410","267.84K","-4.85%"
"21.07.2023","3.710","3.830","3.850","3.680","89.04K","-2.62%"
"20.07.2023","3.810","3.740","3.840","3.670","109.39K","1.87%"
"19.07.2023","3.740","3.860","3.913","3.710","100.54K","-3.36%"
"18.07.2023","3.870","3.760","3.950","3.760","145.80K","2.93%"
"17.07.2023","3.760","3.630","3.760","3.580","53.07K","3.30%"
"14.07.2023","3.640","3.710","3.728","3.590","85.34K","-1.62%"
"13.07.2023","3.700","3.680","3.860","3.670","61.39K","-1.07%"
"12.07.2023","3.740","3.670","3.800","3.650","141.45K","4.47%"
"11.07.2023","3.580","3.540","3.610","3.480","78.46K","0.85%"
"10.07.2023","3.550","3.330","3.590","3.310","121.57K","5.03%"
"07.07.2023","3.380","3.510","3.622","3.360","138.75K","-3.70%"
"06.07.2023","3.510","3.600","3.610","3.420","104.47K","-2.23%"
"05.07.2023","3.590","3.600","3.690","3.460","121.09K","0.00%"
"03.07.2023","3.590","3.670","3.737","3.520","49.85K","-2.18%"
"30.06.2023","3.670","3.550","3.760","3.550","194.74K","3.67%"
"29.06.2023","3.540","3.420","3.560","3.350","178.23K","2.61%"
"28.06.2023","3.450","3.480","3.720","3.380","266.47K","-6.25%"
"27.06.2023","3.680","3.570","3.740","3.560","120.12K","3.08%"
"26.06.2023","3.570","3.630","3.750","3.480","329.67K","-0.83%"
"23.06.2023","3.600","3.900","4.070","3.600","4.43M","-8.63%"
"22.06.2023","3.940","3.900","4.040","3.862","197.18K","1.03%"
"21.06.2023","3.900","3.690","3.970","3.690","403.04K","2.36%"
"20.06.2023","3.810","4.010","4.010","3.640","315.16K","-5.69%"
"16.06.2023","4.040","4.080","4.320","4.040","154.92K","-3.12%"
"15.06.2023","4.170","4.200","4.327","4.090","113.40K","-1.65%"
"14.06.2023","4.240","4.320","4.510","4.220","104.87K","-2.08%"
"13.06.2023","4.330","4.490","4.690","4.300","126.08K","-4.42%"
"12.06.2023","4.530","4.500","4.580","4.440","66.15K","0.44%"
"09.06.2023","4.510","4.610","4.660","4.440","78.70K","-2.38%"
"08.06.2023","4.620","4.750","4.890","4.620","91.23K","-1.49%"
"07.06.2023","4.690","4.830","4.930","4.650","55.67K","-1.26%"
"06.06.2023","4.750","4.700","4.930","4.660","91.38K","0.21%"
"05.06.2023","4.740","4.700","4.810","4.690","56.48K","-1.86%"
"02.06.2023","4.830","4.880","5.010","4.710","163.58K","-0.41%"
"01.06.2023","4.850","4.570","4.910","4.570","112.61K","6.13%"
"31.05.2023","4.570","4.370","4.740","4.370","102.31K","4.82%"
"30.05.2023","4.360","4.320","4.460","4.206","90.53K","0.93%"
"26.05.2023","4.320","4.470","4.510","4.240","103.47K","-3.14%"
"25.05.2023","4.460","4.940","4.940","4.430","141.28K","-8.42%"
"24.05.2023","4.870","5.000","5.060","4.790","76.73K","-2.60%"
"23.05.2023","5.000","4.900","5.060","4.840","155.05K","3.31%"
"22.05.2023","4.840","4.790","4.920","4.580","82.74K","1.04%"
"19.05.2023","4.790","4.680","5.005","4.640","194.12K","1.05%"
"18.05.2023","4.740","4.970","4.970","4.635","269.62K","-5.77%"
"17.05.2023","5.030","5.010","5.060","4.940","193.06K","1.00%"
"16.05.2023","4.980","5.110","5.110","4.870","144.22K","-1.97%"
"15.05.2023","5.080","4.940","5.320","4.940","97.35K","-0.39%"
"12.05.2023","5.100","5.120","5.230","4.980","67.34K","-0.39%"
"11.05.2023","5.120","5.240","5.400","5.070","81.16K","-1.92%"
"10.05.2023","5.220","5.240","5.320","5.060","62.01K","-1.14%"
"09.05.2023","5.280","5.370","5.370","5.050","95.82K","-0.56%"
"08.05.2023","5.310","5.230","5.490","5.170","122.60K","0.00%"
"05.05.2023","5.310","5.000","5.460","4.980","133.24K","2.71%"
"04.05.2023","5.170","5.010","5.180","5.000","357.88K","4.23%"
"03.05.2023","4.960","4.930","5.020","4.790","121.00K","3.33%"
"02.05.2023","4.800","4.790","4.870","4.630","100.96K","0.00%"
"01.05.2023","4.800","4.930","4.930","4.710","73.47K","-0.21%"
"28.04.2023","4.810","4.520","4.850","4.520","148.20K","5.71%"
"27.04.2023","4.550","4.445","4.630","4.410","71.72K","2.48%"
"26.04.2023","4.440","4.280","4.460","4.280","76.10K","0.68%"
"25.04.2023","4.410","4.410","4.480","4.150","172.51K","0.00%"
"24.04.2023","4.410","4.530","4.549","4.360","128.65K","-4.55%"
"21.04.2023","4.620","4.590","4.640","4.360","144.22K","0.00%"
"20.04.2023","4.620","4.640","4.720","4.620","63.10K","0.00%"
"19.04.2023","4.620","4.600","4.730","4.515","77.17K","-1.70%"
"18.04.2023","4.700","4.590","4.830","4.562","92.85K","1.95%"
"17.04.2023","4.610","4.820","4.825","4.510","250.96K","-2.33%"
"14.04.2023","4.720","5.170","5.170","4.510","311.76K","-8.70%"
"13.04.2023","5.170","5.140","5.200","5.030","144.54K","1.37%"
"12.04.2023","5.100","5.010","5.160","4.840","135.63K","3.03%"
"11.04.2023","4.950","4.990","5.020","4.790","192.94K","1.02%"
"10.04.2023","4.900","4.870","4.930","4.760","191.07K","1.24%"
"06.04.2023","4.840","4.700","4.880","4.600","114.02K","2.11%"
"05.04.2023","4.740","4.750","4.800","4.600","144.63K","-0.21%"
"04.04.2023","4.750","4.750","4.770","4.640","141.00K","1.06%"
"03.04.2023","4.700","4.500","4.790","4.430","153.54K","5.62%"
"31.03.2023","4.450","4.400","4.480","4.250","116.24K","0.45%"
"30.03.2023","4.430","4.400","4.500","4.340","142.79K","1.37%"
"29.03.2023","4.370","4.240","4.400","4.140","177.54K","4.30%"
"28.03.2023","4.190","3.790","4.200","3.740","199.57K","10.85%"
"27.03.2023","3.780","3.510","3.780","3.510","127.17K","5.29%"
"24.03.2023","3.590","3.550","3.610","3.540","57.14K","0.84%"
"23.03.2023","3.560","3.530","3.590","3.420","72.13K","2.59%"
"22.03.2023","3.470","3.300","3.520","3.270","60.90K","4.52%"
"21.03.2023","3.320","3.460","3.580","3.220","174.86K","-4.05%"
"20.03.2023","3.460","3.420","3.540","3.320","107.13K","1.76%"
"17.03.2023","3.400","3.250","3.510","3.160","221.49K","-0.58%"
"16.03.2023","3.420","3.570","3.610","3.400","66.43K","-4.20%"
"15.03.2023","3.570","3.450","3.700","3.420","88.01K","2.29%"
"14.03.2023","3.490","3.610","3.620","3.280","162.18K","-2.79%"
"13.03.2023","3.590","3.830","3.830","3.500","40.12K","0.56%"
"10.03.2023","3.570","3.360","3.650","3.360","189.66K","-0.56%"
"09.03.2023","3.590","3.630","3.661","3.570","74.95K","-1.10%"
"08.03.2023","3.630","3.630","3.660","3.540","64.93K","1.68%"
"07.03.2023","3.570","3.550","3.620","3.466","50.34K","0.28%"
"06.03.2023","3.560","3.640","3.650","3.450","51.22K","-2.20%"
"03.03.2023","3.640","3.540","3.670","3.510","176.14K","1.96%"
"02.03.2023","3.570","3.420","3.590","3.420","74.42K","0.28%"
"01.03.2023","3.560","3.520","3.630","3.500","69.15K","-0.28%"
"28.02.2023","3.570","3.290","3.580","3.250","115.75K","9.85%"
"27.02.2023","3.250","3.160","3.430","3.160","66.28K","1.88%"
"24.02.2023","3.190","3.210","3.290","3.160","53.43K","-1.85%"
"23.02.2023","3.250","3.400","3.400","3.190","41.05K","2.20%"
"22.02.2023","3.180","3.150","3.200","3.120","44.71K","0.00%"
"21.02.2023","3.180","3.320","3.320","3.180","49.31K","-3.34%"
"17.02.2023","3.290","3.310","3.360","3.250","60.85K","-1.20%"
"16.02.2023","3.330","3.170","3.450","3.100","87.56K","6.05%"
"15.02.2023","3.140","3.150","3.210","3.100","69.24K","-3.09%"
"14.02.2023","3.240","3.310","3.370","3.180","114.69K","-2.99%"
"13.02.2023","3.340","3.420","3.434","3.310","42.83K","-2.34%"
"10.02.2023","3.420","3.550","3.600","3.380","100.19K","-3.39%"
"09.02.2023","3.540","3.650","3.650","3.530","67.25K","-0.84%"
"08.02.2023","3.570","3.600","3.620","3.502","50.72K","-0.83%"
"07.02.2023","3.600","3.550","3.625","3.441","100.84K","1.98%"
"06.02.2023","3.530","3.530","3.530","3.320","125.35K","1.15%"
"03.02.2023","3.490","3.530","3.560","3.460","138.10K","-3.06%"
"02.02.2023","3.600","3.580","3.670","3.480","182.58K","0.56%"
"01.02.2023","3.580","3.530","3.608","3.460","105.98K","0.56%"
"31.01.2023","3.560","3.510","3.580","3.422","130.13K","2.30%"
"30.01.2023","3.480","3.550","3.570","3.450","74.35K","-2.25%"
"27.01.2023","3.560","3.630","3.640","3.500","50.38K","-3.26%"
"26.01.2023","3.680","3.740","3.750","3.550","70.99K","1.10%"
"25.01.2023","3.640","3.600","3.650","3.420","230.09K","-0.27%"
"24.01.2023","3.650","3.770","3.820","3.565","89.08K","-1.62%"
"23.01.2023","3.710","3.700","3.780","3.660","110.81K","-1.07%"
"20.01.2023","3.750","3.560","3.770","3.509","165.20K","5.63%"
"19.01.2023","3.550","3.500","3.600","3.305","81.31K","0.28%"
"18.01.2023","3.540","3.500","3.600","3.500","137.97K","2.02%"
"17.01.2023","3.470","3.450","3.490","3.340","151.11K","2.97%"
"13.01.2023","3.370","2.910","3.380","2.860","203.90K","10.49%"
"12.01.2023","3.050","2.990","3.080","2.910","118.14K","4.81%"
"11.01.2023","2.910","2.950","2.980","2.820","110.86K","-0.34%"
"10.01.2023","2.920","2.850","2.940","2.840","111.60K","1.39%"
"09.01.2023","2.880","2.890","2.946","2.840","98.01K","0.70%"
"06.01.2023","2.860","2.840","2.920","2.775","112.39K","1.42%"
"05.01.2023","2.820","2.820","2.915","2.740","57.94K","0.71%"
"04.01.2023","2.800","2.510","2.810","2.510","87.10K","12.90%"
"03.01.2023","2.480","2.910","2.950","2.430","190.44K","-15.07%"
"30.12.2022","2.920","2.860","2.930","2.820","80.24K","2.10%"
"29.12.2022","2.860","2.820","2.910","2.750","58.84K","0.70%"
"28.12.2022","2.840","2.940","2.982","2.770","99.01K","-3.40%"
"27.12.2022","2.940","2.900","2.960","2.800","169.05K","5.00%"
"23.12.2022","2.800","2.850","2.850","2.750","142.23K","0.00%"
"22.12.2022","2.800","2.780","2.800","2.640","103.76K","0.00%"
"21.12.2022","2.800","2.580","2.850","2.530","406.66K","10.67%"
"20.12.2022","2.530","2.250","2.530","2.250","173.31K","13.45%"
"19.12.2022","2.230","1.990","2.240","1.970","280.75K","18.62%"
"16.12.2022","1.880","1.900","1.900","1.830","101.44K","-1.05%"
"15.12.2022","1.900","1.950","1.950","1.880","35.16K","1.06%"
"14.12.2022","1.880","1.970","2.077","1.880","138.93K","-6.00%"
"13.12.2022","2.000","1.950","2.020","1.940","109.46K","8.70%"
"12.12.2022","1.840","2.000","2.010","1.840","168.27K","-0.54%"
"09.12.2022","1.850","2.070","2.100","1.845","188.99K","-11.06%"
"08.12.2022","2.080","2.132","2.132","2.020","66.97K","-2.35%"
"07.12.2022","2.130","2.130","2.210","2.100","67.83K","0.95%"
"06.12.2022","2.110","2.270","2.270","2.110","54.20K","-5.80%"
"05.12.2022","2.240","2.290","2.313","2.120","99.39K","-3.45%"
"02.12.2022","2.320","2.190","2.340","2.150","61.98K","3.11%"
"01.12.2022","2.250","2.150","2.300","2.150","73.36K","7.14%"
"30.11.2022","2.100","2.060","2.140","2.060","44.40K","2.44%"
"29.11.2022","2.050","2.120","2.170","2.010","80.88K","-2.84%"
"28.11.2022","2.110","2.170","2.200","2.110","34.19K","-2.76%"
"25.11.2022","2.170","2.210","2.245","2.160","23.58K","-1.81%"
"23.11.2022","2.210","2.230","2.290","2.200","25.41K","-1.78%"
"22.11.2022","2.250","2.160","2.320","2.150","72.88K","4.65%"
"21.11.2022","2.150","2.250","2.250","2.099","71.82K","-1.38%"
"18.11.2022","2.180","2.260","2.290","2.160","114.31K","-3.96%"
"17.11.2022","2.270","2.380","2.388","2.260","81.15K","-4.62%"
"16.11.2022","2.380","2.380","2.460","2.340","21.40K","0.00%"
"15.11.2022","2.380","2.400","2.440","2.358","63.79K","-2.06%"
"14.11.2022","2.430","2.600","2.611","2.350","81.52K","-6.90%"
"11.11.2022","2.610","2.420","2.650","2.390","103.25K","8.75%"
"10.11.2022","2.400","2.300","2.430","2.300","149.49K","6.67%"
"09.11.2022","2.250","2.350","2.430","2.143","182.60K","-4.26%"
"08.11.2022","2.350","2.450","2.450","2.220","168.98K","-3.69%"
"07.11.2022","2.440","2.350","2.450","2.350","56.38K","3.83%"
"04.11.2022","2.350","2.110","2.370","2.106","179.95K","14.63%"
"03.11.2022","2.050","2.140","2.170","2.030","50.06K","-4.21%"
"02.11.2022","2.140","2.280","2.330","2.140","102.37K","-7.36%"
"01.11.2022","2.310","2.480","2.480","2.270","62.89K","-1.70%"
"31.10.2022","2.350","2.280","2.420","2.200","187.73K","11.90%"
"28.10.2022","2.100","1.840","2.100","1.820","272.35K","17.98%"
"27.10.2022","1.780","1.800","1.800","1.770","14.79K","0.56%"
"26.10.2022","1.770","1.770","1.800","1.750","51.88K","0.00%"
"25.10.2022","1.770","1.740","1.780","1.740","67.29K","2.02%"
"24.10.2022","1.735","1.750","1.768","1.720","41.61K","0.29%"
"21.10.2022","1.730","1.690","1.800","1.690","70.18K","1.76%"
"20.10.2022","1.700","1.700","1.790","1.700","131.34K","-0.58%"
"19.10.2022","1.710","1.780","1.840","1.700","113.63K","-5.26%"
"18.10.2022","1.805","1.740","1.820","1.740","31.47K","3.74%"
"17.10.2022","1.740","1.810","1.825","1.730","81.71K","-0.57%"
"14.10.2022","1.750","1.830","1.845","1.750","35.41K","-5.41%"
"13.10.2022","1.850","1.930","1.930","1.840","22.87K","-2.97%"
"12.10.2022","1.907","1.890","1.930","1.820","39.47K","1.42%"
"11.10.2022","1.880","1.790","2.015","1.780","160.91K","3.87%"
"10.10.2022","1.810","2.080","2.100","1.810","78.91K","-6.70%"
"07.10.2022","1.940","2.120","2.120","1.940","59.41K","-9.35%"
"06.10.2022","2.140","2.150","2.170","2.125","98.39K","-1.38%"
"05.10.2022","2.170","2.230","2.230","2.140","24.71K","-2.25%"
"04.10.2022","2.220","2.030","2.250","2.030","64.87K","8.29%"
"03.10.2022","2.050","2.030","2.060","2.000","50.22K","1.49%"
"30.09.2022","2.020","2.040","2.046","1.940","85.28K","2.02%"
"29.09.2022","1.980","2.260","2.260","1.940","27.07K","-1.00%"
"28.09.2022","2.000","1.930","2.010","1.920","52.39K","3.63%"
"27.09.2022","1.930","1.890","2.010","1.890","86.24K","0.52%"
"26.09.2022","1.920","2.040","2.078","1.900","133.03K","-5.88%"
"23.09.2022","2.040","2.200","2.239","2.040","58.16K","-9.33%"
"22.09.2022","2.250","2.450","2.450","2.200","70.92K","-3.85%"
"21.09.2022","2.340","2.440","2.440","2.300","112.88K","-2.50%"
"20.09.2022","2.400","2.430","2.477","2.350","87.05K","-2.04%"
"19.09.2022","2.450","2.500","2.540","2.400","65.08K","-2.00%"
"16.09.2022","2.500","2.590","2.590","2.458","64.11K","0.40%"
"15.09.2022","2.490","2.580","2.630","2.460","71.16K","-2.35%"
"14.09.2022","2.550","2.680","2.710","2.520","52.48K","-4.49%"
"13.09.2022","2.670","2.700","2.760","2.630","38.45K","-2.55%"
"12.09.2022","2.740","2.800","2.870","2.740","47.46K","-1.79%"
"09.09.2022","2.790","2.790","2.885","2.760","64.56K","0.36%"
"08.09.2022","2.780","2.740","2.814","2.710","45.20K","1.83%"
"07.09.2022","2.730","2.650","2.740","2.610","71.42K","4.20%"
"06.09.2022","2.620","2.620","2.670","2.580","21.77K","-1.13%"
"02.09.2022","2.650","2.530","2.650","2.520","59.38K","5.58%"
"01.09.2022","2.510","2.590","2.591","2.450","19.27K","-2.71%"
"31.08.2022","2.580","2.590","2.590","2.480","20.86K","-1.53%"
"30.08.2022","2.620","2.600","2.620","2.540","51.44K","-1.13%"
"29.08.2022","2.650","2.630","2.670","2.602","38.70K","0.76%"
"26.08.2022","2.630","2.720","2.720","2.600","17.05K","0.00%"
"25.08.2022","2.630","2.650","2.698","2.630","28.95K","-1.50%"
"24.08.2022","2.670","2.600","2.730","2.600","65.35K","-1.11%"
"23.08.2022","2.700","2.640","2.700","2.610","57.28K","3.45%"
"22.08.2022","2.610","2.600","2.643","2.570","30.03K","-1.14%"
"19.08.2022","2.640","2.660","2.660","2.580","31.34K","-0.38%"
"18.08.2022","2.650","2.700","2.700","2.600","56.60K","-1.85%"
"17.08.2022","2.700","2.770","2.770","2.670","50.55K","-2.53%"
"16.08.2022","2.770","2.750","2.770","2.660","43.26K","1.47%"
"15.08.2022","2.730","2.690","2.770","2.680","55.31K","-2.15%"
"12.08.2022","2.790","2.650","2.800","2.650","110.14K","1.45%"
"11.08.2022","2.750","2.700","2.830","2.660","165.25K","2.61%"
"10.08.2022","2.680","2.590","2.690","2.570","71.89K","3.47%"
"09.08.2022","2.590","2.620","2.660","2.520","69.69K","-1.89%"
"08.08.2022","2.640","2.750","2.750","2.631","63.16K","0.38%"
"05.08.2022","2.630","2.620","2.703","2.580","136.04K","-0.38%"
"04.08.2022","2.640","2.740","2.760","2.640","70.30K","-4.00%"
"03.08.2022","2.750","2.680","2.750","2.660","73.00K","2.23%"
"02.08.2022","2.690","2.720","2.760","2.650","85.37K","-1.47%"
"01.08.2022","2.730","2.810","2.810","2.730","21.12K","-1.09%"
"29.07.2022","2.760","2.770","2.795","2.700","59.42K","1.47%"
"28.07.2022","2.720","2.770","2.780","2.710","38.69K","-0.73%"
"27.07.2022","2.740","2.710","2.740","2.630","65.04K","1.86%"
"26.07.2022","2.690","2.730","2.760","2.680","35.38K","-1.47%"
"25.07.2022","2.730","2.740","2.740","2.650","26.25K","1.11%"
"22.07.2022","2.700","2.770","2.780","2.680","53.65K","-2.53%"
"21.07.2022","2.770","2.810","2.810","2.680","62.81K","-1.42%"
"20.07.2022","2.810","2.850","2.897","2.730","44.72K","-1.40%"
"19.07.2022","2.850","2.840","2.910","2.780","111.74K","1.42%"
"18.07.2022","2.810","2.880","2.941","2.800","45.24K","-2.77%"
"15.07.2022","2.890","2.850","2.960","2.800","55.53K","3.21%"
"14.07.2022","2.800","2.800","2.890","2.740","60.85K","-1.41%"
"13.07.2022","2.840","2.660","2.840","2.590","78.67K","6.77%"
"12.07.2022","2.660","2.720","2.720","2.640","58.96K","-2.56%"
"11.07.2022","2.730","2.890","2.890","2.710","93.17K","-2.50%"
"08.07.2022","2.800","2.860","2.910","2.770","71.62K","-1.75%"
"07.07.2022","2.850","2.810","2.957","2.810","71.93K","1.79%"
"06.07.2022","2.800","3.040","3.040","2.760","138.71K","-7.89%"
"05.07.2022","3.040","3.150","3.240","3.020","97.98K","-4.40%"
"01.07.2022","3.180","3.270","3.423","3.114","44.80K","-3.93%"
"30.06.2022","3.310","3.230","3.330","3.050","218.61K","2.48%"
"29.06.2022","3.230","3.350","3.365","3.210","81.69K","-4.15%"
"28.06.2022","3.370","3.650","3.650","3.360","78.72K","-8.67%"
"27.06.2022","3.690","3.830","3.830","3.640","69.50K","-3.40%"
"24.06.2022","3.820","3.360","3.880","3.360","3.27M","12.35%"
"23.06.2022","3.400","3.390","3.490","3.320","177.92K","2.72%"
"22.06.2022","3.310","3.370","3.430","3.310","215.75K","-0.60%"
"21.06.2022","3.330","3.300","3.420","3.261","193.67K","0.30%"
"17.06.2022","3.320","3.510","3.540","3.260","232.02K","-5.41%"
"16.06.2022","3.510","3.510","3.540","3.450","262.59K","0.00%"
"15.06.2022","3.510","3.500","3.565","3.400","215.88K","1.15%"
"14.06.2022","3.470","3.420","3.510","3.400","173.61K","0.87%"
"13.06.2022","3.440","3.450","3.500","3.330","230.99K","-2.27%"
"10.06.2022","3.520","3.240","3.550","3.210","201.24K","3.83%"
"09.06.2022","3.390","3.370","3.490","3.220","146.14K","0.00%"
"08.06.2022","3.390","3.500","3.560","3.300","149.57K","-4.78%"
"07.06.2022","3.560","3.210","3.590","3.210","253.61K","8.54%"
"06.06.2022","3.280","3.540","3.540","3.180","5.77M","-7.34%"
"03.06.2022","3.540","3.400","3.590","3.330","191.50K","2.31%"
"02.06.2022","3.460","3.300","3.660","3.300","147.38K","7.45%"
"01.06.2022","3.220","3.500","3.570","3.160","119.45K","-7.47%"
"31.05.2022","3.480","3.420","3.630","3.420","72.76K","0.00%"
"27.05.2022","3.480","3.490","3.490","3.400","171.94K","0.00%"
"26.05.2022","3.480","3.410","3.540","3.380","104.40K","3.26%"
"25.05.2022","3.370","3.400","3.400","3.200","91.69K","-0.30%"
"24.05.2022","3.380","3.180","3.421","3.160","115.67K","5.96%"
"23.05.2022","3.190","3.150","3.214","3.070","89.61K","3.24%"
"20.05.2022","3.090","3.130","3.162","2.950","118.18K","-0.32%"
"19.05.2022","3.100","3.030","3.180","3.030","124.16K","3.33%"
"18.05.2022","3.000","3.130","3.140","3.000","91.18K","-3.23%"
"17.05.2022","3.100","3.080","3.150","3.000","102.13K","2.99%"
"16.05.2022","3.010","3.150","3.200","2.940","137.39K","-2.27%"
"13.05.2022","3.080","3.190","3.320","3.070","120.77K","-4.05%"
"12.05.2022","3.210","3.260","3.420","3.160","212.18K","-0.31%"
"11.05.2022","3.220","3.430","3.430","3.190","154.95K","-3.01%"
"10.05.2022","3.320","3.330","3.490","3.260","163.90K","0.61%"
"09.05.2022","3.300","3.350","3.400","3.240","165.62K","-3.79%"
"06.05.2022","3.430","3.560","3.560","3.360","79.38K","-0.58%"
"05.05.2022","3.450","3.640","3.640","3.323","158.76K","-3.90%"
"04.05.2022","3.590","3.370","3.610","3.360","151.13K","5.59%"
"03.05.2022","3.400","3.400","3.540","3.400","107.93K","-1.73%"
"02.05.2022","3.460","3.400","3.470","3.360","129.69K","-1.98%"
"29.04.2022","3.530","3.620","3.630","3.450","231.63K","-1.94%"
"28.04.2022","3.600","3.650","3.670","3.510","163.70K","-0.28%"
"27.04.2022","3.610","3.610","3.760","3.600","68.56K","-0.82%"
"26.04.2022","3.640","3.820","3.840","3.590","145.68K","-5.94%"
"25.04.2022","3.870","3.900","3.920","3.700","225.32K","-3.49%"
"22.04.2022","4.010","3.840","4.032","3.795","364.80K","4.70%"
"21.04.2022","3.830","4.000","4.040","3.790","155.86K","-3.53%"
"20.04.2022","3.970","4.120","4.120","3.880","144.16K","-3.87%"
"19.04.2022","4.130","4.240","4.277","4.111","86.79K","-1.67%"
"18.04.2022","4.200","4.610","4.720","4.190","133.52K","-8.10%"
"14.04.2022","4.570","4.400","4.610","4.330","133.86K","4.34%"
"13.04.2022","4.380","4.570","4.570","4.310","155.93K","-1.79%"
"12.04.2022","4.460","4.360","4.510","4.360","91.05K","1.13%"
"11.04.2022","4.410","4.530","4.530","4.275","124.00K","1.38%"
"08.04.2022","4.350","4.290","4.419","4.180","101.55K","3.33%"
"07.04.2022","4.210","4.230","4.320","4.150","53.61K","0.72%"
"06.04.2022","4.180","4.170","4.250","4.080","57.29K","1.46%"
"05.04.2022","4.120","4.300","4.340","4.080","143.19K","-1.90%"
"04.04.2022","4.200","4.230","4.317","4.150","55.23K","1.94%"
"01.04.2022","4.120","4.050","4.130","3.970","59.43K","0.49%"
"31.03.2022","4.100","4.130","4.245","4.050","117.55K","-1.44%"
"30.03.2022","4.160","4.380","4.415","4.140","61.38K","-5.02%"
"29.03.2022","4.380","4.150","4.410","4.050","94.32K","4.53%"
"28.03.2022","4.190","4.300","4.300","4.046","72.41K","-3.01%"
"25.03.2022","4.320","4.410","4.440","4.230","125.09K","-2.26%"
"24.03.2022","4.420","4.450","4.600","4.380","78.19K","-1.12%"
"23.03.2022","4.470","4.490","4.620","4.340","101.82K","-0.89%"
"22.03.2022","4.510","4.650","4.820","4.410","104.28K","-3.22%"
"21.03.2022","4.660","4.700","4.740","4.550","109.31K","1.53%"
"18.03.2022","4.590","4.600","4.600","4.450","222.98K","2.00%"
"17.03.2022","4.500","4.130","4.590","4.100","165.95K","11.66%"
"16.03.2022","4.030","3.940","4.050","3.800","107.75K","1.00%"
"15.03.2022","3.990","4.000","4.000","3.770","78.26K","-0.25%"
"14.03.2022","4.000","4.480","4.530","3.950","168.70K","-11.50%"
"11.03.2022","4.520","4.620","4.697","4.415","151.55K","-3.83%"
"10.03.2022","4.700","4.710","4.860","4.670","112.10K","0.00%"
"09.03.2022","4.700","4.650","4.879","4.550","186.13K","-0.42%"
"08.03.2022","4.720","4.450","4.860","4.410","323.55K","10.28%"
"07.03.2022","4.280","4.090","4.450","4.070","250.52K","6.20%"
"04.03.2022","4.030","3.740","4.040","3.740","132.24K","8.04%"
"03.03.2022","3.730","4.050","4.050","3.710","133.04K","-6.75%"
"02.03.2022","4.000","3.740","4.010","3.740","173.08K","8.11%"
"01.03.2022","3.700","3.620","3.740","3.560","118.96K","2.78%"
"28.02.2022","3.600","3.770","3.770","3.580","123.28K","0.00%"
"25.02.2022","3.600","3.400","3.640","3.310","72.18K","6.82%"
"24.02.2022","3.370","3.450","3.520","3.260","158.60K","0.90%"
"23.02.2022","3.340","3.410","3.470","3.330","100.64K","-0.60%"
"22.02.2022","3.360","3.530","3.600","3.350","108.50K","-5.08%"
"18.02.2022","3.540","3.700","3.790","3.520","78.43K","-3.28%"
"17.02.2022","3.660","3.590","3.900","3.570","240.67K","2.52%"
"16.02.2022","3.570","3.420","3.610","3.420","103.17K","4.39%"
"15.02.2022","3.420","3.426","3.460","3.330","94.10K","-2.01%"
"14.02.2022","3.490","3.620","3.625","3.380","147.03K","-1.13%"
"11.02.2022","3.530","3.360","3.590","3.360","123.51K","5.06%"
"10.02.2022","3.360","3.470","3.610","3.350","120.63K","-3.72%"
"09.02.2022","3.490","3.610","3.610","3.470","86.32K","-2.51%"
"08.02.2022","3.580","3.530","3.580","3.460","83.04K","0.56%"
"07.02.2022","3.560","3.370","3.620","3.343","86.25K","5.33%"
"04.02.2022","3.380","3.450","3.480","3.370","108.08K","-3.43%"
"03.02.2022","3.500","3.510","3.590","3.450","56.18K","-0.85%"
"02.02.2022","3.530","3.600","3.642","3.420","66.65K","-2.16%"
"01.02.2022","3.608","3.760","3.760","3.565","43.30K","-1.96%"
"31.01.2022","3.680","3.440","3.680","3.440","70.30K","6.98%"
"28.01.2022","3.440","3.390","3.470","3.280","115.25K","0.00%"
"27.01.2022","3.440","3.630","3.680","3.440","108.17K","-6.52%"
"26.01.2022","3.680","3.950","3.950","3.610","101.31K","-5.64%"
"25.01.2022","3.900","3.730","3.950","3.660","105.25K","0.54%"
"24.01.2022","3.879","3.870","3.880","3.560","160.18K","0.75%"
"21.01.2022","3.850","4.100","4.120","3.840","151.65K","-6.10%"
"20.01.2022","4.100","4.320","4.410","4.100","82.80K","-4.87%"
"19.01.2022","4.310","4.100","4.380","4.100","72.96K","4.87%"
"18.01.2022","4.110","4.100","4.200","4.100","71.61K","-1.44%"
"14.01.2022","4.170","4.250","4.260","4.000","125.22K","-1.18%"
"13.01.2022","4.220","4.320","4.320","4.195","49.06K","-1.86%"
"12.01.2022","4.300","4.480","4.480","4.268","53.74K","-1.60%"
"11.01.2022","4.370","4.240","4.370","4.125","62.81K","1.86%"
"10.01.2022","4.290","4.450","4.450","4.140","85.70K","-5.51%"
"07.01.2022","4.540","4.500","4.590","4.360","53.77K","0.89%"
"06.01.2022","4.500","4.560","4.560","4.375","67.08K","-1.10%"
"05.01.2022","4.550","4.850","4.870","4.520","84.03K","-6.57%"
"04.01.2022","4.870","4.785","4.890","4.700","81.83K","1.56%"
"03.01.2022","4.795","4.770","4.800","4.610","59.94K","0.95%"
"31.12.2021","4.750","4.260","4.760","4.260","139.17K","6.74%"
"30.12.2021","4.450","4.360","4.590","4.330","195.04K","5.20%"
"29.12.2021","4.230","4.530","4.530","4.190","145.16K","-4.51%"
"28.12.2021","4.430","4.370","4.430","4.270","71.61K","1.14%"
"27.12.2021","4.380","4.520","4.570","4.320","122.43K","-3.74%"
"23.12.2021","4.550","4.460","4.570","4.340","114.72K","2.94%"
"22.12.2021","4.420","4.250","4.420","4.210","113.61K","3.03%"
"21.12.2021","4.290","4.180","4.320","4.090","91.05K","2.63%"
"20.12.2021","4.180","4.110","4.200","3.960","116.87K","1.70%"
"17.12.2021","4.110","4.440","4.460","4.070","387.53K","-7.01%"
"16.12.2021","4.420","4.320","4.580","4.320","202.48K","4.00%"
"15.12.2021","4.250","4.300","4.330","4.080","159.62K","-1.39%"
"14.12.2021","4.310","4.590","4.620","4.270","137.64K","-7.51%"
"13.12.2021","4.660","4.690","4.720","4.530","68.64K","-0.64%"
"10.12.2021","4.690","4.840","4.850","4.660","82.85K","-2.29%"
"09.12.2021","4.800","4.730","4.820","4.680","55.83K","1.27%"
"08.12.2021","4.740","4.980","5.080","4.730","117.12K","-4.82%"
"07.12.2021","4.980","4.730","5.100","4.730","180.47K","5.06%"
"06.12.2021","4.740","4.700","4.922","4.680","116.89K","-0.21%"
"03.12.2021","4.750","5.010","5.010","4.700","89.99K","-4.23%"
"02.12.2021","4.960","5.100","5.100","4.860","62.81K","1.43%"
"01.12.2021","4.890","5.310","5.310","4.890","74.45K","-3.17%"
"30.11.2021","5.050","5.220","5.220","4.940","108.63K","-3.07%"
"29.11.2021","5.210","5.070","5.300","4.880","125.16K","6.98%"
"26.11.2021","4.870","5.120","5.120","4.820","154.86K","-8.46%"
"24.11.2021","5.320","5.060","5.330","5.050","46.13K","4.52%"
"23.11.2021","5.090","5.310","5.330","5.000","124.31K","-5.04%"
"22.11.2021","5.360","5.600","5.600","5.300","185.00K","-3.25%"
"19.11.2021","5.540","5.770","5.840","5.500","69.24K","-3.99%"
"18.11.2021","5.770","5.760","5.920","5.660","187.95K","-0.35%"
"17.11.2021","5.790","5.710","5.810","5.570","132.08K","2.30%"
"16.11.2021","5.660","5.750","5.790","5.440","144.10K","0.00%"
"15.11.2021","5.660","5.440","5.660","5.400","152.12K","5.01%"
"12.11.2021","5.390","5.160","5.420","5.050","193.16K","4.26%"
"11.11.2021","5.170","4.790","5.170","4.790","116.38K","4.66%"
"10.11.2021","4.940","4.970","5.120","4.930","215.98K","1.44%"
"09.11.2021","4.870","4.690","4.880","4.650","93.45K","2.10%"
"08.11.2021","4.770","4.760","4.790","4.680","76.46K","0.42%"
"05.11.2021","4.750","4.470","4.750","4.470","132.85K","4.63%"
"04.11.2021","4.540","4.670","4.770","4.497","69.64K","-1.52%"
"03.11.2021","4.610","4.400","4.630","4.380","143.07K","2.90%"
"02.11.2021","4.480","4.600","4.640","4.440","154.15K","-4.07%"
"01.11.2021","4.670","4.800","4.870","4.650","120.48K","-1.89%"
"29.10.2021","4.760","4.790","4.790","4.620","114.85K","-2.66%"
"28.10.2021","4.890","4.860","4.890","4.800","44.05K","1.03%"
"27.10.2021","4.840","4.830","4.890","4.800","38.99K","0.21%"
"26.10.2021","4.830","4.850","4.910","4.785","72.06K","-1.83%"
"25.10.2021","4.920","4.800","4.970","4.800","67.12K","2.50%"
"22.10.2021","4.800","4.900","4.960","4.760","69.69K","-0.62%"
"21.10.2021","4.830","4.860","4.930","4.780","54.69K","-1.83%"
"20.10.2021","4.920","4.760","4.940","4.724","82.00K","1.86%"
"19.10.2021","4.830","4.960","4.960","4.670","79.54K","1.05%"
"18.10.2021","4.780","4.860","4.940","4.770","95.83K","-4.21%"
"15.10.2021","4.990","5.140","5.140","4.940","96.01K","-2.16%"
"14.10.2021","5.100","5.120","5.140","5.050","64.57K","0.39%"
"13.10.2021","5.080","5.050","5.210","5.050","142.58K","3.04%"
"12.10.2021","4.930","4.660","4.960","4.600","91.38K","4.67%"
"11.10.2021","4.710","4.720","4.800","4.700","54.05K","0.21%"
"08.10.2021","4.700","4.890","4.890","4.680","89.82K","-1.88%"
"07.10.2021","4.790","4.850","4.850","4.730","77.76K","-0.21%"
"06.10.2021","4.800","4.850","4.850","4.750","80.78K","-2.64%"
"05.10.2021","4.930","5.010","5.060","4.910","102.24K","-2.57%"
"04.10.2021","5.060","5.090","5.200","5.025","70.48K","-1.75%"
"01.10.2021","5.150","5.060","5.190","4.960","102.91K","3.41%"
"30.09.2021","4.980","4.770","5.100","4.770","130.91K","2.68%"
"29.09.2021","4.850","4.980","4.980","4.774","94.73K","-1.82%"
"28.09.2021","4.940","5.000","5.070","4.900","73.31K","-2.95%"
"27.09.2021","5.090","5.100","5.240","5.050","73.36K","0.99%"
"24.09.2021","5.040","5.130","5.260","5.010","78.01K","-2.51%"
"23.09.2021","5.170","5.030","5.170","4.920","63.99K","2.99%"
"22.09.2021","5.020","4.900","5.200","4.900","137.81K","1.83%"
"21.09.2021","4.930","4.740","4.970","4.710","158.63K","4.23%"
"20.09.2021","4.730","4.810","4.880","4.710","216.06K","-1.87%"
"17.09.2021","4.820","4.880","4.980","4.810","253.33K","-1.63%"
"16.09.2021","4.900","4.840","4.970","4.700","131.52K","-1.41%"
"15.09.2021","4.970","4.890","5.000","4.840","108.28K","3.11%"
"14.09.2021","4.820","5.000","5.108","4.810","165.17K","-3.02%"
"13.09.2021","4.970","5.040","5.260","4.930","230.55K","-1.19%"
"10.09.2021","5.030","5.080","5.155","5.020","102.34K","-1.57%"
"09.09.2021","5.110","5.050","5.140","5.000","137.91K","1.19%"
"08.09.2021","5.050","5.120","5.190","5.040","133.01K","-1.37%"
"07.09.2021","5.120","4.830","5.205","4.830","287.28K","-0.39%"
"03.09.2021","5.140","5.250","5.290","5.050","444.93K","-0.39%"
"02.09.2021","5.160","5.270","5.300","5.100","179.39K","-0.96%"
"01.09.2021","5.210","5.100","5.370","5.090","373.11K","2.76%"
"31.08.2021","5.070","4.870","5.115","4.830","439.10K","2.22%"
"30.08.2021","4.960","5.210","5.210","4.730","883.25K","-4.43%"
"27.08.2021","5.190","5.200","5.300","5.170","346.75K","-0.57%"
"26.08.2021","5.220","5.380","5.440","5.210","717.99K","-2.97%"
"25.08.2021","5.380","5.720","5.830","5.350","352.68K","0.19%"
"24.08.2021","5.370","5.270","5.455","5.250","210.83K","1.90%"
"23.08.2021","5.270","5.300","5.370","5.250","313.47K","0.19%"
"20.08.2021","5.260","5.250","5.300","5.250","219.79K","0.00%"
"19.08.2021","5.260","5.210","5.290","5.190","303.98K","-0.38%"
"18.08.2021","5.280","5.300","5.440","5.230","299.33K","-1.12%"
"17.08.2021","5.340","5.350","5.370","5.250","286.84K","1.71%"
"16.08.2021","5.250","5.260","5.300","5.250","530.79K","-0.19%"
"13.08.2021","5.260","5.340","5.400","5.250","2.08M","-8.04%"
"12.08.2021","5.720","5.620","5.720","5.460","94.99K","1.06%"
"11.08.2021","5.660","5.580","5.695","5.440","90.38K","3.10%"
"10.08.2021","5.490","5.900","5.900","5.430","199.54K","4.57%"
"09.08.2021","5.250","5.430","5.430","5.160","68.84K","-3.31%"
"06.08.2021","5.430","5.300","5.430","5.130","58.45K","0.18%"
"05.08.2021","5.420","5.460","5.570","5.290","54.46K","-0.55%"
"04.08.2021","5.450","5.660","5.810","5.380","61.30K","-0.55%"
"03.08.2021","5.480","5.710","5.720","5.370","73.91K","-7.59%"
"02.08.2021","5.930","5.760","5.990","5.760","57.24K","4.22%"
"30.07.2021","5.690","5.720","5.720","5.540","66.23K","0.18%"
"29.07.2021","5.680","5.640","5.730","5.620","88.18K","1.79%"
"28.07.2021","5.580","5.690","5.690","5.460","95.89K","0.18%"
"27.07.2021","5.570","5.590","5.670","5.410","108.09K","-1.59%"
"26.07.2021","5.660","5.820","5.950","5.620","106.25K","-2.41%"
"23.07.2021","5.800","6.120","6.140","5.660","160.73K","-5.23%"
"22.07.2021","6.120","6.330","6.330","6.110","90.20K","-4.67%"
"21.07.2021","6.420","6.360","6.570","6.310","52.68K","0.63%"
"20.07.2021","6.380","6.360","6.550","6.290","102.80K","0.00%"
"19.07.2021","6.380","6.500","6.580","6.210","73.21K","-2.74%"
"16.07.2021","6.560","6.700","6.860","6.403","83.26K","-1.94%"
"15.07.2021","6.690","6.910","6.945","6.590","52.33K","-3.88%"
"14.07.2021","6.960","6.980","7.107","6.730","57.73K","1.31%"
"13.07.2021","6.870","6.460","6.970","6.460","113.84K","5.69%"
"12.07.2021","6.500","6.570","6.700","6.320","119.54K","-2.26%"
"09.07.2021","6.650","6.390","6.820","6.390","74.92K","4.23%"
"08.07.2021","6.380","6.380","6.460","6.060","205.20K","-0.31%"
"07.07.2021","6.400","6.660","6.730","6.380","180.72K","-4.90%"
"06.07.2021","6.730","7.410","7.430","6.620","254.05K","-9.66%"
"02.07.2021","7.450","7.830","7.830","7.380","180.35K","-2.87%"
"01.07.2021","7.670","7.420","7.700","7.340","115.18K","5.07%"
"30.06.2021","7.300","7.540","7.540","7.110","169.41K","-3.69%"
"29.06.2021","7.580","7.750","7.900","7.510","152.17K","-0.26%"
"28.06.2021","7.600","8.500","8.610","7.500","191.29K","-11.32%"
"25.06.2021","8.570","8.890","8.990","8.380","2.95M","-1.83%"
"24.06.2021","8.730","8.510","9.090","8.510","260.59K","2.46%"
"23.06.2021","8.520","8.660","8.900","8.440","181.07K","-1.27%"
"22.06.2021","8.630","8.970","9.040","8.540","220.56K","0.35%"
"21.06.2021","8.600","9.000","9.010","8.540","155.48K","-3.37%"
"18.06.2021","8.900","8.710","9.130","8.680","172.24K","1.48%"
"17.06.2021","8.770","9.090","9.230","8.690","171.09K","-6.00%"
"16.06.2021","9.330","9.170","9.420","9.000","150.49K","1.74%"
"15.06.2021","9.170","8.780","9.200","8.550","148.91K","4.80%"
"14.06.2021","8.750","8.380","8.850","8.380","133.76K","1.63%"
"11.06.2021","8.610","8.350","8.690","8.310","117.34K","3.24%"
"10.06.2021","8.340","8.240","8.350","8.150","86.45K","1.21%"
"09.06.2021","8.240","8.240","8.370","8.180","82.85K","0.12%"
"08.06.2021","8.230","8.200","8.360","8.180","115.93K","0.49%"
"07.06.2021","8.190","7.590","8.440","7.520","327.96K","9.05%"
"04.06.2021","7.510","7.350","7.900","7.350","98.97K","1.08%"
"03.06.2021","7.430","7.750","7.830","7.184","150.09K","-6.19%"
"02.06.2021","7.920","8.000","8.070","7.840","52.58K","-0.88%"
"01.06.2021","7.990","7.770","8.000","7.720","50.75K","3.50%"
"28.05.2021","7.720","7.690","7.810","7.571","68.78K","0.65%"
"27.05.2021","7.670","7.920","7.920","7.590","93.60K","-3.03%"
"26.05.2021","7.910","8.100","8.140","7.880","80.58K","-2.10%"
"25.05.2021","8.080","8.470","8.480","8.075","41.54K","-4.83%"
"24.05.2021","8.490","8.360","8.680","8.210","54.93K","1.56%"
"21.05.2021","8.360","8.750","8.790","8.310","88.09K","-3.80%"
"20.05.2021","8.690","8.410","8.890","8.410","59.37K","2.84%"
"19.05.2021","8.450","8.410","8.690","8.250","42.99K","-1.29%"
"18.05.2021","8.560","8.360","8.610","8.257","71.49K","4.26%"
"17.05.2021","8.210","7.810","8.360","7.580","73.58K","4.72%"
"14.05.2021","7.840","7.920","7.945","7.670","43.77K","0.51%"
"13.05.2021","7.800","7.960","8.130","7.700","79.34K","-0.51%"
"12.05.2021","7.840","8.100","8.240","7.510","133.31K","-4.85%"
"11.05.2021","8.240","8.550","8.659","8.164","103.57K","-4.07%"
"10.05.2021","8.590","8.870","8.870","8.480","73.35K","-1.83%"
"07.05.2021","8.750","7.930","8.810","7.912","182.59K","11.89%"
"06.05.2021","7.820","7.750","8.000","7.640","91.64K","0.90%"
"05.05.2021","7.750","7.690","7.750","7.610","56.92K","1.71%"
"04.05.2021","7.620","7.730","7.730","7.410","35.39K","-1.30%"
"03.05.2021","7.720","7.750","7.800","7.640","65.55K","0.39%"
"30.04.2021","7.690","7.480","7.730","7.380","57.59K","2.81%"
"29.04.2021","7.480","7.370","7.490","7.300","38.34K","0.40%"
"28.04.2021","7.450","7.350","7.500","7.300","30.62K","0.68%"
"27.04.2021","7.400","7.500","7.640","7.350","42.78K","-1.33%"
"26.04.2021","7.500","7.400","7.540","7.350","35.14K","1.90%"
"23.04.2021","7.360","7.250","7.410","7.150","55.43K","1.94%"
"22.04.2021","7.220","7.250","7.250","7.100","51.17K","0.14%"
"21.04.2021","7.210","7.010","7.220","6.920","68.58K","3.00%"
"20.04.2021","7.000","7.120","7.120","6.950","40.75K","-1.69%"
"19.04.2021","7.120","6.990","7.150","6.823","57.99K","2.30%"
"16.04.2021","6.960","7.000","7.040","6.790","38.70K","0.00%"
"15.04.2021","6.960","6.840","7.130","6.727","62.86K","0.00%"
"14.04.2021","6.960","6.890","6.970","6.650","63.31K","0.87%"
"13.04.2021","6.900","7.110","7.110","6.823","51.10K","-2.13%"
"12.04.2021","7.050","6.950","7.050","6.680","57.31K","1.44%"
"09.04.2021","6.950","6.781","6.960","6.550","53.84K","0.43%"
"08.04.2021","6.920","6.450","6.995","6.450","73.52K","6.79%"
"07.04.2021","6.480","6.590","6.620","6.430","37.47K","-1.67%"
"06.04.2021","6.590","6.450","6.650","6.360","28.27K","2.01%"
"05.04.2021","6.460","6.560","6.720","6.360","82.12K","-0.62%"
"01.04.2021","6.500","6.030","6.570","6.030","93.76K","7.08%"
"31.03.2021","6.070","6.120","6.150","6.050","83.17K","-1.62%"
"30.03.2021","6.170","6.620","6.620","6.130","115.64K","-6.80%"
"29.03.2021","6.620","6.800","6.800","6.340","124.13K","-1.93%"
"26.03.2021","6.750","6.500","6.790","6.460","90.55K","4.18%"
"25.03.2021","6.479","6.500","6.570","6.400","47.57K","-1.08%"
"24.03.2021","6.550","6.840","6.840","6.510","41.18K","-4.10%"
"23.03.2021","6.830","7.140","7.160","6.800","59.99K","-4.34%"
"22.03.2021","7.140","7.100","7.320","7.069","80.88K","-1.38%"
"19.03.2021","7.240","7.300","7.305","7.110","54.97K","-1.09%"
"18.03.2021","7.320","7.630","7.630","7.240","55.89K","-4.31%"
"17.03.2021","7.650","7.200","7.654","7.150","58.30K","5.23%"
"16.03.2021","7.270","7.940","7.940","7.233","156.80K","-7.97%"
"15.03.2021","7.900","8.060","8.060","7.500","183.60K","1.15%"
"12.03.2021","7.810","6.446","9.210","6.400","1.75M","20.15%"
"11.03.2021","6.500","6.700","6.700","6.290","40.54K","-2.84%"
"10.03.2021","6.690","6.565","6.690","6.360","79.77K","4.37%"
"09.03.2021","6.410","6.120","6.600","6.120","48.58K","5.08%"
"08.03.2021","6.100","6.000","6.160","5.850","46.75K","1.67%"
"05.03.2021","6.000","6.160","6.160","5.520","112.24K","-2.60%"
"04.03.2021","6.160","6.410","6.500","5.750","140.04K","-5.52%"
"03.03.2021","6.520","6.600","6.641","6.220","59.96K","-4.82%"
"02.03.2021","6.850","6.280","6.889","6.270","56.94K","7.03%"
"01.03.2021","6.400","6.450","6.600","6.150","62.59K","-0.78%"
"26.02.2021","6.450","6.990","7.010","6.260","111.15K","-5.56%"
"25.02.2021","6.830","7.000","7.000","6.600","68.08K","-1.30%"
"24.02.2021","6.920","6.700","7.280","6.700","84.54K","0.73%"
"23.02.2021","6.870","7.750","7.800","6.500","145.22K","-12.26%"
"22.02.2021","7.830","8.790","8.900","7.693","113.35K","-8.95%"
"19.02.2021","8.600","9.310","9.450","8.310","91.97K","6.17%"
"18.02.2021","8.100","7.250","8.390","7.200","69.93K","12.81%"
"17.02.2021","7.180","7.394","7.400","7.110","64.28K","-4.01%"
"16.02.2021","7.480","7.325","7.500","7.240","45.08K","0.00%"
"12.02.2021","7.480","7.450","7.520","7.350","46.07K","-0.47%"
"11.02.2021","7.515","7.670","7.770","7.420","48.68K","-1.76%"
"10.02.2021","7.650","7.500","7.864","7.426","63.75K","1.70%"
"09.02.2021","7.522","7.670","7.750","7.460","64.06K","-1.62%"
"08.02.2021","7.646","7.270","7.770","7.205","92.44K","4.31%"
"05.02.2021","7.330","7.120","7.402","7.030","53.87K","1.38%"
"04.02.2021","7.230","7.310","7.450","7.160","112.18K","-3.86%"
"03.02.2021","7.520","7.250","7.680","7.245","34.26K","2.31%"
"02.02.2021","7.350","7.720","7.720","7.350","88.06K","-4.63%"
"01.02.2021","7.707","7.550","7.770","7.471","118.60K","2.21%"
"29.01.2021","7.540","7.520","8.549","7.386","98.91K","-0.51%"
"28.01.2021","7.579","6.800","7.846","6.800","96.17K","2.95%"
"27.01.2021","7.362","7.500","7.500","6.800","133.67K","-1.84%"
"26.01.2021","7.500","8.180","8.385","7.420","95.47K","-8.81%"
"25.01.2021","8.225","8.200","8.500","8.075","62.37K","-0.77%"
"22.01.2021","8.289","8.600","8.805","8.144","116.55K","-6.87%"
"21.01.2021","8.900","8.680","9.100","8.680","39.11K","-1.11%"
"20.01.2021","9.000","8.923","9.430","8.923","44.66K","-1.10%"
"19.01.2021","9.100","9.500","9.500","9.003","55.47K","-1.70%"
"15.01.2021","9.257","9.689","9.689","9.136","36.53K","-2.56%"
"14.01.2021","9.500","9.027","9.753","9.000","39.59K","2.70%"
"13.01.2021","9.250","9.745","9.745","9.250","33.65K","-2.42%"
"12.01.2021","9.479","9.175","9.760","9.001","31.00K","3.52%"
"11.01.2021","9.157","9.000","10.100","8.861","144.33K","-6.69%"
"08.01.2021","9.814","10.300","10.400","9.599","108.71K","-6.53%"
"07.01.2021","10.500","10.100","11.000","10.100","51.22K","-1.87%"
"06.01.2021","10.700","10.100","11.250","10.100","50.52K","-2.73%"
"05.01.2021","11.000","10.500","11.400","10.500","68.35K","1.85%"
"04.01.2021","10.800","9.450","10.900","9.400","77.34K","13.67%"
"31.12.2020","9.501","9.987","9.987","9.298","26.86K","-0.21%"
"30.12.2020","9.521","9.500","9.800","9.200","39.67K","0.22%"
"29.12.2020","9.500","9.600","9.800","9.400","41.13K","-1.35%"
"28.12.2020","9.630","9.500","10.000","9.500","45.09K","-2.04%"
"24.12.2020","9.831","9.932","10.038","9.613","17.33K","-1.53%"
"23.12.2020","9.984","9.950","10.450","9.800","17.02K","2.03%"
"22.12.2020","9.785","9.780","10.300","9.650","40.62K","0.20%"
"21.12.2020","9.765","9.500","10.400","9.500","39.28K","1.17%"
"18.12.2020","9.652","11.030","11.600","9.400","60.10K","-12.25%"
"17.12.2020","11.000","11.100","11.100","10.050","55.53K","8.91%"
"16.12.2020","10.100","9.700","10.200","9.380","39.21K","5.21%"
"15.12.2020","9.600","8.800","9.700","8.800","52.33K","5.91%"
"14.12.2020","9.064","8.600","9.200","8.600","51.51K","3.92%"
"11.12.2020","8.722","9.200","9.200","8.600","18.26K","-1.72%"
"10.12.2020","8.875","8.600","9.070","8.600","24.03K","-0.06%"
"09.12.2020","8.880","8.955","9.068","8.703","49.38K","-3.07%"
"08.12.2020","9.161","9.430","9.430","9.000","23.28K","0.63%"
"07.12.2020","9.104","8.661","9.500","8.661","60.62K","1.57%"
"04.12.2020","8.963","8.900","9.500","8.540","49.95K","0.58%"
"03.12.2020","8.911","9.300","9.711","8.888","40.29K","-4.18%"
"02.12.2020","9.300","9.505","9.505","9.101","21.59K","0.04%"
"01.12.2020","9.296","8.973","9.300","8.520","42.51K","4.45%"
"30.11.2020","8.900","9.000","9.900","8.755","25.74K","-2.20%"
"27.11.2020","9.100","9.500","9.500","8.744","27.86K","3.06%"
"25.11.2020","8.830","8.600","9.630","8.600","29.24K","1.49%"
"24.11.2020","8.700","8.150","8.800","8.150","46.98K","-2.41%"
"23.11.2020","8.915","9.220","9.900","8.687","56.69K","-6.42%"
"20.11.2020","9.527","8.836","9.821","8.796","62.78K","9.85%"
"19.11.2020","8.673","8.210","9.053","8.210","21.54K","0.38%"
"18.11.2020","8.640","8.740","9.110","8.640","30.25K","-2.37%"
"17.11.2020","8.850","8.985","9.203","8.600","51.55K","-2.63%"
"16.11.2020","9.089","9.500","10.000","8.820","39.02K","-2.25%"
"13.11.2020","9.298","9.750","9.750","9.112","21.11K","-1.19%"
"12.11.2020","9.410","9.700","10.000","8.800","19.74K","-1.98%"
"11.11.2020","9.600","9.500","10.250","9.377","54.97K","-4.16%"
"10.11.2020","10.017","10.300","11.500","9.940","24.17K","-6.38%"
"09.11.2020","10.700","10.100","11.150","10.000","64.92K","-3.60%"
"06.11.2020","11.100","10.900","11.900","10.631","60.88K","6.73%"
"05.11.2020","10.400","9.389","10.700","8.945","73.60K","15.52%"
"04.11.2020","9.003","10.100","10.100","8.916","25.32K","-5.98%"
"03.11.2020","9.576","9.800","9.840","8.770","33.26K","3.64%"
"02.11.2020","9.240","8.500","9.580","8.180","110.81K","8.50%"
"30.10.2020","8.516","8.821","9.185","8.161","44.84K","-1.39%"
"29.10.2020","8.636","7.986","8.719","7.986","25.67K","2.20%"
"28.10.2020","8.450","9.230","9.230","8.000","117.18K","-7.70%"
"27.10.2020","9.155","8.980","9.200","8.500","42.19K","6.45%"
"26.10.2020","8.600","9.690","9.690","8.550","31.27K","-6.39%"
"23.10.2020","9.187","9.600","9.900","8.900","29.84K","-4.30%"
"22.10.2020","9.600","8.970","10.100","8.970","27.97K","-0.21%"
"21.10.2020","9.620","10.405","10.500","9.430","58.75K","4.57%"
"20.10.2020","9.200","8.200","9.325","8.000","115.22K","6.98%"
"19.10.2020","8.600","9.380","9.800","8.314","124.14K","-9.47%"
"16.10.2020","9.500","9.894","10.143","9.300","101.00K","-5.94%"
"15.10.2020","10.100","10.500","10.500","9.900","39.14K","-1.94%"
"14.10.2020","10.300","10.300","10.800","10.197","46.02K","-2.83%"
"13.10.2020","10.600","10.600","10.600","10.400","41.62K","0.95%"
"12.10.2020","10.500","11.000","11.000","10.300","23.58K","-0.95%"
"09.10.2020","10.601","10.300","10.900","10.300","46.76K","0.01%"
"08.10.2020","10.600","10.982","11.000","10.283","38.39K","-0.61%"
"07.10.2020","10.665","10.841","11.100","10.600","27.48K","-0.79%"
"06.10.2020","10.750","12.100","12.100","10.600","39.72K","-4.87%"
"05.10.2020","11.300","10.700","11.560","10.700","48.88K","0.89%"
"02.10.2020","11.200","10.400","11.224","10.350","38.50K","1.82%"
"01.10.2020","11.000","10.500","11.000","10.300","46.44K","5.77%"
"30.09.2020","10.400","10.800","11.100","10.100","32.82K","-3.70%"
"29.09.2020","10.800","10.800","11.500","10.600","46.60K","-0.05%"
"28.09.2020","10.805","10.200","10.900","10.200","39.84K","5.93%"
"25.09.2020","10.200","10.000","10.500","10.000","39.93K","-1.92%"
"24.09.2020","10.400","10.200","10.500","9.900","78.78K","1.96%"
"23.09.2020","10.200","10.600","11.600","10.000","132.69K","-8.93%"
"22.09.2020","11.200","11.250","11.615","11.175","30.31K","-1.75%"
"21.09.2020","11.400","11.700","11.700","10.900","64.54K","-0.87%"
"18.09.2020","11.500","11.900","12.000","11.100","75.67K","-1.71%"
"17.09.2020","11.700","10.500","11.800","10.500","52.06K","3.61%"
"16.09.2020","11.292","11.600","11.722","11.100","110.14K","-1.81%"
"15.09.2020","11.500","12.200","12.200","11.400","108.47K","-4.17%"
"14.09.2020","12.000","12.300","12.530","11.500","90.26K","-2.44%"
"11.09.2020","12.300","12.650","12.900","11.800","59.27K","-3.41%"
"10.09.2020","12.734","13.300","13.300","12.605","40.17K","-2.79%"
"09.09.2020","13.100","13.350","13.350","12.350","71.53K","3.15%"
"08.09.2020","12.700","12.250","13.200","12.200","56.15K","-1.55%"
"04.09.2020","12.900","11.800","13.000","11.800","82.29K","4.03%"
"03.09.2020","12.400","12.000","12.700","11.900","61.75K","1.64%"
"02.09.2020","12.200","11.730","12.300","10.900","143.83K","-1.43%"
"01.09.2020","12.377","13.200","13.800","11.800","190.90K","-6.97%"
"31.08.2020","13.305","13.890","14.500","13.100","136.40K","-3.06%"
"28.08.2020","13.725","13.500","13.800","13.273","101.91K","2.43%"
"27.08.2020","13.400","13.552","13.800","12.700","77.62K","0.13%"
"26.08.2020","13.383","13.750","13.750","12.000","142.42K","2.95%"
"25.08.2020","13.000","12.500","13.700","12.100","119.05K","0.00%"
"24.08.2020","13.000","14.600","14.600","12.550","209.63K","-11.56%"
"21.08.2020","14.700","15.300","15.300","13.800","98.63K","-2.00%"
"20.08.2020","15.000","14.000","15.000","13.900","82.38K","7.91%"
"19.08.2020","13.900","13.700","14.700","13.700","108.49K","-2.17%"
"18.08.2020","14.209","15.200","15.500","13.700","128.42K","-3.34%"
"17.08.2020","14.700","14.200","15.000","14.100","175.38K","5.43%"
"14.08.2020","13.943","13.800","14.300","13.285","122.84K","1.77%"
"13.08.2020","13.700","13.100","13.900","12.500","119.54K","14.17%"
"12.08.2020","12.000","10.830","12.900","10.830","132.55K","6.70%"
"11.08.2020","11.246","11.100","12.600","11.000","177.52K","-10.03%"
"10.08.2020","12.500","13.500","14.000","12.070","151.44K","0.00%"
"07.08.2020","12.500","13.700","14.300","11.800","208.20K","-10.54%"
"06.08.2020","13.973","15.100","15.200","13.600","212.28K","-5.59%"
"05.08.2020","14.800","14.150","15.500","14.150","321.39K","6.47%"
"04.08.2020","13.900","13.000","14.700","12.400","302.37K","2.96%"
"03.08.2020","13.500","12.000","13.500","11.700","239.33K","15.38%"
"31.07.2020","11.700","11.000","11.800","10.600","149.36K","9.35%"
"30.07.2020","10.700","11.700","11.900","10.150","257.22K","-6.96%"
"29.07.2020","11.500","12.000","12.300","11.350","121.75K","0.00%"
"28.07.2020","11.500","11.950","12.400","10.500","186.86K","-3.18%"
"27.07.2020","11.878","10.300","13.400","10.150","288.06K","22.45%"
"24.07.2020","9.700","9.213","10.000","9.213","112.79K","2.16%"
"23.07.2020","9.495","9.100","9.700","8.690","187.98K","4.87%"
"22.07.2020","9.054","9.820","9.820","8.250","148.58K","2.65%"
"21.07.2020","8.820","9.400","10.400","8.768","251.06K","-4.13%"
"20.07.2020","9.200","8.500","10.162","8.100","386.25K","21.04%"
"17.07.2020","7.601","6.480","7.675","6.003","265.97K","27.32%"
"16.07.2020","5.970","5.890","6.100","5.601","47.68K","2.93%"
"15.07.2020","5.800","5.793","5.994","5.510","39.00K","2.87%"
"14.07.2020","5.638","6.100","6.100","5.567","21.09K","-4.10%"
"13.07.2020","5.879","5.630","6.000","5.630","46.00K","-0.68%"
"10.07.2020","5.919","6.175","6.175","5.785","26.26K","-0.69%"
"09.07.2020","5.960","5.975","6.100","5.382","92.91K","-2.30%"
"08.07.2020","6.100","6.550","6.550","6.090","41.75K","0.13%"
"07.07.2020","6.092","5.630","6.200","5.550","52.51K","6.69%"
"06.07.2020","5.710","5.935","6.140","5.522","49.23K","2.53%"
"02.07.2020","5.569","5.300","5.905","5.181","77.95K","1.25%"
"01.07.2020","5.500","5.750","6.000","5.100","97.14K","8.67%"
"30.06.2020","5.061","4.200","5.188","4.100","122.48K","23.44%"
"29.06.2020","4.100","4.100","4.189","4.000","39.54K","0.94%"
"26.06.2020","4.062","4.050","4.079","3.916","33.17K","2.06%"
"25.06.2020","3.980","4.075","4.075","3.800","11.34K","0.76%"
"24.06.2020","3.950","4.152","4.210","3.900","21.54K","-5.95%"
"23.06.2020","4.200","4.100","4.383","4.000","22.56K","4.01%"
"22.06.2020","4.038","3.900","4.187","3.900","39.34K","0.95%"
"19.06.2020","4.000","3.950","4.305","3.942","22.91K","-0.82%"
"18.06.2020","4.033","3.982","4.077","3.966","15.33K","0.82%"
"17.06.2020","4.000","4.265","4.265","4.000","14.38K","-3.17%"
"16.06.2020","4.131","4.005","4.131","3.950","23.47K","0.02%"
"15.06.2020","4.130","4.209","4.299","4.015","27.47K","-0.96%"
"12.06.2020","4.170","4.078","4.300","4.078","40.05K","2.26%"
"11.06.2020","4.078","4.516","4.516","4.014","47.34K","-2.90%"
"10.06.2020","4.200","4.300","4.300","4.077","23.87K","-1.73%"
"09.06.2020","4.274","3.958","4.274","3.958","15.13K","2.99%"
"08.06.2020","4.150","4.340","4.500","4.100","32.84K","-4.44%"
"05.06.2020","4.343","4.300","4.343","4.138","28.01K","1.00%"
"04.06.2020","4.300","4.060","4.443","4.060","29.59K","-0.46%"
"03.06.2020","4.320","4.550","4.563","4.280","15.51K","-3.33%"
"02.06.2020","4.469","4.500","4.500","4.384","20.88K","0.36%"
"01.06.2020","4.453","4.275","4.481","4.221","43.78K","3.85%"
"29.05.2020","4.288","4.350","4.415","4.200","54.95K","-0.28%"
"28.05.2020","4.300","4.620","4.620","4.264","21.06K","-0.81%"
"27.05.2020","4.335","4.380","4.439","4.200","49.87K","0.14%"
"26.05.2020","4.329","5.000","5.000","4.280","36.46K","-4.84%"
"22.05.2020","4.549","4.525","4.669","4.327","26.27K","-1.37%"
"21.05.2020","4.612","4.320","4.870","4.255","45.33K","0.61%"
"20.05.2020","4.584","4.580","4.830","4.503","30.88K","-0.78%"
"19.05.2020","4.620","4.578","4.850","4.530","49.25K","2.21%"
"18.05.2020","4.520","4.500","5.030","4.500","45.92K","0.44%"
"15.05.2020","4.500","4.000","4.500","4.000","46.92K","12.50%"
"14.05.2020","4.000","3.900","4.148","3.786","45.35K","3.65%"
"13.05.2020","3.859","3.900","4.210","3.737","52.09K","-5.88%"
"12.05.2020","4.100","4.200","4.257","4.100","34.17K","-4.65%"
"11.05.2020","4.300","4.431","4.431","4.185","39.85K","-0.53%"
"08.05.2020","4.323","4.500","4.500","4.225","29.96K","-2.19%"
"07.05.2020","4.420","4.200","4.497","4.200","32.07K","5.34%"
"06.05.2020","4.196","4.400","4.410","4.100","19.41K","-2.76%"
"05.05.2020","4.315","4.240","4.470","4.200","26.29K","2.42%"
"04.05.2020","4.213","4.680","4.680","4.023","139.89K","-4.47%"
"01.05.2020","4.410","4.462","4.562","4.320","29.52K","-2.58%"
"30.04.2020","4.527","4.580","4.879","4.400","42.01K","-3.68%"
"29.04.2020","4.700","4.500","4.800","4.300","70.97K","9.30%"
"28.04.2020","4.300","4.090","4.400","4.050","93.33K","4.37%"
"27.04.2020","4.120","4.010","4.210","3.800","68.76K","4.30%"
"24.04.2020","3.950","4.000","4.204","3.904","23.76K","-3.07%"
"23.04.2020","4.075","4.060","4.299","3.870","54.44K","-2.51%"
"22.04.2020","4.180","4.060","4.267","3.730","29.82K","5.69%"
"21.04.2020","3.955","4.080","4.080","3.843","18.97K","-3.54%"
"20.04.2020","4.100","4.023","4.316","3.850","42.18K","-1.42%"
"17.04.2020","4.159","4.200","4.200","3.950","17.89K","2.16%"
"16.04.2020","4.071","4.340","4.400","4.050","18.16K","1.78%"
"15.04.2020","4.000","4.153","4.315","3.900","36.24K","-4.97%"
"14.04.2020","4.209","4.180","4.628","4.000","49.07K","-4.34%"
"13.04.2020","4.400","3.785","4.495","3.660","65.05K","16.31%"
"09.04.2020","3.783","3.370","3.800","3.326","38.68K","15.02%"
"08.04.2020","3.289","3.383","3.405","3.192","18.06K","0.89%"
"07.04.2020","3.260","3.195","3.458","3.195","24.78K","-0.31%"
"06.04.2020","3.270","2.935","3.307","2.935","31.17K","1.08%"
"03.04.2020","3.235","3.200","3.300","3.091","14.36K","1.13%"
"02.04.2020","3.199","3.000","3.199","2.900","19.48K","6.81%"
"01.04.2020","2.995","3.500","3.550","2.900","25.71K","-8.99%"
"31.03.2020","3.291","3.146","3.550","2.970","13.67K","-4.61%"
"30.03.2020","3.450","2.870","3.471","2.870","23.79K","3.45%"
"27.03.2020","3.335","3.600","3.712","3.307","29.16K","-7.36%"
"26.03.2020","3.600","3.919","3.935","3.600","21.42K","-5.26%"
"25.03.2020","3.800","3.800","3.899","3.500","50.51K","5.56%"
"24.03.2020","3.600","3.500","3.760","3.193","52.07K","14.54%"
"23.03.2020","3.143","2.550","3.185","2.483","49.90K","24.48%"
"20.03.2020","2.525","2.329","2.773","2.329","26.84K","0.16%"
"19.03.2020","2.521","2.250","2.800","2.250","21.96K","7.14%"
"18.03.2020","2.353","2.450","2.968","2.250","31.78K","-21.88%"
"17.03.2020","3.012","2.900","3.263","2.431","40.15K","7.61%"
"16.03.2020","2.799","2.100","2.799","1.645","40.68K","11.96%"
"13.03.2020","2.500","2.890","2.895","2.202","83.85K","-4.07%"
"12.03.2020","2.606","2.250","3.000","1.900","126.54K","-21.03%"
"11.03.2020","3.300","3.589","3.589","3.294","19.74K","-2.37%"
"10.03.2020","3.380","3.600","3.677","3.300","44.85K","-3.73%"
"09.03.2020","3.511","3.912","3.940","3.449","42.68K","-10.59%"
"06.03.2020","3.927","4.300","4.320","3.927","21.83K","-5.10%"
"05.03.2020","4.138","4.150","4.150","4.000","13.37K","2.94%"
"04.03.2020","4.020","4.200","4.200","3.950","12.14K","0.00%"
"03.03.2020","4.020","3.705","4.150","3.705","33.94K","6.35%"
"02.03.2020","3.780","3.826","3.997","3.650","55.10K","-1.20%"
"28.02.2020","3.826","4.345","4.390","3.700","60.78K","-11.02%"
"27.02.2020","4.300","4.396","4.441","4.200","34.88K","-2.27%"
"26.02.2020","4.400","4.300","4.545","4.300","25.50K","-1.57%"
"25.02.2020","4.470","4.344","4.569","4.262","20.23K","1.59%"
"24.02.2020","4.400","4.480","4.700","4.300","87.47K","0.34%"
"21.02.2020","4.385","4.095","4.400","4.095","28.34K","4.40%"
"20.02.2020","4.200","4.003","4.200","4.000","18.87K","2.44%"
"19.02.2020","4.100","4.000","4.254","4.000","64.91K","-0.70%"
"18.02.2020","4.129","4.020","4.210","4.000","33.37K","2.05%"
"14.02.2020","4.046","3.948","4.188","3.948","16.57K","0.40%"
"13.02.2020","4.030","4.100","4.100","3.900","15.49K","-1.68%"
"12.02.2020","4.099","4.106","4.254","3.969","14.27K","0.00%"
"11.02.2020","4.099","4.182","4.196","3.959","23.67K","0.37%"
"10.02.2020","4.084","4.060","4.252","4.000","26.35K","-0.66%"
"07.02.2020","4.111","4.376","4.460","4.111","23.61K","-3.59%"
"06.02.2020","4.264","4.198","4.300","4.186","16.15K","-0.42%"
"05.02.2020","4.282","4.166","4.364","4.166","29.80K","-2.48%"
"04.02.2020","4.391","4.274","4.510","4.200","35.20K","-1.50%"
"03.02.2020","4.458","4.504","4.504","4.291","22.23K","0.65%"
"31.01.2020","4.429","4.390","4.579","4.390","15.43K","-1.58%"
"30.01.2020","4.500","4.650","4.840","4.438","14.94K","-2.17%"
"29.01.2020","4.600","4.200","4.600","4.200","28.75K","7.20%"
"28.01.2020","4.291","4.540","4.540","4.225","23.21K","-2.46%"
"27.01.2020","4.399","4.437","4.600","4.379","38.49K","-2.78%"
"24.01.2020","4.525","4.600","4.613","4.400","24.61K","-1.84%"
"23.01.2020","4.610","4.450","4.650","4.340","36.18K","0.22%"
"22.01.2020","4.600","4.649","4.900","4.541","37.79K","-2.48%"
"21.01.2020","4.717","4.900","4.900","4.600","15.49K","-5.60%"
"17.01.2020","4.997","4.890","4.998","4.793","15.39K","3.56%"
"16.01.2020","4.825","4.750","4.851","4.647","15.05K","1.56%"
"15.01.2020","4.751","4.700","5.000","4.700","21.28K","-1.02%"
"14.01.2020","4.800","4.740","5.000","4.600","15.47K","-3.30%"
"13.01.2020","4.964","5.050","5.276","4.876","19.92K","-4.54%"
"10.01.2020","5.200","5.140","5.200","4.880","15.09K","3.88%"
"09.01.2020","5.006","4.780","5.077","4.780","8.53K","1.17%"
"08.01.2020","4.948","5.500","5.600","4.815","32.41K","-9.89%"
"07.01.2020","5.491","5.506","5.506","5.300","20.50K","1.69%"
"06.01.2020","5.400","5.400","5.580","5.350","39.64K","1.14%"
"03.01.2020","5.339","5.415","5.500","5.254","30.35K","4.69%"
"02.01.2020","5.100","4.690","5.200","4.670","43.58K","5.05%"
"31.12.2019","4.855","4.800","4.900","4.500","52.79K","3.30%"
"30.12.2019","4.700","4.900","4.900","4.700","25.81K","-3.39%"
"27.12.2019","4.865","4.700","4.950","4.639","22.87K","3.51%"
"26.12.2019","4.700","4.650","4.880","4.650","20.56K","0.62%"
"24.12.2019","4.671","4.521","4.800","4.400","19.79K","1.83%"
"23.12.2019","4.587","4.500","4.587","4.260","24.43K","2.27%"
"20.12.2019","4.485","4.531","4.607","4.305","14.25K","-2.42%"
"19.12.2019","4.596","4.367","4.600","4.300","38.06K","6.32%"
"18.12.2019","4.323","4.204","4.434","4.200","18.09K","-1.01%"
"17.12.2019","4.367","4.410","4.630","4.303","25.75K","-6.49%"
"16.12.2019","4.670","4.700","4.750","4.292","27.04K","3.57%"
"13.12.2019","4.509","4.556","4.679","4.500","10.40K","0.20%"
"12.12.2019","4.500","4.599","4.729","4.400","23.45K","-3.23%"
"11.12.2019","4.650","4.358","4.790","4.241","50.52K","9.90%"
"10.12.2019","4.231","4.170","4.301","4.084","35.48K","-2.65%"
"09.12.2019","4.346","4.380","4.641","4.214","23.95K","-5.56%"
"06.12.2019","4.602","4.570","4.940","4.540","13.14K","-4.12%"
"05.12.2019","4.800","4.790","5.290","4.780","11.15K","-3.73%"
"04.12.2019","4.986","5.000","5.150","4.899","20.10K","-1.70%"
"03.12.2019","5.072","4.935","5.136","4.771","22.58K","0.44%"
"02.12.2019","5.050","5.015","5.112","4.670","23.02K","2.79%"
"29.11.2019","4.913","4.510","4.995","4.510","16.24K","3.54%"
"27.11.2019","4.745","4.500","4.800","4.500","25.16K","4.06%"
"26.11.2019","4.560","4.300","4.750","4.200","17.56K","6.05%"
"25.11.2019","4.300","3.965","4.401","3.965","26.47K","2.94%"
"22.11.2019","4.177","4.110","4.177","3.930","10.00K","1.90%"
"21.11.2019","4.099","4.100","4.300","3.970","12.39K","-0.02%"
"20.11.2019","4.100","4.150","4.167","4.080","10.45K","1.23%"
"19.11.2019","4.050","4.400","4.400","4.050","25.22K","-5.81%"
"18.11.2019","4.300","4.100","4.400","4.100","10.18K","4.88%"
"15.11.2019","4.100","4.200","4.200","4.030","7.65K","0.99%"
"14.11.2019","4.060","3.926","4.103","3.901","13.37K","0.25%"
"13.11.2019","4.050","4.205","4.399","4.050","17.41K","-3.57%"
"12.11.2019","4.200","3.959","4.269","3.959","9.06K","0.24%"
"11.11.2019","4.190","4.400","4.450","4.129","15.42K","-4.77%"
"08.11.2019","4.400","4.170","4.400","4.170","16.60K","2.49%"
"07.11.2019","4.293","4.240","4.400","4.000","11.71K","-0.09%"
"06.11.2019","4.297","4.200","4.300","4.000","14.82K","1.87%"
"05.11.2019","4.218","4.312","4.312","4.075","9.35K","-2.56%"
"04.11.2019","4.329","4.490","4.550","4.141","12.59K","-0.73%"
"01.11.2019","4.361","4.000","4.361","3.900","38.09K","9.03%"
"31.10.2019","4.000","4.140","4.279","3.950","27.85K","-2.44%"
"30.10.2019","4.100","4.000","4.399","4.000","11.51K","0.00%"
"29.10.2019","4.100","4.430","4.430","4.100","17.95K","-3.28%"
"28.10.2019","4.239","4.308","4.308","4.110","9.08K","-1.60%"
"25.10.2019","4.308","4.190","4.480","4.175","19.59K","-0.97%"
"24.10.2019","4.350","4.170","4.400","4.100","15.41K","2.84%"
"23.10.2019","4.230","4.420","4.420","4.100","24.27K","-4.51%"
"22.10.2019","4.430","4.180","4.460","4.180","7.80K","3.02%"
"21.10.2019","4.300","4.570","4.589","4.208","21.69K","-4.44%"
"18.10.2019","4.500","4.510","4.670","4.436","6.42K","0.00%"
"17.10.2019","4.500","4.560","4.700","4.500","7.88K","-0.31%"
"16.10.2019","4.514","4.920","4.920","4.439","12.29K","-2.80%"
"15.10.2019","4.644","4.750","4.799","4.500","10.23K","3.20%"
"14.10.2019","4.500","4.208","5.592","4.208","6.20K","-6.25%"
"11.10.2019","4.800","4.400","4.900","4.400","52.44K","3.92%"
"10.10.2019","4.619","4.763","4.800","4.500","20.48K","-3.02%"
"09.10.2019","4.763","5.000","5.000","4.700","13.41K","-0.56%"
"08.10.2019","4.790","4.633","4.909","4.633","17.70K","1.91%"
"07.10.2019","4.700","5.060","5.060","4.529","10.91K","-3.89%"
"04.10.2019","4.890","5.000","5.000","4.800","17.29K","-1.21%"
"03.10.2019","4.950","4.900","5.200","4.845","19.05K","-1.02%"
"02.10.2019","5.001","4.553","5.061","4.553","43.82K","5.33%"
"01.10.2019","4.748","4.450","4.750","4.413","13.45K","4.37%"
"30.09.2019","4.549","4.520","4.690","4.500","26.54K","-1.73%"
"27.09.2019","4.629","4.466","4.699","4.434","15.13K","0.63%"
"26.09.2019","4.600","4.800","4.889","4.600","17.66K","-4.29%"
"25.09.2019","4.806","4.756","4.970","4.751","7.02K","-0.91%"
"24.09.2019","4.850","4.895","5.000","4.800","16.94K","-0.82%"
"23.09.2019","4.890","4.702","5.004","4.700","29.99K","-2.78%"
"20.09.2019","5.030","5.093","5.149","4.921","12.08K","0.60%"
"19.09.2019","5.000","5.092","5.161","4.860","9.18K","-1.75%"
"18.09.2019","5.089","5.100","5.100","4.943","18.95K","-1.20%"
"17.09.2019","5.151","4.820","5.200","4.820","13.88K","3.02%"
"16.09.2019","5.000","5.120","5.150","5.000","10.63K","-0.99%"
"13.09.2019","5.050","4.900","5.081","4.900","13.85K","0.38%"
"12.09.2019","5.031","5.150","5.150","4.920","11.96K","1.04%"
"11.09.2019","4.979","4.800","5.075","4.689","18.86K","4.87%"
"10.09.2019","4.748","4.755","5.010","4.700","30.98K","-5.77%"
"09.09.2019","5.039","5.193","5.364","4.841","50.23K","-1.68%"
"06.09.2019","5.125","5.100","5.499","5.000","28.92K","-0.54%"
"05.09.2019","5.153","5.641","5.785","5.000","42.88K","-9.12%"
"04.09.2019","5.670","5.764","5.882","5.650","17.15K","-1.36%"
"03.09.2019","5.748","5.800","5.950","5.739","33.74K","-0.98%"
"30.08.2019","5.805","5.780","5.809","5.627","21.18K","0.96%"
"29.08.2019","5.750","5.900","6.100","5.700","72.60K","-4.96%"
"28.08.2019","6.050","5.995","6.266","5.990","18.31K","-1.55%"
"27.08.2019","6.145","6.300","6.300","5.970","15.60K","-1.68%"
"26.08.2019","6.250","6.367","6.495","6.200","21.68K","0.48%"
"23.08.2019","6.220","5.980","6.380","5.976","27.61K","2.84%"
"22.08.2019","6.048","6.349","6.350","5.820","30.13K","-0.85%"
"21.08.2019","6.100","5.780","6.200","5.780","11.43K","2.01%"
"20.08.2019","5.980","5.900","6.129","5.891","8.20K","1.87%"
"19.08.2019","5.870","6.220","6.220","5.700","19.76K","-0.98%"
"16.08.2019","5.928","6.060","6.310","5.928","20.91K","-2.82%"
"15.08.2019","6.100","5.750","6.250","5.684","35.11K","5.98%"
"14.08.2019","5.756","6.100","6.186","5.756","36.17K","-6.39%"
"13.08.2019","6.149","6.210","6.580","6.009","17.49K","-2.40%"
"12.08.2019","6.300","6.600","6.770","6.255","26.19K","-5.12%"
"09.08.2019","6.640","6.215","6.827","6.000","77.48K","10.67%"
"08.08.2019","6.000","5.750","6.000","5.750","15.27K","4.22%"
"07.08.2019","5.757","5.610","6.000","5.610","47.30K","1.34%"
"06.08.2019","5.681","5.600","5.841","5.510","57.80K","2.36%"
"05.08.2019","5.550","5.925","5.950","5.356","16.50K","-2.63%"
"02.08.2019","5.700","5.470","5.710","5.420","12.41K","1.32%"
"01.08.2019","5.626","5.320","5.650","5.285","27.49K","4.19%"
"31.07.2019","5.400","5.945","6.000","5.400","18.76K","-8.47%"
"30.07.2019","5.900","5.670","5.945","5.670","15.16K","2.08%"
"29.07.2019","5.780","5.800","5.890","5.688","7.43K","-0.33%"
"26.07.2019","5.799","6.000","6.001","5.700","30.30K","-0.02%"
"25.07.2019","5.800","5.815","5.818","5.672","11.13K","0.87%"
"24.07.2019","5.750","5.620","5.902","5.620","16.95K","2.68%"
"23.07.2019","5.600","5.750","6.000","5.446","31.26K","-4.18%"
"22.07.2019","5.844","5.950","6.002","5.770","22.24K","-0.95%"
"19.07.2019","5.900","5.900","5.917","5.800","5.66K","0.00%"
"18.07.2019","5.900","5.900","5.930","5.705","20.00K","0.49%"
"17.07.2019","5.871","5.830","6.000","5.560","17.41K","5.03%"
"16.07.2019","5.590","5.560","5.827","5.560","15.79K","-1.06%"
"15.07.2019","5.650","5.950","5.950","5.650","23.40K","-5.04%"
"12.07.2019","5.950","5.772","5.990","5.600","27.98K","4.92%"
"11.07.2019","5.671","5.700","5.790","5.432","20.73K","3.47%"
"10.07.2019","5.481","5.360","5.700","5.100","34.71K","6.76%"
"09.07.2019","5.134","4.920","5.136","4.845","13.68K","4.78%"
"08.07.2019","4.900","4.900","5.157","4.830","16.57K","0.00%"
"05.07.2019","4.900","4.950","4.990","4.714","28.98K","0.00%"
"03.07.2019","4.900","4.856","4.950","4.800","9.15K","2.66%"
"02.07.2019","4.773","4.900","4.936","4.730","46.72K","-2.29%"
"01.07.2019","4.885","4.779","5.350","4.779","21.64K","1.77%"
"28.06.2019","4.800","4.719","4.970","4.719","11.82K","2.54%"
"27.06.2019","4.681","4.676","4.833","4.676","11.85K","-2.48%"
"26.06.2019","4.800","4.750","4.881","4.589","12.90K","-0.21%"
"25.06.2019","4.810","4.880","4.884","4.750","33.58K","-1.17%"
"24.06.2019","4.867","4.758","4.947","4.670","28.23K","3.55%"
"21.06.2019","4.700","5.000","5.080","4.700","22.27K","-2.08%"
"20.06.2019","4.800","4.860","4.955","4.675","29.69K","3.23%"
"19.06.2019","4.650","4.550","4.789","4.540","11.83K","0.74%"
"18.06.2019","4.616","5.000","5.000","4.605","11.59K","-2.27%"
"17.06.2019","4.723","4.810","4.900","4.700","20.92K","-0.08%"
"14.06.2019","4.727","4.810","4.870","4.602","20.05K","2.76%"
"13.06.2019","4.600","4.880","4.880","4.557","12.72K","-3.14%"
"12.06.2019","4.749","4.520","4.781","4.500","19.20K","1.09%"
"11.06.2019","4.698","4.700","4.750","4.500","49.07K","-7.79%"
"10.06.2019","5.095","5.179","5.239","4.900","15.68K","-0.10%"
"07.06.2019","5.100","5.100","5.600","5.100","14.81K","-5.56%"
"06.06.2019","5.400","5.005","5.499","4.850","32.64K","5.06%"
"05.06.2019","5.140","4.860","5.200","4.857","17.69K","3.84%"
"04.06.2019","4.950","4.840","5.150","4.840","11.68K","-2.56%"
"03.06.2019","5.080","4.735","5.150","4.685","28.88K","8.85%"
"31.05.2019","4.667","4.230","4.735","4.200","32.50K","7.93%"
"30.05.2019","4.324","4.410","4.410","4.190","13.82K","0.56%"
"29.05.2019","4.300","4.085","4.468","4.085","10.29K","2.38%"
"28.05.2019","4.200","4.416","4.500","4.200","25.42K","-6.87%"
"24.05.2019","4.510","4.500","4.561","4.250","30.00K","1.35%"
"23.05.2019","4.450","4.550","4.600","4.425","38.79K","-3.26%"
"22.05.2019","4.600","4.817","4.900","4.516","55.16K","-6.12%"
"21.05.2019","4.900","5.060","5.128","4.900","12.04K","-2.37%"
"20.05.2019","5.019","4.690","5.300","4.690","12.62K","-0.61%"
"17.05.2019","5.050","5.000","5.100","4.955","13.89K","1.00%"
"16.05.2019","5.000","4.977","5.172","4.810","18.98K","-2.44%"
"15.05.2019","5.125","4.980","5.289","4.899","14.58K","0.57%"
"14.05.2019","5.096","5.307","5.307","5.030","5.34K","0.12%"
"13.05.2019","5.090","4.880","5.152","4.860","18.40K","1.94%"
"10.05.2019","4.993","4.950","5.090","4.826","16.53K","-0.14%"
"09.05.2019","5.000","5.050","5.134","4.900","17.92K","-0.99%"
"08.05.2019","5.050","5.280","5.280","5.000","10.18K","0.92%"
"07.05.2019","5.004","5.029","5.198","4.870","23.40K","-1.73%"
"06.05.2019","5.092","5.115","5.300","5.050","14.24K","-1.51%"
"03.05.2019","5.170","5.100","5.248","4.960","19.90K","1.59%"
"02.05.2019","5.089","5.000","5.156","5.000","12.93K","-0.82%"
"01.05.2019","5.131","5.390","5.390","4.950","7.02K","-1.21%"
"30.04.2019","5.194","5.120","5.330","5.034","8.77K","-0.12%"
"29.04.2019","5.200","5.545","5.671","5.100","36.15K","-3.20%"
"26.04.2019","5.372","4.911","5.457","4.911","8.75K","5.96%"
"25.04.2019","5.070","5.500","5.580","5.070","9.22K","-6.54%"
"24.04.2019","5.425","5.530","5.608","5.412","14.93K","2.79%"
"23.04.2019","5.278","5.100","5.462","5.098","8.04K","2.97%"
"22.04.2019","5.126","5.045","5.360","4.950","24.51K","0.29%"
"18.04.2019","5.111","5.200","5.294","5.000","31.69K","-1.20%"
"17.04.2019","5.173","5.300","5.500","5.100","30.26K","-3.76%"
"16.04.2019","5.375","5.500","5.500","5.250","15.92K","-2.33%"
"15.04.2019","5.503","6.030","6.030","5.503","22.67K","-6.73%"
"12.04.2019","5.900","5.790","6.062","5.790","14.40K","-0.84%"
"11.04.2019","5.950","6.000","6.000","5.660","6.05K","0.83%"
"10.04.2019","5.901","5.855","5.990","5.800","9.91K","1.74%"
"09.04.2019","5.800","5.850","5.900","5.700","10.75K","-2.19%"
"08.04.2019","5.930","5.580","5.950","5.580","29.61K","4.99%"
"05.04.2019","5.648","5.600","5.784","5.500","17.96K","2.36%"
"04.04.2019","5.518","5.900","6.000","5.300","34.83K","-3.19%"
"03.04.2019","5.700","5.845","5.900","5.700","11.02K","-3.39%"
"02.04.2019","5.900","5.909","6.175","5.800","11.85K","-0.15%"
"01.04.2019","5.909","6.406","6.406","5.800","20.11K","-4.86%"
"29.03.2019","6.211","6.100","6.211","6.000","14.02K","3.90%"
"28.03.2019","5.978","6.510","6.556","5.860","36.11K","-6.17%"
"27.03.2019","6.371","6.677","6.750","6.270","7.70K","-3.47%"
"26.03.2019","6.600","6.500","6.651","6.098","15.91K","3.12%"
"25.03.2019","6.400","6.000","6.651","5.779","48.36K","6.76%"
"22.03.2019","5.995","5.880","6.300","5.707","16.22K","0.20%"
"21.03.2019","5.983","5.885","6.006","5.736","12.90K","3.16%"
"20.03.2019","5.800","5.850","5.910","5.650","11.92K","0.00%"
"19.03.2019","5.800","5.380","5.800","5.380","20.46K","5.47%"
"18.03.2019","5.499","5.280","5.707","5.160","29.14K","4.33%"
"15.03.2019","5.271","5.500","5.570","5.000","39.59K","-5.03%"
"14.03.2019","5.550","5.600","5.850","5.300","52.87K","-3.48%"
"13.03.2019","5.750","6.064","6.219","5.600","33.35K","-4.82%"
"12.03.2019","6.041","6.220","6.220","6.020","10.65K","-1.69%"
"11.03.2019","6.145","6.400","6.400","6.000","11.71K","-2.46%"
"08.03.2019","6.300","6.070","6.300","6.010","13.10K","3.40%"
"07.03.2019","6.093","6.000","6.105","5.871","12.46K","-1.15%"
"06.03.2019","6.164","6.400","6.510","6.000","12.59K","-2.16%"
"05.03.2019","6.300","6.030","6.400","6.030","14.57K","1.61%"
"04.03.2019","6.200","6.420","6.516","5.970","40.56K","-4.97%"
"01.03.2019","6.524","6.584","6.600","6.474","7.88K","-0.52%"
"28.02.2019","6.558","6.640","6.679","6.391","14.33K","0.12%"
"27.02.2019","6.550","6.700","6.700","6.510","13.27K","-2.24%"
"26.02.2019","6.700","6.978","7.000","6.700","19.99K","-4.29%"
"25.02.2019","7.000","7.095","7.243","6.801","25.82K","-0.14%"
"22.02.2019","7.010","6.900","7.186","6.893","21.72K","1.48%"
"21.02.2019","6.908","7.195","7.312","6.795","16.52K","-4.06%"
"20.02.2019","7.200","7.230","7.500","7.200","15.01K","-0.47%"
"19.02.2019","7.234","6.815","7.461","6.740","40.39K","8.37%"
"15.02.2019","6.675","6.500","6.679","6.492","19.27K","1.75%"
"14.02.2019","6.560","6.656","6.656","6.480","12.75K","0.23%"
"13.02.2019","6.545","6.728","6.728","6.492","11.03K","-2.01%"
"12.02.2019","6.679","6.582","6.679","6.500","14.79K","1.20%"
"11.02.2019","6.600","6.808","6.857","6.570","18.78K","-4.21%"
"08.02.2019","6.890","6.782","6.923","6.760","8.73K","1.62%"
"07.02.2019","6.780","6.645","7.000","6.645","4.68K","-2.08%"
"06.02.2019","6.924","6.786","7.082","6.777","19.80K","-0.52%"
"05.02.2019","6.960","6.995","7.200","6.900","14.09K","-2.66%"
"04.02.2019","7.150","7.014","7.150","6.900","18.10K","1.25%"
"01.02.2019","7.062","6.600","7.113","6.600","26.95K","7.00%"
"31.01.2019","6.600","6.610","7.000","6.550","32.35K","-0.62%"
"30.01.2019","6.641","7.300","7.300","6.641","40.82K","-9.03%"
"29.01.2019","7.300","7.500","7.600","7.158","14.00K","-1.35%"
"28.01.2019","7.400","7.350","7.500","7.014","23.57K","0.00%"
"25.01.2019","7.400","7.075","7.450","6.932","32.06K","6.18%"
"24.01.2019","6.969","7.220","7.220","6.870","17.03K","-1.15%"
"23.01.2019","7.050","7.000","7.070","6.884","12.47K","1.97%"
"22.01.2019","6.914","7.070","7.255","6.879","22.56K","-0.04%"
"18.01.2019","6.917","7.280","7.280","6.900","29.32K","-1.19%"
"17.01.2019","7.000","7.210","7.295","7.000","17.52K","-2.37%"
"16.01.2019","7.170","7.520","7.520","7.000","30.06K","0.99%"
"15.01.2019","7.100","7.391","7.546","7.100","46.62K","-6.38%"
"14.01.2019","7.584","7.720","7.740","7.490","21.15K","-1.51%"
"11.01.2019","7.700","7.850","7.850","7.500","30.55K","-0.41%"
"10.01.2019","7.732","7.555","7.800","7.399","23.97K","1.60%"
"09.01.2019","7.610","7.311","7.619","7.300","43.94K","4.53%"
"08.01.2019","7.280","7.597","7.700","7.020","59.57K","-4.82%"
"07.01.2019","7.649","8.190","8.255","7.500","49.21K","-4.98%"
"04.01.2019","8.050","7.769","8.500","7.700","64.25K","0.63%"
"03.01.2019","8.000","6.880","8.200","6.723","70.43K","19.40%"
"02.01.2019","6.700","7.385","7.700","6.583","74.68K","-4.29%"
"31.12.2018","7.000","6.647","7.676","6.637","158.27K","12.90%"
"28.12.2018","6.200","5.220","6.200","5.100","101.30K","26.53%"
"27.12.2018","4.900","4.870","4.945","4.800","11.82K","0.00%"
"26.12.2018","4.900","5.070","5.100","4.581","19.00K","2.30%"
"24.12.2018","4.790","4.910","5.042","4.750","15.46K","-3.17%"
"21.12.2018","4.947","5.000","5.259","4.947","10.72K","-1.06%"
"20.12.2018","5.000","5.360","5.364","5.000","18.57K","-2.34%"
"19.12.2018","5.120","5.369","5.370","5.110","13.86K","-0.35%"
"18.12.2018","5.138","5.230","5.238","5.069","23.33K","-1.67%"
"17.12.2018","5.225","5.460","5.500","5.201","15.45K","0.48%"
"14.12.2018","5.200","5.444","5.530","5.100","22.48K","-6.69%"
"13.12.2018","5.573","5.883","6.010","5.400","20.00K","-7.36%"
"12.12.2018","6.016","5.900","6.016","5.771","18.84K","2.86%"
"11.12.2018","5.849","5.774","6.218","5.568","23.58K","4.07%"
"10.12.2018","5.620","5.357","5.900","5.311","27.68K","6.64%"
"07.12.2018","5.270","4.865","5.270","4.800","13.61K","10.07%"
"06.12.2018","4.788","4.550","4.854","4.550","9.51K","0.80%"
"04.12.2018","4.750","4.720","4.811","4.688","3.07K","-1.43%"
"03.12.2018","4.819","4.665","5.000","4.665","7.58K","0.08%"
"30.11.2018","4.815","4.900","4.931","4.738","11.26K","-1.73%"
"29.11.2018","4.900","4.800","4.922","4.672","10.95K","0.64%"
"28.11.2018","4.869","4.837","5.056","4.761","8.81K","1.23%"
"27.11.2018","4.810","4.950","4.950","4.786","25.89K","-1.64%"
"26.11.2018","4.890","4.883","5.003","4.883","8.53K","-0.69%"
"23.11.2018","4.924","4.911","5.002","4.830","2.81K","0.06%"
"21.11.2018","4.921","4.987","5.000","4.800","13.97K","1.19%"
"20.11.2018","4.863","5.099","5.099","4.863","9.77K","-1.14%"
"19.11.2018","4.919","5.100","5.102","4.919","17.42K","-6.13%"
"16.11.2018","5.240","4.809","5.240","4.800","37.61K","8.60%"
"15.11.2018","4.825","4.834","4.928","4.655","20.92K","-2.11%"
"14.11.2018","4.929","4.727","4.929","4.591","20.81K","7.55%"
"13.11.2018","4.583","4.717","4.759","4.583","16.21K","-0.04%"
"12.11.2018","4.585","4.730","5.159","4.585","27.19K","-4.56%"
"09.11.2018","4.804","5.080","5.249","4.570","44.73K","-7.62%"
"08.11.2018","5.200","5.295","5.300","5.030","14.43K","-0.95%"
"07.11.2018","5.250","5.200","5.320","5.175","8.52K","-0.53%"
"06.11.2018","5.278","5.100","5.349","5.092","14.77K","2.13%"
"05.11.2018","5.168","5.440","5.440","5.110","8.06K","-1.56%"
"02.11.2018","5.250","5.467","5.500","5.250","3.64K","-1.87%"
"01.11.2018","5.350","5.318","5.453","5.150","26.50K","3.62%"
"31.10.2018","5.163","5.310","5.310","5.051","12.75K","1.61%"
"30.10.2018","5.081","5.060","5.272","4.940","20.96K","-0.37%"
"29.10.2018","5.100","4.980","5.200","4.980","20.59K","-0.37%"
"26.10.2018","5.119","5.122","5.200","5.044","18.62K","-1.56%"
"25.10.2018","5.200","5.100","5.200","4.960","19.36K","0.00%"
"24.10.2018","5.200","5.190","5.331","5.100","11.58K","-1.89%"
"23.10.2018","5.300","5.220","5.400","5.100","25.24K","1.92%"
"22.10.2018","5.200","5.390","5.474","5.100","13.40K","-4.46%"
"19.10.2018","5.443","5.300","5.541","5.264","22.43K","6.52%"
"18.10.2018","5.110","5.500","5.545","5.100","31.09K","-6.34%"
"17.10.2018","5.456","5.584","5.584","5.450","11.69K","-3.31%"
"16.10.2018","5.643","5.680","5.875","5.500","21.47K","0.32%"
"15.10.2018","5.625","5.912","6.100","5.600","31.65K","-2.17%"
"12.10.2018","5.750","5.860","5.864","5.709","19.55K","-2.54%"
"11.10.2018","5.900","6.100","6.100","5.426","66.10K","-3.10%"
"10.10.2018","6.089","6.200","6.200","5.978","17.92K","-2.70%"
"09.10.2018","6.258","6.819","6.819","6.151","18.57K","-5.47%"
"08.10.2018","6.620","6.569","7.000","6.569","9.60K","-2.93%"
"05.10.2018","6.820","6.720","6.899","6.720","6.31K","2.60%"
"04.10.2018","6.647","6.500","6.765","6.494","10.94K","0.71%"
"03.10.2018","6.600","6.430","6.829","6.430","14.25K","-2.12%"
"02.10.2018","6.743","6.987","6.997","6.550","14.15K","-4.52%"
"01.10.2018","7.062","7.095","7.100","6.786","13.52K","0.17%"
"28.09.2018","7.050","6.500","7.100","6.477","28.66K","9.30%"
"27.09.2018","6.450","6.480","6.480","6.272","10.43K","1.49%"
"26.09.2018","6.355","6.455","6.455","6.250","14.10K","-0.87%"
"25.09.2018","6.411","6.600","6.600","6.399","24.18K","-2.73%"
"24.09.2018","6.591","6.620","6.682","6.400","19.43K","0.86%"
"21.09.2018","6.535","6.800","6.850","6.345","23.88K","-0.68%"
"20.09.2018","6.580","6.630","6.700","6.493","28.53K","-0.23%"
"19.09.2018","6.595","6.436","6.681","6.247","31.89K","4.52%"
"18.09.2018","6.310","6.200","6.380","6.100","17.41K","3.49%"
"17.09.2018","6.097","6.010","6.629","5.844","91.95K","1.94%"
"14.09.2018","5.981","6.000","6.202","5.890","18.34K","-1.97%"
"13.09.2018","6.101","6.050","6.300","6.028","21.41K","-2.63%"
"12.09.2018","6.266","6.390","6.390","6.000","21.38K","0.26%"
"11.09.2018","6.250","6.208","6.445","6.200","15.48K","-1.39%"
"10.09.2018","6.338","6.340","6.400","6.100","40.90K","0.14%"
"07.09.2018","6.329","6.359","6.486","6.045","20.29K","1.13%"
"06.09.2018","6.258","6.408","6.491","6.258","12.45K","-1.09%"
"05.09.2018","6.327","6.640","6.719","6.300","19.39K","-4.14%"
"04.09.2018","6.600","6.860","7.000","6.500","25.75K","-4.49%"
"31.08.2018","6.910","6.982","7.080","6.745","12.81K","0.71%"
"30.08.2018","6.861","6.890","7.100","6.800","15.55K","-1.99%"
"29.08.2018","7.000","7.200","7.261","7.000","11.19K","-2.78%"
"28.08.2018","7.200","6.990","7.400","6.883","23.18K","4.85%"
"27.08.2018","6.867","7.099","7.100","6.850","22.94K","-3.08%"
"24.08.2018","7.085","7.318","7.490","7.000","27.48K","-1.10%"
"23.08.2018","7.164","6.930","7.460","6.775","15.64K","3.93%"
"22.08.2018","6.893","6.952","7.029","6.747","10.17K","-1.53%"
"21.08.2018","7.000","6.790","7.000","6.710","24.68K","2.94%"
"20.08.2018","6.800","6.700","6.841","6.700","18.40K","1.49%"
"17.08.2018","6.700","6.390","6.801","6.390","17.56K","1.78%"
"16.08.2018","6.583","6.600","6.800","6.250","36.19K","0.43%"
"15.08.2018","6.555","6.980","6.980","6.400","32.24K","-5.08%"
"14.08.2018","6.906","6.550","6.907","6.550","22.99K","4.62%"
"13.08.2018","6.601","6.900","6.919","6.520","13.63K","-3.71%"
"10.08.2018","6.855","6.900","7.000","6.717","15.23K","-0.04%"
"09.08.2018","6.858","6.944","6.963","6.700","16.50K","-2.03%"
"08.08.2018","7.000","6.920","7.109","6.882","7.48K","1.45%"
"07.08.2018","6.900","6.800","7.050","6.800","9.66K","-1.46%"
"06.08.2018","7.002","6.700","7.297","6.700","14.22K","2.96%"
"03.08.2018","6.801","6.640","8.700","6.601","20.05K","2.42%"
"02.08.2018","6.640","6.850","6.850","6.516","18.52K","-0.79%"
"01.08.2018","6.693","6.580","6.959","6.580","19.36K","-3.00%"
"31.07.2018","6.900","6.860","7.014","6.860","15.84K","-1.43%"
"30.07.2018","7.000","7.050","7.168","6.922","19.04K","-1.39%"
"27.07.2018","7.099","7.070","7.248","7.050","10.87K","0.92%"
"26.07.2018","7.034","7.204","7.379","7.034","18.28K","-1.42%"
"25.07.2018","7.135","7.327","7.450","7.122","12.65K","-4.70%"
"24.07.2018","7.487","7.425","7.495","7.100","13.95K","3.27%"
"23.07.2018","7.250","7.130","7.600","7.130","21.00K","1.68%"
"20.07.2018","7.130","7.305","7.400","7.050","14.63K","1.13%"
"19.07.2018","7.050","7.100","7.290","6.900","16.94K","-2.08%"
"18.07.2018","7.200","7.000","7.349","7.000","23.36K","2.86%"
"17.07.2018","7.000","6.800","7.189","6.800","22.32K","2.64%"
"16.07.2018","6.820","7.047","7.509","6.800","59.49K","-6.58%"
"13.07.2018","7.300","6.950","7.300","6.950","17.19K","3.50%"
"12.07.2018","7.053","7.200","7.259","7.000","19.29K","-2.04%"
"11.07.2018","7.200","7.400","7.400","6.991","23.44K","-2.29%"
"10.07.2018","7.369","7.300","7.445","7.131","14.98K","0.50%"
"09.07.2018","7.332","7.621","7.700","7.330","12.58K","-2.78%"
"06.07.2018","7.542","7.582","7.660","7.400","12.81K","-1.28%"
"05.07.2018","7.640","7.590","7.650","7.337","18.85K","-0.12%"
"03.07.2018","7.649","7.600","7.652","7.403","11.46K","-0.40%"
"02.07.2018","7.680","7.300","8.500","7.300","16.41K","3.11%"
"29.06.2018","7.448","7.620","7.633","7.000","26.16K","0.39%"
"28.06.2018","7.419","7.395","7.797","7.300","15.65K","-2.47%"
"27.06.2018","7.607","7.404","7.719","7.404","17.13K","0.86%"
"26.06.2018","7.542","7.640","7.790","7.500","27.14K","-2.15%"
"25.06.2018","7.708","7.795","8.030","7.560","29.24K","-4.18%"
"22.06.2018","8.044","8.074","8.125","7.926","12.64K","0.27%"
"21.06.2018","8.022","8.000","8.236","7.900","22.28K","0.28%"
"20.06.2018","8.000","8.340","8.340","8.000","12.90K","-2.92%"
"19.06.2018","8.241","8.280","8.359","8.100","13.09K","-0.59%"
"18.06.2018","8.290","8.100","8.387","8.100","24.57K","0.75%"
"15.06.2018","8.228","8.300","8.321","8.100","8.47K","-0.88%"
"14.06.2018","8.301","8.105","8.500","8.105","15.96K","-2.33%"
"13.06.2018","8.499","8.275","8.500","8.100","32.03K","2.77%"
"12.06.2018","8.270","8.270","8.430","8.150","17.07K","-2.05%"
"11.06.2018","8.443","8.500","8.600","8.400","17.79K","0.40%"
"08.06.2018","8.409","8.295","8.409","8.200","12.39K","0.49%"
"07.06.2018","8.368","8.454","8.454","8.200","23.87K","0.83%"
"06.06.2018","8.299","8.591","8.600","8.220","13.76K","-0.91%"
"05.06.2018","8.375","8.160","8.500","8.160","14.66K","0.78%"
"04.06.2018","8.310","8.377","8.560","8.230","21.18K","-1.66%"
"01.06.2018","8.450","8.440","8.626","8.271","12.98K","-0.04%"
"31.05.2018","8.453","8.500","8.722","8.375","20.38K","-0.55%"
"30.05.2018","8.500","8.535","8.770","8.300","13.96K","1.19%"
"29.05.2018","8.400","8.030","8.500","7.985","23.43K","2.44%"
"25.05.2018","8.200","8.579","8.740","8.200","27.65K","-3.53%"
"24.05.2018","8.500","8.744","8.817","8.500","16.12K","0.00%"
"23.05.2018","8.500","8.823","8.997","8.500","21.05K","-4.17%"
"22.05.2018","8.870","8.890","9.040","8.800","25.66K","-0.89%"
"21.05.2018","8.950","8.900","8.950","8.500","25.12K","0.56%"
"18.05.2018","8.900","8.885","9.200","8.810","21.36K","-2.31%"
"17.05.2018","9.110","8.960","9.150","8.950","22.08K","0.11%"
"16.05.2018","9.100","9.050","9.200","8.900","26.91K","3.41%"
"15.05.2018","8.800","9.105","9.169","8.500","40.26K","-1.47%"
"14.05.2018","8.931","9.246","9.500","8.800","55.35K","0.01%"
"11.05.2018","8.930","9.380","9.500","8.310","80.36K","-3.47%"
"10.05.2018","9.251","9.000","9.353","8.970","115.96K","6.33%"
"09.05.2018","8.700","8.000","9.000","8.000","107.02K","16.39%"
"08.05.2018","7.475","7.370","7.600","7.370","21.50K","0.71%"
"07.05.2018","7.422","7.290","7.588","7.290","19.59K","0.98%"
"04.05.2018","7.350","7.700","7.760","7.137","16.05K","-3.29%"
"03.05.2018","7.600","7.900","8.000","7.400","19.73K","-2.80%"
"02.05.2018","7.819","6.886","8.100","6.698","42.26K","16.70%"
"01.05.2018","6.700","6.900","6.900","6.500","33.39K","-4.29%"
"30.04.2018","7.000","7.280","7.429","6.741","35.69K","-2.78%"
"27.04.2018","7.200","7.100","7.492","7.000","22.87K","-2.65%"
"26.04.2018","7.396","7.493","7.585","7.200","28.44K","-1.43%"
"25.04.2018","7.503","7.845","7.908","7.400","38.96K","-4.05%"
"24.04.2018","7.820","8.200","8.399","7.750","32.89K","-4.40%"
"23.04.2018","8.180","8.100","8.300","8.046","46.64K","0.64%"
"20.04.2018","8.128","8.140","8.200","7.980","21.48K","-0.27%"
"19.04.2018","8.150","8.200","8.300","8.000","22.52K","0.22%"
"18.04.2018","8.132","8.200","8.200","7.733","37.95K","2.62%"
"17.04.2018","7.924","8.400","8.400","7.879","50.02K","-3.37%"
"16.04.2018","8.200","7.700","8.245","7.700","68.63K","4.05%"
"13.04.2018","7.881","7.700","7.897","7.550","45.13K","5.08%"
"12.04.2018","7.500","7.534","7.700","7.385","15.96K","-1.32%"
"11.04.2018","7.600","7.700","7.769","7.600","29.69K","-1.30%"
"10.04.2018","7.700","7.550","7.700","7.480","14.29K","2.31%"
"09.04.2018","7.526","7.460","7.652","7.425","12.30K","1.70%"
"06.04.2018","7.400","7.650","7.700","7.390","14.75K","-0.64%"
"05.04.2018","7.448","7.542","7.600","7.380","19.67K","0.65%"
"04.04.2018","7.400","7.300","7.679","7.240","32.09K","0.27%"
"03.04.2018","7.380","7.400","7.600","7.290","13.76K","1.51%"
"02.04.2018","7.270","7.400","7.480","7.200","17.08K","-1.22%"
"29.03.2018","7.360","7.300","7.360","7.200","14.05K","1.94%"
"28.03.2018","7.220","7.390","7.500","7.200","25.31K","-3.09%"
"27.03.2018","7.450","7.675","7.750","7.350","16.44K","-3.86%"
"26.03.2018","7.749","7.960","7.960","7.600","35.74K","0.51%"
"23.03.2018","7.710","7.550","7.900","7.550","22.46K","-0.71%"
"22.03.2018","7.765","7.600","7.860","7.600","33.55K","0.86%"
"21.03.2018","7.699","7.600","7.753","7.475","11.30K","1.32%"
"20.03.2018","7.599","7.695","7.700","7.400","17.99K","-1.31%"
"19.03.2018","7.700","7.560","7.835","7.420","38.52K","6.94%"
"16.03.2018","7.200","6.990","7.229","6.990","18.90K","1.41%"
"15.03.2018","7.100","7.358","7.698","7.088","24.58K","-2.74%"
"14.03.2018","7.300","7.601","7.646","7.203","21.58K","-3.78%"
"13.03.2018","7.587","7.822","8.000","7.500","27.32K","0.44%"
"12.03.2018","7.554","7.135","8.200","6.991","63.62K","8.05%"
"09.03.2018","6.991","7.100","7.381","6.855","26.67K","-1.54%"
"08.03.2018","7.100","7.175","7.400","6.900","16.82K","-2.34%"
"07.03.2018","7.270","7.620","7.700","7.161","29.71K","-1.74%"
"06.03.2018","7.399","7.368","7.444","7.195","12.85K","1.50%"
"05.03.2018","7.290","7.120","7.369","7.000","13.81K","0.69%"
"02.03.2018","7.240","6.500","7.250","6.500","10.81K","0.53%"
"01.03.2018","7.202","7.000","7.202","6.720","29.61K","2.89%"
"28.02.2018","7.000","6.928","7.067","6.898","33.24K","2.10%"
"27.02.2018","6.856","7.190","7.270","6.700","33.32K","-2.06%"
"26.02.2018","7.000","6.740","7.100","6.600","63.89K","4.01%"
"23.02.2018","6.730","6.350","6.741","6.350","42.14K","5.16%"
"22.02.2018","6.400","6.870","6.970","5.701","106.88K","-5.06%"
"21.02.2018","6.741","7.050","7.230","6.510","30.55K","-3.70%"
"20.02.2018","7.000","7.660","7.660","6.985","40.72K","-6.54%"
"16.02.2018","7.490","7.520","7.750","7.300","22.39K","-1.90%"
"15.02.2018","7.635","7.620","8.000","7.500","29.50K","-3.63%"
"14.02.2018","7.923","7.524","7.964","7.524","29.99K","2.50%"
"13.02.2018","7.730","8.100","8.100","7.600","37.60K","0.00%"
"12.02.2018","7.730","7.500","8.060","7.473","37.71K","7.36%"
"09.02.2018","7.200","7.740","7.900","7.131","41.01K","-7.69%"
"08.02.2018","7.800","8.000","8.000","7.528","25.87K","1.73%"
"07.02.2018","7.667","7.710","7.900","7.451","30.78K","-3.13%"
"06.02.2018","7.915","8.250","8.365","7.687","32.47K","-3.46%"
"05.02.2018","8.199","8.000","8.299","7.730","41.64K","6.48%"
"02.02.2018","7.700","7.890","7.911","7.600","35.63K","-4.89%"
"01.02.2018","8.096","7.830","8.199","7.441","33.54K","3.79%"
"31.01.2018","7.800","8.029","8.350","7.497","54.25K","-3.47%"
"30.01.2018","8.080","8.480","8.900","7.896","68.83K","-6.30%"
"29.01.2018","8.623","8.150","8.800","7.890","130.10K","9.46%"
"26.01.2018","7.878","8.297","8.500","7.800","107.30K","-1.53%"
"25.01.2018","8.000","7.755","8.155","7.600","88.28K","3.90%"
"24.01.2018","7.700","7.665","7.892","7.500","57.30K","6.00%"
"23.01.2018","7.264","7.400","7.640","7.093","59.31K","-2.08%"
"22.01.2018","7.418","7.030","7.569","7.000","115.00K","11.11%"
"19.01.2018","6.676","6.950","7.110","6.535","24.86K","1.14%"
"18.01.2018","6.601","6.920","7.098","6.543","64.38K","-4.91%"
"17.01.2018","6.942","7.100","7.900","6.859","183.17K","-2.23%"
"16.01.2018","7.100","6.181","7.160","6.179","180.00K","33.23%"
"12.01.2018","5.329","5.126","5.550","4.916","55.88K","6.41%"
"11.01.2018","5.008","4.722","5.045","4.679","53.68K","6.51%"
"10.01.2018","4.702","4.500","4.702","4.463","16.44K","2.66%"
"09.01.2018","4.580","4.460","4.598","4.460","7.36K","-0.80%"
"08.01.2018","4.617","4.485","4.688","4.402","10.94K","0.37%"
"05.01.2018","4.600","4.600","4.778","4.492","17.28K","-0.48%"
"04.01.2018","4.622","4.685","4.800","4.606","11.12K","-1.66%"
"03.01.2018","4.700","4.800","4.900","4.700","16.95K","-2.08%"
"02.01.2018","4.800","4.809","4.900","4.616","11.89K","0.06%"
"29.12.2017","4.797","4.762","4.900","4.602","11.06K","-0.74%"
"28.12.2017","4.833","4.583","4.900","4.581","20.50K","6.69%"
"27.12.2017","4.530","4.644","4.650","4.484","25.60K","-0.44%"
"26.12.2017","4.550","4.650","4.650","4.200","13.48K","-2.15%"
"22.12.2017","4.650","4.555","4.795","4.500","27.80K","-0.28%"
"21.12.2017","4.663","4.679","4.800","4.638","9.56K","-2.04%"
"20.12.2017","4.760","4.800","4.854","4.640","12.42K","-3.62%"
"19.12.2017","4.939","4.708","4.939","4.554","11.42K","4.66%"
"18.12.2017","4.719","4.770","4.843","4.524","13.52K","2.59%"
"15.12.2017","4.600","4.667","4.861","4.600","5.29K","-1.79%"
"14.12.2017","4.684","4.805","4.902","4.684","18.36K","-5.07%"
"13.12.2017","4.934","4.846","5.001","4.739","21.01K","0.69%"
"12.12.2017","4.900","4.400","4.950","4.400","41.03K","7.27%"
"11.12.2017","4.568","4.413","4.568","4.400","18.74K","2.65%"
"08.12.2017","4.450","4.414","4.555","4.384","9.39K","-2.60%"
"07.12.2017","4.569","4.413","4.569","4.320","16.03K","2.70%"
"06.12.2017","4.449","4.398","4.597","4.379","16.63K","-0.98%"
"05.12.2017","4.493","4.480","4.671","4.470","21.80K","-0.16%"
"04.12.2017","4.500","4.552","4.700","4.469","41.67K","-2.74%"
"01.12.2017","4.627","5.000","5.174","4.292","107.77K","-7.87%"
"30.11.2017","5.022","5.031","5.150","5.013","5.18K","-0.38%"
"29.11.2017","5.041","5.177","5.214","5.024","7.55K","-2.02%"
"28.11.2017","5.145","5.370","5.398","5.100","6.48K","-3.05%"
"27.11.2017","5.307","5.431","5.494","5.166","16.51K","-1.72%"
"24.11.2017","5.400","5.500","5.605","5.369","3.88K","-1.60%"
"22.11.2017","5.488","5.575","5.670","5.225","16.99K","-1.08%"
"21.11.2017","5.548","5.400","5.654","5.380","9.67K","3.10%"
"20.11.2017","5.381","5.400","5.568","5.218","11.09K","-1.65%"
"17.11.2017","5.471","5.450","5.576","5.305","7.88K","0.74%"
"16.11.2017","5.431","5.434","5.600","5.411","2.52K","-2.11%"
"15.11.2017","5.548","5.550","5.790","5.400","8.27K","-0.93%"
"14.11.2017","5.600","5.982","6.100","5.558","6.30K","-6.65%"
"13.11.2017","5.999","5.877","6.050","5.846","7.91K","1.78%"
"10.11.2017","5.894","5.968","6.011","5.888","12.21K","-0.12%"
"09.11.2017","5.901","5.880","6.000","5.872","6.56K","-1.09%"
"08.11.2017","5.966","6.108","6.112","5.870","2.60K","1.95%"
"07.11.2017","5.852","5.583","6.083","5.583","7.15K","0.74%"
"06.11.2017","5.809","5.750","5.839","5.707","8.27K","1.03%"
"03.11.2017","5.750","6.100","6.125","5.715","18.01K","-5.69%"
"02.11.2017","6.097","6.076","6.100","5.999","5.62K","0.79%"
"01.11.2017","6.049","6.023","6.137","5.945","3.90K","2.13%"
"31.10.2017","5.923","5.838","6.071","5.800","7.85K","0.05%"
"30.10.2017","5.920","5.822","6.000","5.763","10.47K","2.74%"
"27.10.2017","5.762","5.800","5.819","5.654","9.81K","1.57%"
"26.10.2017","5.673","5.707","6.000","5.602","14.51K","-0.47%"
"25.10.2017","5.700","5.599","5.806","5.550","6.71K","0.09%"
"24.10.2017","5.695","5.634","5.713","5.500","8.72K","-0.09%"
"23.10.2017","5.700","5.800","5.850","5.684","7.86K","-1.72%"
"20.10.2017","5.800","5.681","5.880","5.620","14.34K","-0.85%"
"19.10.2017","5.850","5.800","5.876","5.748","7.12K","1.65%"
"18.10.2017","5.755","5.800","5.844","5.660","11.23K","0.05%"
"17.10.2017","5.752","5.700","5.800","5.530","3.75K","1.39%"
"16.10.2017","5.673","5.745","5.800","5.500","7.69K","-1.68%"
"13.10.2017","5.770","5.632","5.770","5.499","9.87K","2.12%"
"12.10.2017","5.650","5.520","5.699","5.400","8.00K","4.63%"
"11.10.2017","5.400","5.500","5.500","5.278","6.69K","-1.82%"
"10.10.2017","5.500","5.301","5.537","5.259","7.11K","5.77%"
"09.10.2017","5.200","5.300","5.300","5.200","5.58K","-2.62%"
"06.10.2017","5.340","5.274","5.428","5.230","4.39K","0.95%"
"05.10.2017","5.290","5.350","5.445","5.243","5.27K","-1.64%"
"04.10.2017","5.378","5.522","5.522","5.200","10.15K","1.49%"
"03.10.2017","5.299","5.550","5.598","5.200","7.86K","-1.01%"
"02.10.2017","5.353","5.288","5.510","5.200","9.35K","1.23%"
"29.09.2017","5.288","5.288","5.323","5.180","2.96K","-0.43%"
"28.09.2017","5.311","5.207","5.400","5.188","8.93K","2.13%"
"27.09.2017","5.200","5.596","5.600","5.195","36.24K","-6.56%"
"26.09.2017","5.565","5.663","5.670","5.500","5.73K","-1.77%"
"25.09.2017","5.665","5.600","5.800","5.540","11.43K","-1.96%"
"22.09.2017","5.778","5.721","5.778","5.646","6.72K","1.92%"
"21.09.2017","5.669","5.647","5.852","5.645","7.17K","-1.48%"
"20.09.2017","5.754","5.853","5.896","5.600","26.00K","0.95%"
"19.09.2017","5.700","5.775","5.862","5.700","2.59K","-1.66%"
"18.09.2017","5.796","5.925","5.925","5.666","9.56K","0.02%"
"15.09.2017","5.795","5.890","6.029","5.795","6.26K","-0.10%"
"14.09.2017","5.801","5.999","6.000","5.800","5.71K","-2.14%"
"13.09.2017","5.928","6.086","6.099","5.737","11.83K","-0.37%"
"12.09.2017","5.950","6.000","6.100","5.833","5.46K","0.49%"
"11.09.2017","5.921","6.130","6.130","5.921","11.52K","-4.28%"
"08.09.2017","6.186","6.297","6.297","5.911","25.06K","-0.23%"
"07.09.2017","6.200","6.040","6.283","6.040","20.97K","3.26%"
"06.09.2017","6.004","6.067","6.200","6.004","8.50K","-1.57%"
"05.09.2017","6.100","6.243","6.300","6.036","13.25K","-0.16%"
"01.09.2017","6.110","6.181","6.310","6.110","16.47K","0.00%"
"31.08.2017","6.110","6.026","6.347","6.026","22.72K","0.16%"
"30.08.2017","6.100","6.200","6.290","6.071","11.04K","0.83%"
"29.08.2017","6.050","6.300","6.379","6.050","31.83K","-0.49%"
"28.08.2017","6.080","5.841","6.103","5.750","13.63K","5.74%"
"25.08.2017","5.750","5.651","5.806","5.651","7.22K","0.45%"
"24.08.2017","5.724","5.802","5.802","5.643","6.88K","0.12%"
"23.08.2017","5.717","5.800","5.850","5.717","4.45K","-1.45%"
"22.08.2017","5.801","5.815","5.900","5.800","9.00K","0.02%"
"21.08.2017","5.800","5.702","5.936","5.700","5.18K","1.54%"
"18.08.2017","5.712","5.950","5.950","5.625","11.47K","0.83%"
"17.08.2017","5.665","5.798","5.798","5.664","4.23K","-0.23%"
"16.08.2017","5.678","5.600","5.799","5.600","10.23K","-0.04%"
"15.08.2017","5.680","6.000","6.000","5.570","19.86K","-5.80%"
"14.08.2017","6.030","5.922","6.079","5.800","8.14K","0.50%"
"11.08.2017","6.000","6.084","6.130","5.800","9.03K","-1.10%"
"10.08.2017","6.067","5.890","6.100","5.890","8.37K","1.13%"
"09.08.2017","5.999","5.844","6.005","5.800","10.68K","3.63%"
"08.08.2017","5.789","6.009","6.009","5.743","6.52K","0.68%"
"07.08.2017","5.750","6.000","6.099","5.750","10.72K","-4.17%"
"04.08.2017","6.000","6.047","6.050","5.750","8.51K","0.50%"
"03.08.2017","5.970","6.000","6.015","5.866","6.46K","-0.32%"
"02.08.2017","5.989","6.024","6.100","5.885","8.09K","-1.58%"
"01.08.2017","6.085","6.067","6.200","5.962","8.94K","-1.85%"
"31.07.2017","6.200","6.275","6.355","6.080","10.52K","-1.59%"
"28.07.2017","6.300","6.150","6.355","6.076","16.45K","2.91%"
"27.07.2017","6.122","6.420","6.420","6.103","12.04K","-3.24%"
"26.07.2017","6.327","6.335","6.440","6.251","18.69K","0.21%"
"25.07.2017","6.314","6.350","6.400","6.300","13.20K","-0.02%"
"24.07.2017","6.315","6.256","6.343","6.200","14.19K","1.10%"
"21.07.2017","6.246","6.091","6.246","6.091","13.14K","1.71%"
"20.07.2017","6.141","6.270","6.270","5.884","7.05K","1.39%"
"19.07.2017","6.057","6.162","6.218","5.931","10.81K","-1.11%"
"18.07.2017","6.125","5.983","6.200","5.932","13.21K","3.62%"
"17.07.2017","5.911","5.961","6.097","5.850","13.91K","0.66%"
"14.07.2017","5.872","5.700","5.887","5.497","7.91K","5.14%"
"13.07.2017","5.585","5.520","5.682","5.463","12.19K","1.36%"
"12.07.2017","5.510","5.400","5.533","5.320","16.42K","7.45%"
"11.07.2017","5.128","5.135","5.319","5.100","15.84K","-3.61%"
"10.07.2017","5.320","5.345","5.572","5.101","22.69K","-2.47%"
"07.07.2017","5.455","5.500","5.506","5.337","9.26K","-0.78%"
"06.07.2017","5.498","5.400","5.586","5.387","8.90K","-1.33%"
"05.07.2017","5.572","5.700","5.770","5.447","12.56K","-0.77%"
"03.07.2017","5.615","5.800","5.830","5.615","10.15K","0.68%"
"30.06.2017","5.577","5.358","5.577","5.201","15.84K","3.72%"
"29.06.2017","5.377","5.490","5.490","5.278","5.80K","-3.05%"
"28.06.2017","5.546","5.399","5.546","5.300","10.45K","1.80%"
"27.06.2017","5.448","5.582","5.600","5.400","10.47K","-1.48%"
"26.06.2017","5.530","5.400","5.547","5.346","7.20K","-0.49%"
"23.06.2017","5.557","5.520","5.675","5.498","5.89K","1.81%"
"22.06.2017","5.458","5.541","5.650","5.414","12.15K","-0.76%"
"21.06.2017","5.500","5.320","5.514","5.320","4.91K","3.77%"
"20.06.2017","5.300","5.320","5.454","5.250","15.26K","-0.30%"
"19.06.2017","5.316","5.470","5.600","5.300","7.20K","-1.88%"
"16.06.2017","5.418","5.513","5.612","5.364","14.12K","-1.87%"
"15.06.2017","5.521","5.520","5.670","5.300","5.60K","3.43%"
"14.06.2017","5.338","5.749","5.788","5.338","14.45K","-5.42%"
"13.06.2017","5.644","5.631","5.749","5.550","4.76K","0.00%"
"12.06.2017","5.644","5.650","5.749","5.596","7.74K","-0.11%"
"09.06.2017","5.650","5.800","5.800","5.600","9.24K","-0.11%"
"08.06.2017","5.656","5.800","5.800","5.600","7.33K","0.21%"
"07.06.2017","5.644","5.750","5.901","5.600","5.99K","-4.39%"
"06.06.2017","5.903","5.600","5.968","5.594","19.96K","5.07%"
"05.06.2017","5.618","5.590","5.801","5.546","14.25K","-1.35%"
"02.06.2017","5.695","5.572","5.800","5.497","10.28K","3.85%"
"01.06.2017","5.484","5.585","5.585","5.306","9.99K","-1.38%"
"31.05.2017","5.561","5.641","5.930","5.532","13.05K","0.20%"
"30.05.2017","5.550","5.686","5.954","5.478","6.73K","-0.07%"
"26.05.2017","5.554","5.820","5.890","5.551","7.65K","-3.34%"
"25.05.2017","5.746","5.792","6.034","5.617","14.32K","-3.95%"
"24.05.2017","5.982","5.900","6.000","5.777","5.01K","1.39%"
"23.05.2017","5.900","5.996","6.075","5.890","15.44K","0.65%"
"22.05.2017","5.862","6.000","6.045","5.800","4.51K","-0.88%"
"19.05.2017","5.914","5.876","6.012","5.865","9.89K","0.90%"
"18.05.2017","5.861","5.929","6.000","5.636","5.45K","-1.15%"
"17.05.2017","5.929","5.967","6.119","5.850","14.45K","0.27%"
"16.05.2017","5.913","5.396","5.913","5.217","15.32K","9.54%"
"15.05.2017","5.398","5.527","5.665","5.363","8.76K","-1.55%"
"12.05.2017","5.483","5.549","5.638","5.372","13.16K","-1.91%"
"11.05.2017","5.590","5.160","5.636","5.160","9.86K","7.94%"
"10.05.2017","5.179","5.100","5.297","5.100","10.15K","0.56%"
"09.05.2017","5.150","5.246","5.413","5.070","24.08K","-1.57%"
"08.05.2017","5.232","5.590","5.632","5.232","11.11K","-5.30%"
"05.05.2017","5.525","5.210","5.642","5.145","16.24K","9.15%"
"04.05.2017","5.062","5.373","5.426","5.000","41.64K","-7.61%"
"03.05.2017","5.479","5.434","5.584","5.400","7.05K","0.98%"
"02.05.2017","5.426","5.493","5.619","5.299","7.44K","-1.35%"
"01.05.2017","5.500","5.800","5.800","5.026","41.66K","-3.51%"
"28.04.2017","5.700","5.755","5.950","5.700","11.66K","-3.03%"
"27.04.2017","5.878","5.850","5.894","5.760","6.47K","-0.27%"
"26.04.2017","5.894","5.793","5.899","5.648","10.41K","2.15%"
"25.04.2017","5.770","5.850","5.900","5.640","13.28K","-0.98%"
"24.04.2017","5.827","6.111","6.111","5.800","14.19K","-2.57%"
"21.04.2017","5.981","5.970","6.172","5.910","6.62K","-0.47%"
"20.04.2017","6.009","5.985","6.175","5.985","4.10K","0.15%"
"19.04.2017","6.000","6.269","6.269","6.000","20.56K","-3.23%"
"18.04.2017","6.200","6.150","6.300","6.100","12.96K","-0.80%"
"17.04.2017","6.250","6.546","6.723","6.136","14.65K","-4.07%"
"13.04.2017","6.515","6.367","6.600","6.243","23.63K","2.73%"
"12.04.2017","6.342","6.181","6.348","6.083","15.39K","2.70%"
"11.04.2017","6.175","5.832","6.175","5.825","15.62K","6.47%"
"10.04.2017","5.800","5.700","6.010","5.700","21.76K","1.36%"
"07.04.2017","5.722","5.913","6.010","5.720","33.25K","-1.34%"
"06.04.2017","5.800","5.861","6.000","5.800","14.83K","-2.93%"
"05.04.2017","5.975","6.070","6.129","5.900","4.96K","-0.71%"
"04.04.2017","6.018","6.130","6.273","5.932","8.00K","-2.42%"
"03.04.2017","6.167","6.030","6.400","6.030","16.16K","2.27%"
"31.03.2017","6.030","5.994","6.100","5.840","19.85K","3.95%"
"30.03.2017","5.801","6.110","6.110","5.769","6.08K","-2.42%"
"29.03.2017","5.945","5.658","5.945","5.620","7.26K","4.26%"
"28.03.2017","5.702","5.890","5.922","5.600","10.75K","-3.06%"
"27.03.2017","5.882","6.306","6.368","5.558","28.40K","-5.49%"
"24.03.2017","6.224","6.155","6.224","6.034","2.83K","1.01%"
"23.03.2017","6.162","6.167","6.311","6.050","5.08K","0.51%"
"22.03.2017","6.131","6.216","6.500","6.100","19.78K","-2.90%"
"21.03.2017","6.314","6.046","6.318","5.931","16.44K","4.97%"
"20.03.2017","6.015","6.214","6.297","5.900","6.24K","-2.53%"
"17.03.2017","6.171","6.133","6.184","6.000","9.84K","2.83%"
"16.03.2017","6.001","6.370","6.417","6.000","20.05K","-1.94%"
"15.03.2017","6.120","5.963","6.179","5.800","13.87K","4.08%"
"14.03.2017","5.880","5.802","5.958","5.759","10.72K","1.00%"
"13.03.2017","5.822","5.702","6.120","5.671","14.36K","5.85%"
"10.03.2017","5.500","5.200","5.600","5.200","12.02K","5.79%"
"09.03.2017","5.199","5.311","5.427","5.086","18.36K","-3.49%"
"08.03.2017","5.387","5.295","5.548","5.259","9.98K","-1.66%"
"07.03.2017","5.478","5.650","5.706","5.372","17.27K","-3.66%"
"06.03.2017","5.686","5.826","5.925","5.569","19.16K","0.48%"
"03.03.2017","5.659","5.576","5.800","5.466","17.94K","0.44%"
"02.03.2017","5.634","5.735","5.945","5.577","25.72K","-3.40%"
"01.03.2017","5.832","6.098","6.226","5.500","34.85K","-5.22%"
"28.02.2017","6.153","6.609","6.685","6.076","25.41K","-6.98%"
"27.02.2017","6.615","6.830","6.850","6.615","12.48K","-1.49%"
"24.02.2017","6.715","7.043","7.048","6.700","21.04K","-3.46%"
"23.02.2017","6.956","7.000","7.000","6.500","14.65K","3.82%"
"22.02.2017","6.700","6.997","6.997","6.500","27.68K","-3.57%"
"21.02.2017","6.948","7.019","7.100","6.900","15.55K","-2.14%"
"17.02.2017","7.100","6.900","7.193","6.900","31.68K","-0.03%"
"16.02.2017","7.102","7.010","7.226","6.981","13.23K","-0.45%"
"15.02.2017","7.134","7.039","7.200","7.014","41.69K","1.91%"
"14.02.2017","7.000","7.090","7.090","6.800","18.29K","2.01%"
"13.02.2017","6.862","6.802","7.000","6.697","18.87K","-1.55%"
"10.02.2017","6.970","6.849","6.983","6.600","8.66K","1.44%"
"09.02.2017","6.871","7.043","7.187","6.676","33.97K","1.22%"
"08.02.2017","6.788","7.190","7.350","6.788","49.50K","-5.18%"
"07.02.2017","7.159","6.930","7.166","6.800","16.25K","1.50%"
"06.02.2017","7.053","6.734","7.053","6.734","16.04K","4.74%"
"03.02.2017","6.734","6.928","7.021","6.700","16.80K","0.51%"
"02.02.2017","6.700","6.903","7.024","6.657","20.66K","-2.32%"
"01.02.2017","6.859","6.610","6.925","6.600","6.92K","2.37%"
"31.01.2017","6.700","6.700","7.000","6.588","10.57K","0.00%"
"30.01.2017","6.700","6.890","7.026","6.546","19.92K","-2.90%"
"27.01.2017","6.900","6.909","6.961","6.700","6.64K","0.33%"
"26.01.2017","6.877","7.079","7.079","6.700","20.61K","-4.15%"
"25.01.2017","7.175","7.030","7.200","6.810","17.63K","3.54%"
"24.01.2017","6.930","6.970","7.120","6.600","13.45K","3.43%"
"23.01.2017","6.700","6.550","6.900","6.500","32.07K","3.49%"
"20.01.2017","6.474","6.204","6.500","5.962","13.74K","2.93%"
"19.01.2017","6.290","6.539","6.573","6.139","19.17K","-5.57%"
"18.01.2017","6.661","6.822","6.896","6.500","18.59K","-2.19%"
"17.01.2017","6.810","7.010","7.300","6.800","47.84K","-2.08%"
"13.01.2017","6.955","7.110","7.249","6.800","10.67K","-2.04%"
"12.01.2017","7.100","7.205","7.279","7.000","13.64K","0.71%"
"11.01.2017","7.050","6.887","7.147","6.800","9.33K","2.19%"
"10.01.2017","6.899","6.800","7.109","6.800","10.79K","-1.50%"
"09.01.2017","7.004","7.087","7.136","7.003","7.60K","-0.04%"
"06.01.2017","7.007","6.973","7.100","6.624","10.50K","0.46%"
"05.01.2017","6.975","6.866","7.200","6.719","24.74K","4.20%"
"04.01.2017","6.694","6.700","6.956","6.600","9.19K","-0.87%"
"03.01.2017","6.753","6.360","6.825","6.360","18.40K","4.89%"
"30.12.2016","6.438","6.644","6.789","6.171","17.77K","-0.19%"
"29.12.2016","6.450","5.810","6.600","5.810","41.15K","11.05%"
"28.12.2016","5.808","5.025","5.850","4.926","31.09K","18.53%"
"27.12.2016","4.900","4.990","5.072","4.700","16.72K","0.00%"
"23.12.2016","4.900","5.003","5.095","4.839","22.98K","-0.02%"
"22.12.2016","4.901","4.895","5.020","4.674","26.38K","0.00%"
"21.12.2016","4.901","4.986","5.000","4.800","14.45K","-1.37%"
"20.12.2016","4.969","4.960","5.110","4.600","57.99K","-3.72%"
"19.12.2016","5.161","5.959","5.959","5.000","46.26K","-13.10%"
"16.12.2016","5.939","5.882","6.012","5.744","24.74K","4.65%"
"15.12.2016","5.675","6.460","6.700","5.600","98.38K","-14.99%"
"14.12.2016","6.676","6.990","7.000","6.676","15.71K","-2.08%"
"13.12.2016","6.818","7.160","7.217","6.603","20.59K","-2.97%"
"12.12.2016","7.027","7.032","7.365","0.200","27.33K","0.93%"
"09.12.2016","6.962","7.410","7.430","6.900","21.99K","-5.60%"
"08.12.2016","7.375","7.122","7.375","6.900","18.21K","2.47%"
"07.12.2016","7.197","7.245","7.494","7.034","10.07K","-0.07%"
"06.12.2016","7.202","6.950","7.314","6.950","8.84K","2.89%"
"05.12.2016","7.000","7.120","7.200","6.900","12.17K","-0.85%"
"02.12.2016","7.060","7.140","7.200","6.951","12.23K","-0.56%"
"01.12.2016","7.100","6.900","7.100","6.700","16.19K","2.26%"
"30.11.2016","6.943","6.956","7.129","6.700","10.60K","-2.21%"
"29.11.2016","7.100","6.870","7.100","6.793","6.27K","2.25%"
"28.11.2016","6.944","6.876","7.100","6.580","34.34K","6.16%"
"25.11.2016","6.541","6.770","7.100","6.500","16.83K","-7.87%"
"23.11.2016","7.100","6.793","7.100","6.428","35.57K","2.88%"
"22.11.2016","6.901","7.190","7.370","6.900","14.09K","-3.86%"
"21.11.2016","7.178","7.040","7.178","6.900","13.86K","2.08%"
"18.11.2016","7.032","7.137","7.179","6.953","14.54K","-1.68%"
"17.11.2016","7.152","7.103","7.271","7.028","12.42K","-0.79%"
"16.11.2016","7.209","7.328","7.374","7.000","16.12K","-3.14%"
"15.11.2016","7.443","6.700","7.500","6.655","27.89K","12.42%"
"14.11.2016","6.621","6.646","6.799","6.500","46.91K","-1.93%"
"11.11.2016","6.751","7.090","7.200","6.700","47.31K","-4.92%"
"10.11.2016","7.100","7.453","7.453","7.100","50.45K","-3.27%"
"09.11.2016","7.340","8.000","8.000","7.280","27.37K","-4.68%"
"08.11.2016","7.700","7.442","7.782","7.368","19.53K","2.67%"
"07.11.2016","7.500","7.300","7.520","7.300","24.07K","-3.65%"
"04.11.2016","7.784","7.170","7.785","7.126","34.48K","7.74%"
"03.11.2016","7.225","7.187","7.300","7.011","12.11K","0.47%"
"02.11.2016","7.191","7.500","7.500","7.041","28.55K","-1.61%"
"01.11.2016","7.309","7.250","7.718","7.200","29.81K","0.52%"
"31.10.2016","7.271","7.243","7.455","7.200","14.49K","0.90%"
"28.10.2016","7.206","7.070","7.250","7.000","21.19K","1.51%"
"27.10.2016","7.099","7.090","7.225","7.037","14.69K","-1.35%"
"26.10.2016","7.196","7.460","7.460","7.013","14.43K","-1.28%"
"25.10.2016","7.289","7.170","7.376","7.012","16.12K","1.94%"
"24.10.2016","7.150","7.031","7.295","6.989","9.00K","0.70%"
"21.10.2016","7.100","7.112","7.142","6.948","8.57K","1.24%"
"20.10.2016","7.013","7.121","7.239","6.948","15.42K","-1.76%"
"19.10.2016","7.139","6.742","7.200","6.742","31.33K","4.92%"
"18.10.2016","6.804","6.751","6.962","6.661","10.97K","2.41%"
"17.10.2016","6.644","6.568","6.700","6.490","9.39K","0.65%"
"14.10.2016","6.601","6.950","6.950","6.504","19.43K","-2.93%"
"13.10.2016","6.800","6.531","6.841","6.402","23.11K","4.63%"
"12.10.2016","6.499","6.360","6.500","6.230","14.56K","2.19%"
"11.10.2016","6.360","6.500","6.550","6.200","15.02K","-2.15%"
"10.10.2016","6.500","6.550","6.750","6.450","20.51K","3.17%"
"07.10.2016","6.300","6.265","6.440","6.000","22.00K","1.09%"
"06.10.2016","6.232","6.152","6.310","5.795","50.72K","-2.61%"
"05.10.2016","6.399","6.466","6.491","5.900","35.77K","3.21%"
"04.10.2016","6.200","6.155","6.401","6.000","73.56K","-4.62%"
"03.10.2016","6.500","6.900","6.940","6.500","22.17K","-5.56%"
"30.09.2016","6.883","7.000","7.000","6.735","8.07K","3.26%"
"29.09.2016","6.666","6.800","7.000","6.547","11.84K","-2.53%"
"28.09.2016","6.839","6.980","6.984","6.667","7.87K","0.57%"
"27.09.2016","6.800","6.766","6.980","6.616","14.59K","1.99%"
"26.09.2016","6.667","7.222","7.300","6.624","30.53K","-8.67%"
"23.09.2016","7.300","7.510","7.510","7.000","12.02K","0.08%"
"22.09.2016","7.294","7.803","7.852","7.200","28.62K","-2.09%"
"21.09.2016","7.450","7.000","7.500","6.888","81.16K","11.49%"
"20.09.2016","6.682","6.641","6.770","6.406","23.80K","2.48%"
"19.09.2016","6.520","6.410","6.638","6.320","20.24K","4.69%"
"16.09.2016","6.228","6.300","6.377","6.077","26.94K","-2.11%"
"15.09.2016","6.362","6.460","6.600","6.320","26.31K","-2.69%"
"14.09.2016","6.538","6.300","6.700","6.250","19.12K","6.27%"
"13.09.2016","6.152","6.869","6.970","6.150","41.58K","-11.11%"
"12.09.2016","6.921","6.900","7.290","6.730","20.73K","-3.14%"
"09.09.2016","7.145","7.300","7.300","6.900","21.51K","-0.76%"
"08.09.2016","7.200","7.417","7.560","7.200","21.53K","-1.37%"
"07.09.2016","7.300","7.405","7.610","7.200","24.43K","-3.95%"
"06.09.2016","7.600","7.455","7.988","7.411","46.19K","5.12%"
"02.09.2016","7.230","7.324","7.411","6.900","60.89K","8.23%"
"01.09.2016","6.680","5.917","6.747","5.655","38.57K","11.91%"
"31.08.2016","5.969","6.440","6.501","5.434","89.47K","-6.13%"
"30.08.2016","6.359","7.140","7.140","6.249","44.78K","-10.44%"
"29.08.2016","7.100","7.131","7.230","6.900","19.06K","-0.07%"
"26.08.2016","7.105","6.928","7.299","6.800","36.84K","2.53%"
"25.08.2016","6.930","6.380","6.930","6.240","46.58K","5.40%"
"24.08.2016","6.575","7.116","7.239","6.474","90.21K","-8.04%"
"23.08.2016","7.150","7.202","7.433","6.991","70.77K","-5.92%"
"22.08.2016","7.600","8.330","8.471","7.400","62.13K","-9.67%"
"19.08.2016","8.414","8.518","8.663","8.278","28.94K","-2.56%"
"18.08.2016","8.635","8.778","8.948","8.515","25.53K","-3.02%"
"17.08.2016","8.904","8.951","9.080","8.572","31.08K","-2.56%"
"16.08.2016","9.138","9.016","9.141","8.880","28.57K","2.34%"
"15.08.2016","8.929","9.010","9.166","8.636","27.52K","-1.51%"
"12.08.2016","9.066","8.900","9.458","8.700","30.53K","1.16%"
"11.08.2016","8.962","8.330","9.065","8.220","50.20K","6.89%"
"10.08.2016","8.384","8.213","8.384","8.109","21.20K","4.50%"
"09.08.2016","8.023","8.208","8.346","7.995","30.65K","-1.76%"
"08.08.2016","8.167","8.100","8.319","7.976","39.99K","0.91%"
"05.08.2016","8.093","8.250","8.295","7.866","23.17K","-4.54%"
"04.08.2016","8.478","8.526","8.630","8.350","12.63K","0.44%"
"03.08.2016","8.441","8.585","8.690","8.000","27.64K","-1.89%"
"02.08.2016","8.604","8.450","9.036","8.300","64.88K","1.82%"
"01.08.2016","8.450","8.200","8.450","7.900","37.33K","3.05%"
"29.07.2016","8.200","7.976","8.274","7.900","39.24K","4.45%"
"28.07.2016","7.851","8.282","8.337","7.649","59.99K","-0.77%"
"27.07.2016","7.912","7.304","7.912","7.190","40.69K","10.98%"
"26.07.2016","7.129","7.022","7.200","6.832","28.52K","1.84%"
"25.07.2016","7.000","7.220","7.450","6.943","31.75K","-3.39%"
"22.07.2016","7.246","7.126","7.576","7.000","15.93K","0.64%"
"21.07.2016","7.200","6.920","7.650","6.920","31.78K","1.85%"
"20.07.2016","7.069","7.210","7.230","6.600","79.63K","-5.75%"
"19.07.2016","7.500","7.718","7.810","7.270","38.28K","-3.45%"
"18.07.2016","7.768","7.899","8.099","7.500","28.47K","-2.62%"
"15.07.2016","7.977","8.484","8.484","7.845","44.60K","-4.75%"
"14.07.2016","8.375","8.242","8.426","8.100","40.57K","-1.47%"
"13.07.2016","8.500","8.500","8.879","8.300","43.46K","1.92%"
"12.07.2016","8.340","8.900","8.900","8.201","52.50K","-2.89%"
"11.07.2016","8.588","8.300","8.884","8.120","74.51K","5.22%"
"08.07.2016","8.162","8.260","8.260","7.980","60.14K","-1.32%"
"07.07.2016","8.271","8.627","8.730","8.100","67.99K","-2.81%"
"06.07.2016","8.510","7.800","9.000","7.696","216.57K","11.24%"
"05.07.2016","7.650","8.060","8.151","7.240","103.40K","-5.56%"
"01.07.2016","8.100","7.440","8.350","7.220","61.89K","12.80%"
"30.06.2016","7.181","6.360","7.208","6.137","68.30K","12.77%"
"29.06.2016","6.368","6.420","6.422","6.206","21.83K","0.36%"
"28.06.2016","6.345","6.170","6.383","6.073","16.40K","0.76%"
"27.06.2016","6.297","6.398","6.480","6.094","33.02K","-0.55%"
"24.06.2016","6.332","6.830","6.900","6.307","54.99K","-4.06%"
"23.06.2016","6.600","6.370","6.600","6.226","27.53K","4.08%"
"22.06.2016","6.341","6.360","6.600","6.100","30.02K","5.68%"
"21.06.2016","6.000","6.600","6.889","6.000","115.40K","-6.59%"
"20.06.2016","6.423","6.203","6.426","6.046","15.80K","1.71%"
"17.06.2016","6.315","6.390","6.390","6.000","20.36K","3.27%"
"16.06.2016","6.115","6.609","6.640","6.000","48.45K","-6.18%"
"15.06.2016","6.518","6.284","6.529","6.260","31.80K","5.67%"
"14.06.2016","6.168","6.270","6.334","5.967","15.57K","-1.31%"
"13.06.2016","6.250","6.263","6.357","6.077","25.58K","0.19%"
"10.06.2016","6.238","6.354","6.400","5.711","24.00K","-1.39%"
"09.06.2016","6.326","6.379","6.460","6.200","16.62K","0.73%"
"08.06.2016","6.280","6.253","6.500","6.200","25.52K","3.12%"
"07.06.2016","6.090","6.116","6.250","5.922","27.21K","-1.77%"
"06.06.2016","6.200","6.215","6.250","5.970","18.45K","6.90%"
"03.06.2016","5.800","5.464","6.042","5.464","34.88K","6.83%"
"02.06.2016","5.429","5.428","5.500","5.300","11.77K","0.28%"
"01.06.2016","5.414","5.460","5.700","5.221","37.26K","0.26%"
"31.05.2016","5.400","5.780","5.880","5.352","38.22K","-5.74%"
"27.05.2016","5.729","5.766","5.854","5.469","16.23K","-2.58%"
"26.05.2016","5.881","5.705","6.073","5.600","19.49K","8.29%"
"25.05.2016","5.431","5.432","5.809","5.157","26.79K","0.57%"
"24.05.2016","5.400","5.580","5.699","5.311","26.45K","-8.47%"
"23.05.2016","5.900","5.620","5.990","5.500","19.83K","3.91%"
"20.05.2016","5.678","5.920","5.930","5.500","21.37K","-2.46%"
"19.05.2016","5.821","5.370","5.886","4.901","48.46K","1.89%"
"18.05.2016","5.713","6.033","6.500","5.500","61.38K","-3.82%"
"17.05.2016","5.940","5.980","6.200","5.800","27.85K","-1.00%"
"16.05.2016","6.000","6.149","6.310","5.900","39.19K","3.45%"
"13.05.2016","5.800","5.470","5.830","5.400","37.45K","10.64%"
"12.05.2016","5.242","5.510","5.570","5.241","45.53K","-4.17%"
"11.05.2016","5.470","4.820","5.474","4.773","47.18K","17.58%"
"10.05.2016","4.652","4.811","4.880","4.501","30.27K","-1.02%"
"09.05.2016","4.700","4.909","5.020","4.647","18.53K","-5.53%"
"06.05.2016","4.975","4.940","5.219","4.929","22.58K","2.79%"
"05.05.2016","4.840","4.783","4.859","4.500","16.17K","0.83%"
"04.05.2016","4.800","5.171","5.240","4.632","34.30K","-7.69%"
"03.05.2016","5.200","5.500","5.550","4.991","36.20K","-5.81%"
"02.05.2016","5.521","5.536","5.600","5.228","19.31K","1.45%"
"29.04.2016","5.442","5.855","5.870","5.442","32.66K","-6.17%"
"28.04.2016","5.800","5.503","5.919","5.500","35.50K","4.69%"
"27.04.2016","5.540","5.720","5.806","5.540","24.19K","-3.25%"
"26.04.2016","5.726","5.402","5.727","5.300","15.06K","6.39%"
"25.04.2016","5.382","5.307","5.450","5.200","9.74K","0.79%"
"22.04.2016","5.340","5.392","5.509","5.055","31.00K","-1.07%"
"21.04.2016","5.398","5.490","5.490","5.100","18.47K","0.90%"
"20.04.2016","5.350","5.390","5.490","5.239","42.26K","-0.78%"
"19.04.2016","5.392","5.220","5.401","5.000","69.34K","6.54%"
"18.04.2016","5.061","5.213","5.266","5.061","52.88K","-2.67%"
"15.04.2016","5.200","4.997","5.240","4.976","37.58K","6.12%"
"14.04.2016","4.900","4.960","4.970","4.570","66.26K","-3.54%"
"13.04.2016","5.080","4.944","5.080","4.866","47.75K","2.44%"
"12.04.2016","4.959","5.144","5.180","4.863","88.98K","-0.82%"
"11.04.2016","5.000","4.830","6.599","4.730","186.23K","9.70%"
"08.04.2016","4.558","4.171","4.715","4.100","149.08K","10.31%"
"07.04.2016","4.132","3.975","4.132","3.631","131.44K","22.25%"
"06.04.2016","3.380","3.200","3.380","3.140","5.97K","7.85%"
"05.04.2016","3.134","3.090","3.300","3.029","12.50K","2.75%"
"04.04.2016","3.050","3.015","3.050","2.935","5.26K","2.56%"
"01.04.2016","2.974","2.990","2.990","2.870","11.19K","-0.93%"
"31.03.2016","3.002","2.985","3.090","2.930","4.06K","-2.37%"
"30.03.2016","3.075","3.059","3.090","2.978","5.28K","-0.55%"
"29.03.2016","3.092","2.940","3.123","2.940","16.34K","7.47%"
"28.03.2016","2.877","2.858","3.009","2.810","8.68K","-2.18%"
"24.03.2016","2.941","2.690","2.956","2.690","8.14K","5.00%"
"23.03.2016","2.801","2.940","2.969","2.800","8.35K","-7.28%"
"22.03.2016","3.021","3.038","3.157","2.940","13.28K","-1.88%"
"21.03.2016","3.079","3.159","3.170","3.039","6.68K","-2.66%"
"18.03.2016","3.163","3.099","3.200","2.992","19.66K","5.26%"
"17.03.2016","3.005","3.060","3.087","2.900","32.59K","0.67%"
"16.03.2016","2.985","2.713","2.985","2.713","3.59K","4.48%"
"15.03.2016","2.857","2.720","2.857","2.720","6.23K","2.04%"
"14.03.2016","2.800","3.000","3.030","2.800","9.74K","-6.82%"
"11.03.2016","3.005","3.000","3.009","2.900","7.34K","4.92%"
"10.03.2016","2.864","2.840","2.920","2.740","6.18K","1.49%"
"09.03.2016","2.822","2.776","2.854","2.700","6.17K","2.62%"
"08.03.2016","2.750","2.790","2.854","2.704","9.16K","-0.36%"
"07.03.2016","2.760","2.864","2.920","2.750","194.74K","-3.90%"
"04.03.2016","2.872","2.784","3.027","2.784","269.44K","0.56%"
"03.03.2016","2.856","2.846","2.859","2.846","39.32K","0.32%"
"02.03.2016","2.847","2.772","2.869","2.772","26.90K","-0.18%"
"01.03.2016","2.852","2.741","2.889","2.741","10.07K","3.26%"
"29.02.2016","2.762","2.839","2.839","2.760","15.70K","-2.85%"
"26.02.2016","2.843","2.720","2.867","2.652","17.82K","1.64%"
"25.02.2016","2.797","3.115","3.115","2.750","44.74K","-4.83%"
"24.02.2016","2.939","3.000","3.139","2.861","8.48K","-1.48%"
"23.02.2016","2.983","2.820","3.067","2.760","17.27K","6.54%"
"22.02.2016","2.800","2.866","2.866","2.780","6.46K","3.70%"
"19.02.2016","2.700","2.610","2.822","2.610","1.21K","-4.19%"
"18.02.2016","2.818","2.690","2.870","2.690","2.99K","6.58%"
"17.02.2016","2.644","2.649","2.650","2.626","1.18K","1.34%"
"16.02.2016","2.609","2.790","2.790","2.600","4.18K","-5.13%"
"12.02.2016","2.750","2.885","2.910","2.673","10.23K","-4.81%"
"11.02.2016","2.889","2.700","2.889","2.674","13.15K","14.78%"
"10.02.2016","2.517","2.510","2.517","2.476","2.90K","-0.12%"
"09.02.2016","2.520","2.500","2.549","2.481","2.56K","5.44%"
"08.02.2016","2.390","2.320","2.390","2.254","5.59K","7.37%"
"05.02.2016","2.226","2.262","2.293","2.226","6.19K","-0.67%"
"04.02.2016","2.241","2.433","2.433","2.241","8.25K","-8.68%"
"03.02.2016","2.454","2.505","2.555","2.370","4.03K","9.50%"
"02.02.2016","2.241","2.400","2.400","2.241","2.54K","-2.14%"
"01.02.2016","2.290","2.242","2.339","2.167","2.53K","-0.61%"
"29.01.2016","2.304","2.241","2.479","2.241","2.13K","-4.00%"
"28.01.2016","2.400","2.200","2.400","2.200","4.35K","13.10%"
"27.01.2016","2.122","2.117","2.122","2.117","0.50K","-1.03%"
"26.01.2016","2.144","2.100","2.166","2.100","3.61K","9.50%"
"25.01.2016","1.958","1.958","1.958","1.958","0.02K","3.76%"
"21.01.2016","1.887","1.900","2.159","1.801","3.93K","11.00%"
"20.01.2016","1.700","1.700","1.900","1.634","4.07K","-6.59%"
"19.01.2016","1.820","1.740","1.878","1.740","2.09K","-2.78%"
"15.01.2016","1.872","1.952","2.021","1.872","2.56K","-1.42%"
"14.01.2016","1.899","1.918","1.988","1.850","1.89K","-3.16%"
"13.01.2016","1.961","2.047","2.047","1.961","1.28K","-7.59%"
"12.01.2016","2.122","2.160","2.160","1.900","2.70K","-8.65%"
"11.01.2016","2.323","2.340","2.368","2.148","1.71K","-1.19%"
"08.01.2016","2.351","2.252","2.389","2.200","1.59K","0.90%"
"07.01.2016","2.330","2.257","2.465","2.200","4.94K","3.28%"
"06.01.2016","2.256","2.288","2.288","2.256","0.11K","-0.62%"
"05.01.2016","2.270","2.270","2.301","2.270","0.70K","1.34%"
"04.01.2016","2.240","2.265","2.300","2.240","1.69K","-1.80%"