"Fecha","Cierre","Apertura","Máximo","Mínimo","Vol.","% var."
"21.09.2026","114.39","111.80","114.65","110.58","4.78M","5.22%"
"18.09.2026","108.71","107.71","109.42","107.07","4.66M","0.99%"
"17.09.2026","107.64","109.40","109.80","107.34","3.24M","1.26%"
"16.09.2026","106.30","108.30","109.78","104.59","4.14M","-0.58%"
"15.09.2026","106.92","109.58","109.58","105.18","3.94M","-1.87%"
"14.09.2026","108.96","106.11","109.85","106.08","3.88M","-0.78%"
"11.09.2026","109.82","108.55","110.77","108.36","5.65M","3.13%"
"10.09.2026","106.49","105.49","107.89","104.64","3.77M","-0.59%"
"09.09.2026","107.12","106.66","107.90","105.77","2.71M","-1.03%"
"08.09.2026","108.24","109.90","110.49","108.06","2.92M","-2.82%"
"04.09.2026","111.38","109.14","111.58","108.94","2.93M","2.50%"
"03.09.2026","108.66","109.00","109.60","107.03","3.05M","0.29%"
"02.09.2026","108.35","106.80","109.87","106.25","4.19M","3.56%"
"01.09.2026","104.63","106.79","107.71","104.15","5.27M","-3.11%"
"31.08.2026","107.99","108.87","109.00","107.42","3.40M","-2.36%"
"28.08.2026","110.60","113.24","113.98","110.21","2.30M","-1.59%"
"27.08.2026","112.39","114.25","114.84","112.27","2.12M","-2.12%"
"26.08.2026","114.83","118.44","119.73","114.70","2.89M","-2.20%"
"25.08.2026","117.41","116.60","117.56","113.81","3.88M","3.38%"
"24.08.2026","113.57","115.06","116.11","112.65","2.60M","0.35%"
"21.08.2026","113.17","114.50","114.50","112.40","3.36M","1.31%"
"20.08.2026","111.71","114.17","114.17","110.96","4.10M","-3.52%"
"19.08.2026","115.78","119.81","119.81","115.69","2.94M","-2.48%"
"18.08.2026","118.72","120.82","121.21","118.61","2.67M","-2.90%"
"17.08.2026","122.26","124.96","125.15","122.08","2.45M","-2.46%"
"14.08.2026","125.34","125.90","127.05","124.57","3.39M","-0.80%"
"13.08.2026","126.35","128.00","128.50","125.90","2.50M","0.98%"
"12.08.2026","125.12","127.36","127.80","124.19","2.28M","-0.94%"
"11.08.2026","126.31","125.00","127.04","123.92","2.78M","2.06%"
"10.08.2026","123.76","128.32","128.47","123.64","2.85M","-4.48%"
"07.08.2026","129.56","130.04","130.33","127.67","2.17M","0.34%"
"06.08.2026","129.12","131.75","132.88","128.91","2.32M","-2.74%"
"05.08.2026","132.76","133.40","135.37","132.56","3.65M","0.11%"
"04.08.2026","132.62","132.17","133.88","130.38","3.77M","3.29%"
"03.08.2026","128.39","125.33","130.18","125.30","4.25M","5.82%"
"31.07.2026","121.33","123.56","123.93","121.00","2.66M","-1.80%"
"30.07.2026","123.56","121.85","124.27","120.26","3.11M","3.47%"
"29.07.2026","119.42","120.08","123.65","119.20","4.00M","-3.51%"
"28.07.2026","123.77","120.78","124.68","119.44","4.36M","2.65%"
"27.07.2026","120.57","122.00","123.68","118.60","3.87M","1.94%"
"24.07.2026","118.27","116.38","121.63","115.87","4.73M","2.54%"
"23.07.2026","115.35","112.18","115.52","111.62","6.26M","-1.63%"
"22.07.2026","117.26","115.74","118.70","115.13","4.10M","-0.37%"
"21.07.2026","117.70","119.27","119.64","117.27","3.17M","0.15%"
"20.07.2026","117.52","117.12","118.99","115.81","4.44M","1.83%"
"17.07.2026","115.41","115.60","118.59","114.04","6.03M","-2.86%"
"16.07.2026","118.81","116.64","122.12","116.05","6.97M","-1.79%"
"15.07.2026","120.97","121.52","122.94","119.20","5.97M","0.52%"
"14.07.2026","120.35","121.99","122.02","119.13","4.18M","-0.67%"
"13.07.2026","121.16","124.76","125.24","120.62","4.31M","-3.84%"
"10.07.2026","126.00","128.76","129.50","124.00","3.97M","-2.36%"
"09.07.2026","129.05","127.68","130.81","126.93","4.24M","2.24%"
"08.07.2026","126.22","125.20","126.54","121.75","5.53M","-1.63%"
"07.07.2026","128.31","132.62","133.70","127.60","3.37M","-3.16%"
"06.07.2026","132.50","134.99","138.10","132.00","4.43M","-0.62%"
"02.07.2026","133.32","137.98","138.51","132.06","4.46M","-1.34%"
"01.07.2026","135.13","136.12","136.65","134.12","5.08M","-0.63%"
"30.06.2026","135.99","135.80","138.77","135.00","5.08M","0.59%"
"29.06.2026","135.19","135.77","137.22","134.20","4.16M","-0.68%"
"26.06.2026","136.11","134.62","137.84","134.05","6.07M","1.12%"
"25.06.2026","134.60","132.25","138.44","132.00","7.33M","3.11%"
"24.06.2026","130.54","124.21","130.60","123.14","10.09M","7.40%"
"23.06.2026","121.55","116.77","121.85","116.77","5.41M","2.42%"
"22.06.2026","118.68","118.25","119.94","117.64","6.88M","0.30%"
"18.06.2026","118.32","118.81","120.68","117.26","6.76M","2.15%"
"17.06.2026","115.83","118.50","120.30","115.40","5.13M","-2.26%"
"16.06.2026","118.51","120.87","123.02","118.40","6.36M","-1.22%"
"15.06.2026","119.97","120.89","124.79","118.56","7.74M","3.85%"
"12.06.2026","115.52","114.01","116.51","111.82","5.37M","2.58%"
"11.06.2026","112.61","101.95","112.81","101.77","6.79M","9.56%"
"10.06.2026","102.78","106.64","106.86","102.30","5.45M","-6.25%"
"09.06.2026","109.63","107.82","111.00","104.18","6.34M","4.09%"
"08.06.2026","105.32","104.69","106.40","103.70","3.89M","-0.39%"
"05.06.2026","105.73","104.68","106.38","103.50","3.84M","0.75%"
"04.06.2026","104.94","106.90","107.30","104.51","4.22M","-0.19%"
"03.06.2026","105.14","107.43","108.15","105.07","3.70M","-3.38%"
"02.06.2026","108.82","112.62","112.62","108.74","4.60M","-2.63%"
"01.06.2026","111.76","111.40","112.91","108.91","4.78M","-2.65%"
"29.05.2026","114.80","115.54","117.96","114.74","7.16M","-0.23%"
"28.05.2026","115.06","109.83","115.95","109.28","6.54M","2.17%"
"27.05.2026","112.62","109.32","114.35","109.00","10.62M","6.33%"
"26.05.2026","105.92","103.80","106.67","103.45","6.17M","5.96%"
"22.05.2026","99.96","100.51","101.48","99.03","4.05M","0.32%"
"21.05.2026","99.64","95.43","100.28","95.30","6.98M","1.65%"
"20.05.2026","98.02","90.00","98.63","89.24","9.04M","9.99%"
"19.05.2026","89.12","91.09","91.71","88.34","6.39M","-3.71%"
"18.05.2026","92.55","94.16","96.14","91.36","5.27M","-0.32%"
"15.05.2026","92.85","94.26","94.66","92.76","5.06M","-3.30%"
"14.05.2026","96.02","96.89","97.59","94.39","4.67M","0.33%"
"13.05.2026","95.70","95.40","96.40","93.76","3.49M","-0.15%"
"12.05.2026","95.84","95.56","96.18","94.34","3.39M","-0.81%"
"11.05.2026","96.62","98.73","98.88","96.46","4.74M","-2.97%"
"08.05.2026","99.58","100.00","101.14","98.64","3.90M","-0.12%"
"07.05.2026","99.70","101.30","103.77","98.66","8.21M","-0.34%"
"06.05.2026","100.04","99.66","100.39","97.20","8.75M","6.80%"
"05.05.2026","93.67","90.74","94.04","90.60","4.28M","4.00%"
"04.05.2026","90.07","92.00","93.37","89.92","5.50M","-2.65%"
"01.05.2026","92.52","90.19","94.98","89.24","8.31M","2.80%"
"30.04.2026","90.00","90.02","90.92","89.37","4.47M","1.56%"
"29.04.2026","88.62","89.10","89.50","87.95","5.86M","-1.98%"
"28.04.2026","90.41","90.58","91.95","88.91","4.92M","-1.62%"
"27.04.2026","91.90","92.76","94.38","91.40","5.18M","-1.18%"
"24.04.2026","93.00","92.02","93.42","90.83","6.36M","1.92%"
"23.04.2026","91.25","91.36","93.50","88.61","8.65M","-0.50%"
"22.04.2026","91.71","96.01","96.20","90.21","14.91M","-5.58%"
"21.04.2026","97.13","98.42","100.80","96.14","9.83M","-1.80%"
"20.04.2026","98.91","99.98","102.27","98.44","6.38M","-2.84%"
"17.04.2026","101.80","102.88","105.98","100.91","13.12M","7.12%"
"16.04.2026","95.03","94.51","96.57","93.31","5.86M","0.81%"
"15.04.2026","94.27","96.39","96.97","93.79","9.05M","-3.01%"
"14.04.2026","97.20","96.63","99.74","95.25","10.12M","2.10%"
"13.04.2026","95.20","94.57","95.60","93.20","5.47M","-1.24%"
"10.04.2026","96.40","98.30","98.38","95.70","4.66M","-1.30%"
"09.04.2026","97.67","95.26","98.63","93.96","6.31M","1.42%"
"08.04.2026","96.30","99.45","102.50","96.03","16.78M","7.85%"
"07.04.2026","89.29","89.09","90.10","86.65","10.01M","-1.85%"
"06.04.2026","90.97","92.00","93.00","89.99","6.48M","-1.34%"
"02.04.2026","92.21","90.00","94.00","88.17","8.63M","-3.02%"
"01.04.2026","95.08","93.61","96.56","93.16","8.47M","3.27%"
"31.03.2026","92.07","86.83","92.51","86.56","9.94M","8.05%"
"30.03.2026","85.21","88.14","89.15","84.64","7.27M","-3.65%"
"27.03.2026","88.44","91.30","92.21","87.58","6.29M","-4.59%"
"26.03.2026","92.69","91.00","94.71","91.00","5.99M","-0.28%"
"25.03.2026","92.95","96.38","97.96","92.80","8.86M","-0.65%"
"24.03.2026","93.56","91.47","94.96","90.80","7.80M","-0.43%"
"23.03.2026","93.96","95.83","96.60","92.82","10.14M","4.46%"
"20.03.2026","89.95","93.39","94.07","88.41","9.27M","-4.46%"
"19.03.2026","94.15","90.66","94.91","89.61","7.00M","1.77%"
"18.03.2026","92.51","92.40","95.22","91.53","6.38M","-0.73%"
"17.03.2026","93.19","93.65","94.55","91.58","10.43M","3.22%"
"16.03.2026","90.28","88.17","90.61","87.97","7.15M","4.25%"
"13.03.2026","86.60","87.26","87.94","85.97","5.98M","0.08%"
"12.03.2026","86.53","87.96","88.38","86.15","9.76M","-4.58%"
"11.03.2026","90.68","91.00","92.36","88.41","7.93M","-0.46%"
"10.03.2026","91.10","93.65","96.58","90.25","15.63M","-3.62%"
"09.03.2026","94.52","89.08","94.76","84.70","18.43M","2.66%"
"06.03.2026","92.07","92.05","92.93","90.39","10.57M","-3.52%"
"05.03.2026","95.43","98.00","98.69","92.37","12.72M","-5.03%"
"04.03.2026","100.48","104.40","105.72","100.06","6.64M","-2.01%"
"03.03.2026","102.54","99.32","105.18","97.08","9.99M","-0.65%"
"02.03.2026","103.21","100.00","103.90","98.22","8.72M","-2.91%"
"27.02.2026","106.30","111.96","111.96","105.36","9.63M","-8.70%"
"26.02.2026","116.43","114.89","117.60","114.03","5.47M","3.15%"
"25.02.2026","112.87","114.27","114.27","110.83","3.77M","0.25%"
"24.02.2026","112.59","107.17","114.22","106.76","5.76M","5.06%"
"23.02.2026","107.17","111.30","113.50","106.70","5.81M","-5.18%"
"20.02.2026","113.03","109.54","113.53","108.75","4.19M","2.71%"
"19.02.2026","110.05","115.25","115.49","109.60","5.15M","-5.88%"
"18.02.2026","116.93","111.00","118.36","108.31","8.20M","2.55%"
"17.02.2026","114.02","109.53","114.94","109.26","3.51M","4.33%"
"13.02.2026","109.29","110.30","111.74","107.32","4.75M","-0.01%"
"12.02.2026","109.30","114.93","115.96","106.32","7.40M","-4.07%"
"11.02.2026","113.94","117.50","118.94","112.41","5.05M","-2.08%"
"10.02.2026","116.36","115.71","118.72","115.71","4.79M","0.14%"
"09.02.2026","116.20","115.46","116.61","114.46","4.83M","0.25%"
"06.02.2026","115.91","107.27","116.49","107.27","9.02M","9.26%"
"05.02.2026","106.09","108.20","109.24","105.51","5.63M","-3.10%"
"04.02.2026","109.48","112.11","112.63","105.81","5.59M","-1.24%"
"03.02.2026","110.86","109.00","113.00","108.72","8.45M","3.27%"
"02.02.2026","107.35","104.20","108.32","103.99","5.76M","4.92%"
"30.01.2026","102.32","103.41","104.47","100.66","5.48M","-1.56%"
"29.01.2026","103.94","104.80","105.00","101.31","7.23M","-0.92%"
"28.01.2026","104.91","104.45","106.69","104.30","4.34M","0.84%"
"27.01.2026","104.04","109.24","109.43","103.94","5.75M","-3.45%"
"26.01.2026","107.76","106.93","108.11","106.07","4.46M","0.02%"
"23.01.2026","107.74","109.50","109.94","107.54","4.33M","-2.41%"
"22.01.2026","110.40","113.00","115.08","110.05","6.05M","-0.50%"
"21.01.2026","110.96","111.95","114.55","109.23","11.49M","2.20%"
"20.01.2026","108.57","110.33","112.20","107.76","9.23M","-4.34%"
"16.01.2026","113.49","116.02","116.30","113.42","4.03M","-2.18%"
"15.01.2026","116.02","112.06","116.06","111.76","4.66M","4.76%"
"14.01.2026","110.75","113.00","114.90","109.72","5.08M","-3.20%"
"13.01.2026","114.41","114.00","117.08","113.00","4.55M","-0.76%"
"12.01.2026","115.29","115.50","116.29","114.15","3.37M","-1.73%"
"09.01.2026","117.32","117.00","118.65","114.37","3.76M","1.60%"
"08.01.2026","115.47","116.37","117.44","115.07","3.36M","-0.97%"
"07.01.2026","116.60","118.30","119.21","116.36","3.88M","-0.79%"
"06.01.2026","117.53","114.95","118.70","114.10","5.44M","2.30%"
"05.01.2026","114.89","112.74","116.34","112.41","3.78M","1.66%"
"02.01.2026","113.01","112.60","113.57","110.96","2.62M","1.06%"
"31.12.2025","111.82","111.42","112.13","110.82","2.12M","0.27%"
"30.12.2025","111.52","111.59","112.41","111.00","2.07M","0.06%"
"29.12.2025","111.45","113.27","113.99","110.69","4.15M","-2.27%"
"26.12.2025","114.04","114.63","114.85","113.59","2.08M","-0.67%"
"24.12.2025","114.81","113.32","115.15","112.75","1.84M","1.13%"
"23.12.2025","113.53","115.11","115.95","112.65","3.29M","-2.15%"
"22.12.2025","116.02","114.30","116.32","114.06","3.86M","1.78%"
"19.12.2025","113.99","113.03","114.18","112.03","7.30M","1.01%"
"18.12.2025","112.85","112.15","114.32","111.58","3.78M","2.34%"
"17.12.2025","110.27","113.00","114.83","109.85","5.60M","-1.96%"
"16.12.2025","112.48","108.00","112.87","107.72","6.38M","4.44%"
"15.12.2025","107.70","106.92","108.64","106.28","4.20M","0.80%"
"12.12.2025","106.84","108.68","109.62","106.63","3.77M","-1.43%"
"11.12.2025","108.39","107.85","109.20","106.52","4.70M","0.60%"
"10.12.2025","107.74","105.87","108.19","104.95","7.53M","1.93%"
"09.12.2025","105.70","104.26","107.43","103.68","4.92M","1.15%"
"08.12.2025","104.50","105.32","105.37","103.66","6.60M","-0.43%"
"05.12.2025","104.95","104.35","105.63","103.04","6.38M","0.21%"
"04.12.2025","104.73","108.72","109.12","104.43","7.45M","-3.46%"
"03.12.2025","108.48","104.88","109.66","104.68","6.29M","3.93%"
"02.12.2025","104.38","101.50","105.46","100.84","7.10M","3.22%"
"01.12.2025","101.12","100.29","103.22","100.02","3.71M","-0.82%"
"28.11.2025","101.96","101.81","103.19","101.60","2.25M","0.36%"
"26.11.2025","101.59","99.64","103.20","98.96","5.22M","2.71%"
"25.11.2025","98.91","96.19","99.88","95.94","8.94M","3.44%"
"24.11.2025","95.62","93.23","95.97","92.84","8.52M","3.71%"
"21.11.2025","92.20","90.84","95.37","89.95","10.19M","2.39%"
"20.11.2025","90.05","93.25","94.45","89.82","5.55M","-1.40%"
"19.11.2025","91.33","93.02","93.64","90.87","4.15M","-0.64%"
"18.11.2025","91.92","89.00","92.85","88.96","3.86M","2.19%"
"17.11.2025","89.95","94.69","94.89","88.55","8.07M","-5.35%"
"14.11.2025","95.03","95.00","96.34","94.24","3.31M","-2.20%"
"13.11.2025","97.17","98.90","101.33","96.61","4.37M","-2.80%"
"12.11.2025","99.97","95.56","100.24","95.41","5.97M","5.29%"
"11.11.2025","94.95","95.82","97.00","93.56","5.04M","-1.24%"
"10.11.2025","96.14","99.20","100.62","95.41","5.98M","-1.32%"
"07.11.2025","97.43","93.31","100.29","92.50","6.14M","1.79%"
"06.11.2025","95.72","95.35","96.63","93.96","5.78M","-0.96%"
"05.11.2025","96.65","92.28","98.05","91.49","6.76M","6.48%"
"04.11.2025","90.77","94.24","94.65","90.57","6.99M","-5.56%"
"03.11.2025","96.11","94.00","96.96","93.13","5.27M","2.20%"
"31.10.2025","94.04","93.49","94.80","92.91","5.83M","0.71%"
"30.10.2025","93.38","94.93","95.76","92.34","6.27M","-2.66%"
"29.10.2025","95.93","95.21","97.57","94.50","6.34M","1.04%"
"28.10.2025","94.94","98.70","98.70","94.50","5.63M","-3.91%"
"27.10.2025","98.80","100.50","100.70","98.25","4.02M","-0.51%"
"24.10.2025","99.31","97.09","99.91","96.69","6.34M","3.79%"
"23.10.2025","95.68","96.75","97.10","93.33","6.87M","-0.61%"
"22.10.2025","96.27","100.10","100.91","96.16","5.42M","-3.84%"
"21.10.2025","100.11","100.88","101.67","99.42","5.74M","-1.16%"
"20.10.2025","101.29","99.32","103.05","98.24","7.56M","2.17%"
"17.10.2025","99.14","98.38","100.09","97.60","7.56M","0.97%"
"16.10.2025","98.19","102.94","106.45","94.05","24.76M","-5.63%"
"15.10.2025","104.05","103.94","104.53","102.73","10.11M","0.87%"
"14.10.2025","103.15","97.50","103.85","97.20","6.59M","3.93%"
"13.10.2025","99.25","98.31","100.90","97.77","4.61M","2.67%"
"10.10.2025","96.67","101.72","103.87","96.39","6.66M","-4.61%"
"09.10.2025","101.34","103.61","106.20","99.52","8.10M","3.31%"
"08.10.2025","98.09","96.97","98.74","95.94","6.44M","1.49%"
"07.10.2025","96.65","97.40","97.73","95.20","3.74M","-0.43%"
"06.10.2025","97.07","96.00","97.29","94.55","3.79M","1.83%"
"03.10.2025","95.33","95.40","95.97","94.17","4.40M","0.53%"
"02.10.2025","94.83","93.64","95.40","92.90","4.15M","1.80%"
"01.10.2025","93.15","95.99","96.51","93.06","6.30M","-3.47%"
"30.09.2025","96.50","98.64","99.19","94.81","5.65M","-2.17%"
"29.09.2025","98.64","99.89","100.22","96.35","6.44M","0.75%"
"26.09.2025","97.91","100.34","101.05","97.77","5.31M","-1.25%"
"25.09.2025","99.15","99.85","100.77","98.57","4.08M","-2.21%"
"24.09.2025","101.39","104.71","104.71","100.92","5.80M","-2.63%"
"23.09.2025","104.13","104.24","106.50","103.99","4.07M","-0.05%"
"22.09.2025","104.18","105.88","105.96","101.25","6.79M","-2.00%"
"19.09.2025","106.31","105.72","106.70","103.85","11.19M","0.88%"
"18.09.2025","105.38","106.48","107.20","105.02","4.30M","-0.12%"
"17.09.2025","105.51","104.58","108.15","104.19","4.92M","1.26%"
"16.09.2025","104.20","104.50","105.24","102.10","4.99M","-0.33%"
"15.09.2025","104.55","106.65","106.82","103.31","4.72M","-1.90%"
"12.09.2025","106.58","108.95","109.57","106.50","6.08M","-2.54%"
"11.09.2025","109.36","108.94","110.66","105.06","8.18M","1.72%"
"10.09.2025","107.51","105.98","108.14","105.31","5.25M","1.76%"
"09.09.2025","105.65","107.42","107.91","103.96","5.26M","-1.97%"
"08.09.2025","107.77","107.47","109.44","106.21","5.22M","1.11%"
"05.09.2025","106.59","106.44","107.61","105.29","3.63M","0.51%"
"04.09.2025","106.05","106.10","109.30","105.41","5.04M","-0.10%"
"03.09.2025","106.16","105.10","109.69","104.93","5.78M","1.41%"
"02.09.2025","104.68","102.99","104.76","101.75","7.06M","-0.30%"
"29.08.2025","105.00","105.00","105.85","104.04","2.87M","-0.08%"
"28.08.2025","105.08","104.93","106.28","103.37","3.99M","0.83%"
"27.08.2025","104.21","104.00","105.30","103.16","3.16M","0.08%"
"26.08.2025","104.13","102.50","104.36","102.28","3.91M","1.75%"
"25.08.2025","102.34","102.00","103.11","101.66","2.86M","-0.62%"
"22.08.2025","102.98","97.61","103.29","97.52","6.04M","5.96%"
"21.08.2025","97.18","99.35","99.43","96.65","3.74M","-2.66%"
"20.08.2025","99.84","100.50","101.72","98.23","4.41M","-2.30%"
"19.08.2025","102.19","102.43","103.55","101.40","3.73M","-0.18%"
"18.08.2025","102.37","100.25","102.76","99.67","3.89M","1.43%"
"15.08.2025","100.93","99.77","101.47","99.33","6.34M","1.81%"
"14.08.2025","99.14","98.02","99.33","97.52","3.88M","-0.65%"
"13.08.2025","99.79","98.67","100.06","97.17","6.05M","1.34%"
"12.08.2025","98.47","91.99","98.85","91.84","11.55M","10.23%"
"11.08.2025","89.33","89.49","91.10","89.15","4.01M","0.04%"
"08.08.2025","89.29","88.19","90.43","87.07","4.64M","1.49%"
"07.08.2025","87.98","89.16","89.20","86.98","3.69M","-1.00%"
"06.08.2025","88.87","87.75","89.30","87.51","4.05M","1.38%"
"05.08.2025","87.66","87.45","87.85","85.88","3.82M","0.75%"
"04.08.2025","87.01","85.31","87.14","84.93","5.14M","2.89%"
"01.08.2025","84.57","85.43","85.70","82.42","7.30M","-4.24%"
"31.07.2025","88.31","90.51","90.93","88.02","5.96M","-2.14%"
"30.07.2025","90.24","90.92","91.38","89.10","4.66M","-0.45%"
"29.07.2025","90.65","92.81","93.44","90.28","5.14M","-1.93%"
"28.07.2025","92.43","91.36","93.08","90.60","5.14M","1.45%"
"25.07.2025","91.11","89.50","91.59","89.10","5.26M","1.54%"
"24.07.2025","89.73","88.84","92.85","87.95","7.33M","-0.77%"
"23.07.2025","90.43","91.25","91.88","90.30","5.37M","-0.39%"
"22.07.2025","90.78","92.25","92.25","89.36","6.77M","-1.70%"
"21.07.2025","92.35","92.55","92.93","91.07","6.66M","0.11%"
"18.07.2025","92.25","91.61","92.78","89.73","7.63M","1.13%"
"17.07.2025","91.22","91.89","94.57","89.05","23.41M","3.11%"
"16.07.2025","88.47","87.77","88.67","85.81","15.49M","2.42%"
"15.07.2025","86.38","89.13","89.65","86.37","7.37M","-2.88%"
"14.07.2025","88.94","87.75","89.05","86.52","5.90M","1.43%"
"11.07.2025","87.69","90.99","90.99","87.16","9.86M","-4.34%"
"10.07.2025","91.67","87.32","93.72","84.89","20.76M","14.33%"
"09.07.2025","80.18","82.43","83.14","79.86","5.69M","-1.27%"
"08.07.2025","81.21","82.00","83.49","80.96","5.44M","0.12%"
"07.07.2025","81.11","81.88","83.91","80.08","4.99M","-1.52%"
"03.07.2025","82.36","81.72","83.64","81.50","4.05M","1.67%"
"02.07.2025","81.01","80.26","81.25","78.33","5.41M","1.20%"
"01.07.2025","80.05","79.29","80.94","78.82","5.01M","0.53%"
"30.06.2025","79.63","79.72","80.07","79.01","4.90M","0.57%"
"27.06.2025","79.18","77.87","79.75","77.36","6.50M","2.10%"
"26.06.2025","77.55","77.35","78.47","76.92","4.63M","1.07%"
"25.06.2025","76.73","79.40","79.40","76.17","5.48M","-2.90%"
"24.06.2025","79.02","79.70","80.78","77.94","7.19M","2.66%"
"23.06.2025","76.97","73.50","77.34","71.55","11.99M","3.64%"
"20.06.2025","74.27","74.39","75.21","73.71","8.66M","-0.04%"
"18.06.2025","74.30","73.45","76.05","73.35","8.04M","0.86%"
"17.06.2025","73.67","77.01","77.25","73.05","9.40M","-6.18%"
"16.06.2025","78.52","75.46","78.87","74.75","8.56M","6.11%"
"13.06.2025","74.00","73.18","76.16","72.52","10.13M","-4.43%"
"12.06.2025","77.43","77.16","77.74","75.63","7.63M","-1.53%"
"11.06.2025","78.63","83.50","83.87","77.72","8.32M","-5.49%"
"10.06.2025","83.20","83.26","84.19","82.13","4.80M","-0.32%"
"09.06.2025","83.47","85.13","85.80","83.43","6.96M","-0.90%"
"06.06.2025","84.23","82.15","84.35","81.70","5.84M","4.83%"
"05.06.2025","80.35","81.17","82.58","79.58","6.03M","-1.56%"
"04.06.2025","81.62","81.07","82.49","80.31","5.06M","0.67%"
"03.06.2025","81.08","81.30","81.92","80.38","5.37M","-0.18%"
"02.06.2025","81.23","78.93","81.40","77.49","6.93M","2.25%"
"30.05.2025","79.44","77.61","80.06","77.11","7.49M","1.11%"
"29.05.2025","78.57","79.04","80.76","77.01","10.09M","1.38%"
"28.05.2025","77.50","77.87","78.41","77.04","3.91M","-0.87%"
"27.05.2025","78.18","76.02","79.49","75.90","7.90M","4.73%"
"23.05.2025","74.65","73.83","75.42","73.77","4.81M","-1.78%"
"22.05.2025","76.00","73.11","76.44","72.97","8.29M","3.64%"
"21.05.2025","73.33","75.05","75.10","72.90","8.25M","-3.93%"
"20.05.2025","76.33","78.43","78.71","75.54","8.12M","-2.91%"
"19.05.2025","78.62","77.91","79.64","76.70","6.23M","0.89%"
"16.05.2025","77.93","76.75","78.60","75.66","6.42M","1.82%"
"15.05.2025","76.54","78.94","79.09","76.14","9.18M","-3.10%"
"14.05.2025","78.99","82.64","84.18","78.95","8.70M","-4.37%"
"13.05.2025","82.60","79.25","83.47","78.25","10.15M","5.06%"
"12.05.2025","78.62","82.82","84.85","78.29","12.05M","1.75%"
"09.05.2025","77.27","80.08","80.67","76.48","9.06M","-2.69%"
"08.05.2025","79.41","76.96","80.67","75.84","8.44M","5.39%"
"07.05.2025","75.35","74.24","76.54","74.10","6.54M","2.49%"
"06.05.2025","73.52","72.90","75.06","72.82","4.30M","-1.79%"
"05.05.2025","74.86","73.48","77.59","73.42","9.31M","1.07%"
"02.05.2025","74.07","71.24","75.31","71.24","8.67M","7.10%"
"01.05.2025","69.16","69.85","70.53","68.88","5.64M","0.49%"
"30.04.2025","68.82","66.44","69.15","65.66","5.92M","-0.16%"
"29.04.2025","68.93","68.46","69.90","67.82","4.89M","0.13%"
"28.04.2025","68.84","68.68","70.57","68.28","4.96M","0.94%"
"25.04.2025","68.20","68.32","69.53","67.54","5.63M","-1.23%"
"24.04.2025","69.05","66.65","69.48","65.85","7.02M","1.50%"
"23.04.2025","68.03","71.47","73.44","67.88","9.32M","1.58%"
"22.04.2025","66.97","66.47","67.32","65.26","7.30M","2.56%"
"21.04.2025","65.30","65.09","65.60","63.23","6.83M","-1.51%"
"17.04.2025","66.30","66.95","68.28","64.75","11.26M","-1.03%"
"16.04.2025","66.99","69.64","70.74","65.33","25.22M","-0.01%"
"15.04.2025","67.00","65.65","68.25","65.64","13.05M","1.99%"
"14.04.2025","65.69","67.47","67.54","64.28","8.05M","0.14%"
"11.04.2025","65.60","62.77","65.86","61.52","8.61M","4.54%"
"10.04.2025","62.75","67.13","67.71","61.02","13.49M","-11.41%"
"09.04.2025","70.83","56.24","72.47","56.00","32.97M","26.14%"
"08.04.2025","56.15","61.83","62.28","55.18","14.25M","-4.46%"
"07.04.2025","58.77","54.91","63.00","53.36","13.64M","1.91%"
"04.04.2025","57.67","55.89","58.87","52.00","18.04M","-4.25%"
"03.04.2025","60.23","65.43","65.64","60.03","16.69M","-15.61%"
"02.04.2025","71.37","66.15","71.43","66.15","8.20M","4.65%"
"01.04.2025","68.20","67.45","68.33","64.69","8.53M","-1.23%"
"31.03.2025","69.05","66.97","69.72","64.11","10.65M","-1.68%"
"28.03.2025","70.23","73.43","73.57","69.64","9.32M","-4.49%"
"27.03.2025","73.53","77.20","77.41","73.25","6.83M","-5.57%"
"26.03.2025","77.87","79.09","80.05","76.97","5.40M","-1.31%"
"25.03.2025","78.90","81.00","82.54","78.79","7.81M","-1.65%"
"24.03.2025","80.22","76.65","80.34","76.65","8.78M","7.15%"
"21.03.2025","74.87","72.79","75.45","71.56","14.83M","1.12%"
"20.03.2025","74.04","73.29","74.58","72.75","5.21M","-0.52%"
"19.03.2025","74.43","71.34","75.91","71.11","7.43M","4.33%"
"18.03.2025","71.34","73.00","73.60","70.62","6.66M","-3.49%"
"17.03.2025","73.92","73.56","74.76","72.80","6.29M","0.34%"
"14.03.2025","73.67","71.07","74.28","69.86","7.53M","5.39%"
"13.03.2025","69.90","73.15","73.31","67.70","10.94M","-3.53%"
"12.03.2025","72.46","76.80","78.36","70.51","12.74M","-4.73%"
"11.03.2025","76.06","79.58","80.25","72.85","16.61M","-2.01%"
"10.03.2025","77.62","80.17","80.17","75.45","16.43M","-6.35%"
"07.03.2025","82.88","84.51","85.00","78.08","14.86M","-3.93%"
"06.03.2025","86.27","89.28","91.12","85.74","10.06M","-5.48%"
"05.03.2025","91.27","87.03","91.76","86.10","8.83M","5.87%"
"04.03.2025","86.21","88.49","88.98","83.67","14.25M","-5.96%"
"03.03.2025","91.67","93.83","96.44","90.13","7.59M","-2.28%"
"28.02.2025","93.81","92.73","94.85","92.19","10.69M","1.78%"
"27.02.2025","92.17","97.00","97.80","91.57","8.16M","-5.37%"
"26.02.2025","97.40","98.41","99.99","96.92","4.76M","0.85%"
"25.02.2025","96.58","97.95","98.32","93.75","7.57M","-1.22%"
"24.02.2025","97.77","98.34","99.05","94.89","6.56M","1.96%"
"21.02.2025","95.89","103.00","103.88","95.36","10.97M","-6.44%"
"20.02.2025","102.49","105.63","106.50","100.02","7.01M","-3.77%"
"19.02.2025","106.51","102.53","108.82","102.37","6.77M","3.16%"
"18.02.2025","103.25","104.16","106.46","102.71","4.77M","-0.97%"
"14.02.2025","104.26","101.48","104.59","100.58","5.21M","3.34%"
"13.02.2025","100.89","104.26","105.20","95.98","11.30M","-3.16%"
"12.02.2025","104.18","103.71","106.81","103.32","5.84M","0.84%"
"11.02.2025","103.31","105.75","105.75","102.10","7.29M","-2.61%"
"10.02.2025","106.08","109.10","109.11","104.93","5.29M","-2.68%"
"07.02.2025","109.00","109.56","110.07","108.40","3.65M","-0.14%"
"06.02.2025","109.15","108.85","110.25","108.18","3.43M","1.23%"
"05.02.2025","107.82","108.39","109.10","106.54","2.86M","-0.78%"
"04.02.2025","108.67","106.62","108.90","104.43","5.95M","3.66%"
"03.02.2025","104.83","101.96","106.30","101.32","4.60M","-0.95%"
"31.01.2025","105.84","109.63","110.32","104.86","6.14M","-3.25%"
"30.01.2025","109.40","107.10","109.76","106.53","4.03M","1.05%"
"29.01.2025","108.26","107.07","108.86","106.52","3.87M","1.81%"
"28.01.2025","106.34","105.83","106.71","104.33","4.70M","-0.37%"
"27.01.2025","106.74","102.64","107.95","102.00","5.93M","1.66%"
"24.01.2025","105.00","102.81","107.95","102.27","8.65M","1.94%"
"23.01.2025","103.00","108.80","109.21","102.86","10.42M","-4.60%"
"22.01.2025","107.97","115.85","116.00","107.00","16.09M","-2.31%"
"21.01.2025","110.52","109.29","110.80","108.13","12.72M","2.92%"
"17.01.2025","107.38","107.02","108.47","106.00","5.18M","1.20%"
"16.01.2025","106.11","105.40","106.70","104.38","4.38M","1.10%"
"15.01.2025","104.96","109.15","110.15","104.80","4.72M","-2.52%"
"14.01.2025","107.67","107.29","108.14","105.60","5.97M","2.83%"
"13.01.2025","104.71","104.48","105.13","102.18","5.86M","-2.24%"
"10.01.2025","107.11","109.47","110.92","105.80","14.33M","3.27%"
"08.01.2025","103.72","100.01","103.90","99.40","5.46M","2.48%"
"07.01.2025","101.21","99.00","101.71","98.14","5.00M","2.68%"
"06.01.2025","98.57","96.95","101.30","96.37","7.05M","3.03%"
"03.01.2025","95.67","95.40","95.73","91.78","4.16M","0.25%"
"02.01.2025","95.43","97.29","97.92","94.45","3.43M","-1.72%"
"31.12.2024","97.10","97.82","98.25","96.03","2.82M","-1.13%"
"30.12.2024","98.21","98.31","98.97","95.30","3.89M","-1.45%"
"27.12.2024","99.65","100.44","100.55","98.18","3.16M","-1.21%"
"26.12.2024","100.87","100.15","101.28","99.95","2.23M","-0.29%"
"24.12.2024","101.16","99.35","101.29","99.06","1.97M","1.69%"
"23.12.2024","99.48","97.50","99.54","96.25","4.14M","2.14%"
"20.12.2024","97.40","94.52","98.28","94.34","12.24M","1.93%"
"19.12.2024","95.56","92.75","96.18","92.72","6.62M","4.47%"
"18.12.2024","91.47","95.10","97.48","90.17","6.25M","-3.71%"
"17.12.2024","94.99","94.97","95.33","93.65","3.44M","-0.51%"
"16.12.2024","95.48","94.53","97.10","94.20","3.78M","0.39%"
"13.12.2024","95.11","96.12","96.67","94.92","4.16M","-0.90%"
"12.12.2024","95.97","99.77","100.18","95.87","3.35M","-3.02%"
"11.12.2024","98.96","97.19","100.25","97.19","5.42M","2.52%"
"10.12.2024","96.53","97.58","99.42","95.29","4.12M","0.53%"
"09.12.2024","96.02","100.24","100.89","95.38","5.63M","-4.25%"
"06.12.2024","100.28","103.84","104.00","100.05","4.29M","-2.11%"
"05.12.2024","102.44","101.33","105.09","100.87","7.57M","3.21%"
"04.12.2024","99.25","96.86","99.29","96.86","4.41M","3.61%"
"03.12.2024","95.79","97.35","98.03","95.64","3.58M","-1.69%"
"02.12.2024","97.44","97.29","98.32","96.81","3.47M","0.63%"
"29.11.2024","96.83","96.36","97.43","96.14","1.52M","0.50%"
"27.11.2024","96.35","96.51","96.95","95.08","3.15M","-0.17%"
"26.11.2024","96.51","97.75","101.60","96.48","8.32M","-0.33%"
"25.11.2024","96.83","97.22","98.00","96.14","5.10M","1.67%"
"22.11.2024","95.24","93.93","95.54","92.08","6.53M","0.89%"
"21.11.2024","94.40","95.00","95.99","93.71","6.13M","-0.24%"
"20.11.2024","94.63","93.65","95.00","91.24","5.30M","0.39%"
"19.11.2024","94.26","88.87","95.19","88.60","6.89M","4.29%"
"18.11.2024","90.38","90.94","91.12","88.90","3.95M","-0.87%"
"15.11.2024","91.17","92.25","92.71","90.56","4.47M","0.01%"
"14.11.2024","91.16","90.75","93.33","90.60","6.06M","1.54%"
"13.11.2024","89.78","90.07","92.28","89.14","8.04M","0.73%"
"12.11.2024","89.13","88.41","89.24","87.06","6.05M","-0.34%"
"11.11.2024","89.43","87.86","89.60","87.34","5.67M","2.19%"
"08.11.2024","87.51","86.00","87.87","85.60","4.60M","2.43%"
"07.11.2024","85.43","86.58","87.84","85.36","5.31M","-2.45%"
"06.11.2024","87.58","85.00","87.84","84.30","11.59M","9.43%"
"05.11.2024","80.03","77.26","80.09","77.26","4.60M","3.60%"
"04.11.2024","77.25","79.87","80.29","77.14","6.45M","-3.99%"
"01.11.2024","80.46","79.19","81.35","78.79","6.76M","2.81%"
"31.10.2024","78.26","79.70","81.05","78.12","6.91M","-2.69%"
"30.10.2024","80.42","76.67","80.82","76.67","9.57M","4.54%"
"29.10.2024","76.93","75.39","77.62","75.15","5.09M","1.10%"
"28.10.2024","76.09","76.58","77.94","76.07","7.41M","1.94%"
"25.10.2024","74.64","74.90","76.08","73.93","7.84M","0.17%"
"24.10.2024","74.51","74.42","75.41","72.92","5.89M","1.44%"
"23.10.2024","73.45","73.87","74.44","72.89","5.07M","-1.40%"
"22.10.2024","74.49","73.80","74.72","72.57","6.63M","0.66%"
"21.10.2024","74.00","73.25","74.96","72.57","8.06M","-0.20%"
"18.10.2024","74.15","73.87","74.95","72.90","8.40M","1.12%"
"17.10.2024","73.33","72.00","74.56","71.59","14.73M","1.83%"
"16.10.2024","72.01","65.40","73.65","65.11","37.21M","12.44%"
"15.10.2024","64.05","64.18","65.02","63.49","12.81M","0.82%"
"14.10.2024","63.53","62.33","63.81","62.06","8.24M","2.80%"
"11.10.2024","61.80","60.00","61.92","59.71","5.66M","2.56%"
"10.10.2024","60.26","58.43","60.64","58.39","6.76M","1.40%"
"09.10.2024","59.43","60.40","61.04","59.08","6.54M","-0.97%"
"08.10.2024","60.01","59.68","61.62","59.53","7.09M","1.40%"
"07.10.2024","59.18","59.00","60.38","58.54","7.50M","-0.07%"
"04.10.2024","59.22","57.94","59.44","57.37","11.18M","6.47%"
"03.10.2024","55.62","55.60","56.21","54.93","6.87M","-0.22%"
"02.10.2024","55.74","55.35","56.05","54.64","5.37M","-0.69%"
"01.10.2024","56.13","56.87","56.95","54.73","10.45M","-1.63%"
"30.09.2024","57.06","57.75","58.38","56.71","5.29M","-1.60%"
"27.09.2024","57.99","58.98","60.23","57.95","9.39M","-1.46%"
"26.09.2024","58.85","55.58","59.38","55.49","17.69M","8.76%"
"25.09.2024","54.11","53.58","55.14","53.58","7.42M","0.90%"
"24.09.2024","53.63","52.43","53.65","52.13","4.55M","2.43%"
"23.09.2024","52.36","52.17","52.54","51.44","4.18M","0.36%"
"20.09.2024","52.17","52.48","52.90","51.94","6.51M","-0.80%"
"19.09.2024","52.59","54.06","54.24","52.34","6.55M","-0.70%"
"18.09.2024","52.96","52.74","54.43","52.59","7.46M","0.61%"
"17.09.2024","52.64","52.00","53.75","51.90","8.70M","2.53%"
"16.09.2024","51.34","50.38","51.44","50.31","5.64M","2.23%"
"13.09.2024","50.22","50.10","51.24","49.89","9.70M","1.15%"
"12.09.2024","49.65","49.78","50.80","47.46","10.38M","2.43%"
"11.09.2024","48.47","48.42","48.62","47.52","5.57M","0.10%"
"10.09.2024","48.42","49.00","49.04","47.01","6.06M","-0.68%"
"09.09.2024","48.75","46.67","48.98","46.58","9.96M","5.96%"
"06.09.2024","46.01","44.98","46.19","44.85","7.92M","1.97%"
"05.09.2024","45.12","44.60","46.51","44.57","9.23M","2.15%"
"04.09.2024","44.17","43.80","44.42","43.80","4.08M","0.68%"
"03.09.2024","43.87","43.63","44.15","43.52","5.85M","-0.39%"
"30.08.2024","44.04","43.18","44.16","42.87","6.62M","3.28%"
"29.08.2024","42.64","41.63","43.24","41.63","6.37M","3.17%"
"28.08.2024","41.33","42.05","42.18","40.96","6.64M","-1.92%"
"27.08.2024","42.14","42.85","42.90","42.07","3.85M","-1.50%"
"26.08.2024","42.78","43.45","43.66","42.74","3.41M","-1.25%"
"23.08.2024","43.32","41.74","43.35","41.58","7.15M","4.54%"
"22.08.2024","41.44","42.20","42.67","41.38","5.01M","-1.31%"
"21.08.2024","41.99","42.00","42.29","41.77","3.82M","0.55%"
"20.08.2024","41.76","42.32","42.41","41.53","4.29M","-1.39%"
"19.08.2024","42.35","42.45","42.63","41.94","4.49M","0.67%"
"16.08.2024","42.07","42.51","42.58","41.32","6.89M","-1.38%"
"15.08.2024","42.66","41.30","43.23","41.22","8.67M","6.01%"
"14.08.2024","40.24","41.11","41.28","40.13","6.22M","-1.66%"
"13.08.2024","40.92","40.52","41.19","40.36","4.28M","1.24%"
"12.08.2024","40.42","41.01","41.29","40.36","6.28M","-2.51%"
"09.08.2024","41.46","41.18","41.65","40.77","5.72M","0.68%"
"08.08.2024","41.18","39.12","41.35","39.11","6.20M","6.24%"
"07.08.2024","38.76","39.52","40.42","38.65","6.10M","-0.10%"
"06.08.2024","38.80","38.35","39.74","38.05","7.72M","2.43%"
"05.08.2024","37.88","37.14","39.26","37.02","11.16M","-5.75%"
"02.08.2024","40.19","41.53","41.60","39.77","11.83M","-5.17%"
"01.08.2024","42.38","45.76","45.87","42.06","12.65M","-6.69%"
"31.07.2024","45.42","46.62","46.87","45.11","7.48M","-2.55%"
"30.07.2024","46.61","47.03","47.97","46.38","6.80M","-0.32%"
"29.07.2024","46.76","47.37","47.38","46.39","5.17M","-1.29%"
"26.07.2024","47.37","47.46","47.49","46.39","5.87M","1.39%"
"25.07.2024","46.72","45.95","47.70","45.64","9.09M","1.52%"
"24.07.2024","46.02","48.34","48.34","45.83","7.00M","-4.56%"
"23.07.2024","48.22","47.99","48.88","47.86","6.68M","0.06%"
"22.07.2024","48.19","47.24","48.76","46.63","8.88M","0.54%"
"19.07.2024","47.93","45.90","48.31","44.95","9.60M","3.32%"
"18.07.2024","46.39","47.91","49.67","46.07","20.95M","-1.17%"
"17.07.2024","46.94","46.76","47.54","46.54","14.55M","-0.28%"
"16.07.2024","47.07","44.25","47.11","44.25","9.82M","6.20%"
"15.07.2024","44.32","44.71","44.99","44.12","6.33M","-0.89%"
"12.07.2024","44.72","45.39","45.80","44.55","8.99M","-2.02%"
"11.07.2024","45.64","44.75","45.72","43.73","14.19M","-3.20%"
"10.07.2024","47.15","47.62","47.62","46.88","6.85M","-0.11%"
"09.07.2024","47.20","46.97","47.71","46.66","4.66M","0.81%"
"08.07.2024","46.82","47.56","47.73","46.71","4.77M","-0.38%"
"05.07.2024","47.00","48.30","48.47","46.52","7.25M","-3.11%"
"03.07.2024","48.51","48.43","48.82","48.10","2.87M","0.64%"
"02.07.2024","48.20","48.37","48.49","47.81","4.88M","-0.27%"
"01.07.2024","48.33","48.72","49.16","47.99","4.21M","-0.68%"
"28.06.2024","48.66","48.25","48.88","48.02","5.29M","0.95%"
"27.06.2024","48.20","47.95","48.53","47.45","4.65M","0.27%"
"26.06.2024","48.07","47.90","48.59","46.75","6.39M","-0.93%"
"25.06.2024","48.52","49.16","49.85","48.50","5.75M","-1.34%"
"24.06.2024","49.18","48.39","49.83","48.26","5.55M","2.08%"
"21.06.2024","48.18","48.71","48.71","47.77","11.12M","-1.47%"
"20.06.2024","48.90","49.39","49.98","48.69","5.80M","-1.37%"
"18.06.2024","49.58","50.32","50.67","49.44","5.05M","-1.55%"
"17.06.2024","50.36","49.68","50.62","49.40","5.00M","1.35%"
"14.06.2024","49.69","50.99","51.11","48.46","10.77M","-4.57%"
"13.06.2024","52.07","52.86","52.86","51.06","5.47M","-1.62%"
"12.06.2024","52.93","52.85","54.13","52.50","7.60M","1.69%"
"11.06.2024","52.05","52.66","52.84","51.85","4.62M","-1.85%"
"10.06.2024","53.03","52.54","53.48","52.28","3.52M","0.06%"
"07.06.2024","53.00","52.72","53.34","52.61","4.70M","-0.56%"
"06.06.2024","53.30","53.31","55.12","53.03","8.65M","0.74%"
"05.06.2024","52.91","52.11","53.68","51.38","8.90M","1.09%"
"04.06.2024","52.34","52.64","54.02","51.73","8.54M","-0.72%"
"03.06.2024","52.72","53.50","54.60","52.22","8.79M","-0.51%"
"31.05.2024","52.99","51.82","53.10","51.65","7.74M","3.21%"
"30.05.2024","51.34","51.96","52.12","51.16","5.40M","-0.95%"
"29.05.2024","51.83","49.47","51.92","48.27","12.34M","2.35%"
"28.05.2024","50.64","51.85","51.93","50.43","4.74M","-2.11%"
"24.05.2024","51.73","51.91","52.30","51.26","3.49M","-0.06%"
"23.05.2024","51.76","52.63","52.68","51.40","4.76M","-1.26%"
"22.05.2024","52.42","52.88","53.40","52.21","4.73M","-1.15%"
"21.05.2024","53.03","54.44","54.60","52.95","6.77M","-2.91%"
"20.05.2024","54.62","54.99","55.27","54.56","5.52M","-0.64%"
"17.05.2024","54.97","55.15","55.83","54.84","7.16M","0.35%"
"16.05.2024","54.78","55.43","56.17","54.65","6.89M","-0.33%"
"15.05.2024","54.96","55.38","55.39","54.83","7.52M","-0.24%"
"14.05.2024","55.09","54.80","55.22","54.80","7.65M","1.27%"
"13.05.2024","54.40","53.23","54.68","53.20","7.63M","3.19%"
"10.05.2024","52.72","52.98","53.37","52.46","3.53M","0.17%"
"09.05.2024","52.63","52.96","53.17","52.58","3.54M","-0.74%"
"08.05.2024","53.02","53.12","53.50","52.63","4.85M","0.63%"
"07.05.2024","52.69","53.30","53.35","52.57","6.19M","-2.37%"
"06.05.2024","53.97","51.93","54.06","51.70","8.71M","4.49%"
"03.05.2024","51.65","52.00","52.75","51.22","7.32M","-0.06%"
"02.05.2024","51.68","51.39","51.81","50.92","7.46M","1.99%"
"01.05.2024","50.67","51.40","51.51","49.73","9.73M","-1.54%"
"30.04.2024","51.46","52.42","52.68","51.41","7.31M","-2.85%"
"29.04.2024","52.97","52.80","53.13","52.15","5.51M","0.25%"
"26.04.2024","52.84","53.07","53.51","52.29","6.91M","-1.25%"
"25.04.2024","53.51","52.28","53.84","51.32","8.90M","1.59%"
"24.04.2024","52.67","53.69","53.95","52.11","10.03M","-2.52%"
"23.04.2024","54.03","53.10","54.67","52.81","12.73M","0.17%"
"22.04.2024","53.94","51.86","54.15","51.53","16.42M","4.98%"
"19.04.2024","51.38","51.19","53.10","50.90","17.00M","-0.08%"
"18.04.2024","51.42","49.22","51.88","49.20","38.68M","5.50%"
"17.04.2024","48.74","44.45","49.14","44.11","67.54M","17.45%"
"16.04.2024","41.50","40.80","41.72","40.10","18.51M","1.12%"
"15.04.2024","41.04","42.15","42.83","40.84","10.45M","-1.82%"
"12.04.2024","41.80","42.10","42.13","41.08","11.11M","-2.88%"
"11.04.2024","43.04","42.30","43.11","42.04","8.29M","1.58%"
"10.04.2024","42.37","44.26","44.75","41.76","13.80M","-2.46%"
"09.04.2024","43.44","43.43","43.73","42.97","6.34M","0.30%"
"08.04.2024","43.31","42.72","43.88","42.60","7.89M","0.28%"
"05.04.2024","43.19","43.22","43.50","42.76","7.51M","-0.07%"
"04.04.2024","43.22","44.98","45.75","43.18","9.35M","-3.14%"
"03.04.2024","44.62","45.50","46.24","44.37","8.66M","-2.26%"
"02.04.2024","45.65","46.55","46.55","45.29","8.15M","-3.59%"
"01.04.2024","47.35","48.00","48.73","47.32","8.57M","-1.11%"
"28.03.2024","47.88","47.18","47.99","47.11","7.59M","1.35%"
"27.03.2024","47.24","45.69","47.48","45.62","10.93M","4.01%"
"26.03.2024","45.42","45.03","45.90","44.85","8.60M","1.18%"
"25.03.2024","44.89","45.05","45.11","43.54","13.42M","-3.40%"
"22.03.2024","46.47","46.51","46.79","46.14","4.99M","-0.34%"
"21.03.2024","46.63","46.11","46.69","45.93","5.58M","1.41%"
"20.03.2024","45.98","43.64","45.99","43.41","8.63M","4.71%"
"19.03.2024","43.91","43.63","44.06","43.33","5.18M","0.83%"
"18.03.2024","43.55","43.62","43.71","42.50","5.69M","-0.16%"
"15.03.2024","43.62","42.79","43.69","42.78","9.16M","1.80%"
"14.03.2024","42.85","42.91","43.00","41.99","7.29M","-0.43%"
"13.03.2024","43.03","41.91","43.33","41.86","7.89M","2.05%"
"12.03.2024","42.17","42.67","42.80","40.83","12.15M","-1.68%"
"11.03.2024","42.89","42.83","43.07","42.53","7.37M","-0.95%"
"08.03.2024","43.30","44.11","44.51","43.23","7.73M","-1.86%"
"07.03.2024","44.12","44.09","44.72","44.02","5.60M","0.11%"
"06.03.2024","44.07","44.10","44.83","43.81","5.93M","0.75%"
"05.03.2024","43.74","43.73","44.03","43.41","6.08M","-0.91%"
"04.03.2024","44.14","44.59","45.18","43.63","10.63M","-1.56%"
"01.03.2024","44.84","45.61","45.73","44.38","7.29M","-1.43%"
"29.02.2024","45.49","45.00","45.67","44.93","7.00M","1.63%"
"28.02.2024","44.76","44.43","45.13","44.40","6.15M","-0.31%"
"27.02.2024","44.90","45.39","45.52","44.55","6.90M","-0.16%"
"26.02.2024","44.97","45.47","46.25","44.97","6.69M","-1.19%"
"23.02.2024","45.51","45.11","45.78","44.96","6.58M","0.55%"
"22.02.2024","45.26","44.45","45.88","44.39","9.34M","2.75%"
"21.02.2024","44.05","43.11","44.11","42.89","9.33M","1.36%"
"20.02.2024","43.46","41.68","43.72","41.68","12.30M","3.50%"
"16.02.2024","41.99","42.26","42.54","41.61","6.99M","-1.96%"
"15.02.2024","42.83","43.33","43.69","42.57","6.69M","0.00%"
"14.02.2024","42.83","41.87","43.01","41.70","7.49M","2.91%"
"13.02.2024","41.62","41.87","42.38","41.14","9.50M","-3.25%"
"12.02.2024","43.02","42.15","43.29","42.09","7.38M","1.63%"
"09.02.2024","42.33","42.86","43.03","41.60","9.22M","1.71%"
"08.02.2024","41.62","41.21","41.66","40.44","7.41M","0.82%"
"07.02.2024","41.28","41.23","41.64","40.82","6.54M","0.12%"
"06.02.2024","41.23","39.86","41.30","39.71","6.55M","3.05%"
"05.02.2024","40.01","40.76","40.83","39.98","8.63M","-3.29%"
"02.02.2024","41.37","41.32","41.54","40.90","5.74M","-0.31%"
"01.02.2024","41.50","41.69","42.08","40.37","7.49M","0.29%"
"31.01.2024","41.38","41.40","42.46","40.86","7.86M","-0.67%"
"30.01.2024","41.66","41.76","42.18","41.57","5.26M","-1.02%"
"29.01.2024","42.09","42.50","42.87","42.01","7.94M","-1.08%"
"26.01.2024","42.55","43.00","43.56","42.32","6.92M","-0.95%"
"25.01.2024","42.96","42.09","43.10","41.78","14.66M","5.19%"
"24.01.2024","40.84","41.06","41.35","40.48","8.52M","0.86%"
"23.01.2024","40.49","41.01","42.32","39.77","30.85M","5.31%"
"22.01.2024","38.45","39.26","39.49","38.23","17.25M","-0.95%"
"19.01.2024","38.82","39.72","39.75","38.56","9.73M","-2.39%"
"18.01.2024","39.77","38.05","39.83","37.88","11.18M","4.99%"
"17.01.2024","37.88","38.46","38.83","37.68","9.48M","-2.70%"
"16.01.2024","38.93","39.29","39.38","38.10","13.38M","-2.14%"
"12.01.2024","39.78","42.57","42.64","39.76","26.57M","-10.63%"
"11.01.2024","44.51","44.06","44.54","43.41","6.75M","0.56%"
"10.01.2024","44.26","43.68","44.50","43.43","8.34M","1.65%"
"09.01.2024","43.54","43.53","44.16","43.06","9.33M","1.44%"
"08.01.2024","42.92","41.48","43.52","41.44","13.00M","2.78%"
"05.01.2024","41.76","40.41","42.01","40.28","7.20M","3.19%"
"04.01.2024","40.47","39.71","40.88","39.60","6.91M","2.38%"
"03.01.2024","39.53","40.06","40.56","39.40","9.73M","-2.92%"
"02.01.2024","40.72","41.13","41.69","40.56","6.33M","-1.31%"
"29.12.2023","41.26","41.84","41.90","41.18","5.59M","-1.69%"
"28.12.2023","41.97","41.56","42.03","41.48","3.81M","0.58%"
"27.12.2023","41.73","42.12","42.22","41.53","4.86M","-0.83%"
"26.12.2023","42.08","42.46","42.55","41.97","5.26M","-1.10%"
"22.12.2023","42.55","42.58","42.98","42.26","4.96M","-0.07%"
"21.12.2023","42.58","41.80","42.63","41.80","7.57M","3.40%"
"20.12.2023","41.18","42.00","42.73","41.13","7.78M","-2.92%"
"19.12.2023","42.42","42.60","42.94","42.22","7.22M","0.21%"
"18.12.2023","42.33","43.19","43.36","42.15","9.03M","-2.87%"
"15.12.2023","43.58","43.51","43.87","43.22","8.68M","-0.02%"
"14.12.2023","43.59","42.22","43.79","42.14","12.18M","4.83%"
"13.12.2023","41.58","40.84","41.72","39.81","8.73M","1.17%"
"12.12.2023","41.10","40.67","41.28","40.49","7.96M","1.33%"
"11.12.2023","40.56","40.90","41.22","40.44","6.02M","-1.00%"
"08.12.2023","40.97","41.30","41.58","40.69","8.12M","-0.70%"
"07.12.2023","41.26","41.40","42.06","41.15","10.39M","0.81%"
"06.12.2023","40.93","40.24","41.84","40.23","9.70M","3.38%"
"05.12.2023","39.59","40.11","40.26","39.11","7.79M","-2.30%"
"04.12.2023","40.52","40.16","40.80","39.66","7.44M","0.70%"
"01.12.2023","40.24","39.48","40.37","39.17","10.63M","2.13%"
"30.11.2023","39.40","39.59","39.67","38.68","7.06M","0.38%"
"29.11.2023","39.25","39.28","40.22","39.19","5.97M","0.74%"
"28.11.2023","38.96","39.30","39.41","38.32","6.73M","-0.64%"
"27.11.2023","39.21","39.52","39.60","38.88","5.15M","-1.26%"
"24.11.2023","39.71","40.07","40.28","39.51","3.15M","-0.23%"
"22.11.2023","39.80","40.48","41.38","39.61","8.77M","0.91%"
"21.11.2023","39.44","39.69","39.75","39.18","4.95M","-1.45%"
"20.11.2023","40.02","39.53","40.14","39.37","4.86M","0.65%"
"17.11.2023","39.76","39.70","39.82","39.33","4.95M","1.22%"
"16.11.2023","39.28","39.85","40.32","39.13","5.83M","-1.65%"
"15.11.2023","39.94","39.71","41.05","39.62","10.07M","1.42%"
"14.11.2023","39.38","39.20","39.59","38.86","6.98M","3.33%"
"13.11.2023","38.11","37.78","38.31","37.50","6.55M","0.32%"
"10.11.2023","37.99","37.25","38.15","37.22","6.41M","1.80%"
"09.11.2023","37.32","38.76","38.88","37.06","7.88M","-1.89%"
"08.11.2023","38.04","37.39","38.50","37.34","9.90M","2.73%"
"07.11.2023","37.03","37.02","37.13","36.23","6.79M","0.73%"
"06.11.2023","36.76","37.88","37.98","36.25","7.32M","-2.00%"
"03.11.2023","37.51","36.46","37.84","36.29","13.07M","4.72%"
"02.11.2023","35.82","35.56","35.85","35.24","6.85M","2.90%"
"01.11.2023","34.81","35.01","35.36","34.49","8.36M","-0.57%"
"31.10.2023","35.01","34.58","35.03","34.24","6.84M","0.60%"
"30.10.2023","34.80","34.27","35.07","34.13","8.39M","2.65%"
"27.10.2023","33.90","35.06","35.13","33.68","7.82M","-2.92%"
"26.10.2023","34.92","34.84","35.54","34.64","8.74M","0.20%"
"25.10.2023","34.85","35.00","35.35","34.81","8.36M","-0.83%"
"24.10.2023","35.14","35.56","35.64","35.03","7.84M","-0.68%"
"23.10.2023","35.38","35.00","35.93","34.69","9.66M","0.83%"
"20.10.2023","35.09","35.77","35.98","35.07","11.97M","-2.61%"
"19.10.2023","36.03","36.09","37.16","35.91","14.63M","-0.58%"
"18.10.2023","36.24","38.08","38.63","36.14","34.21M","-9.67%"
"17.10.2023","40.12","39.45","40.44","39.38","11.98M","1.49%"
"16.10.2023","39.53","39.12","39.83","38.75","6.68M","2.09%"
"13.10.2023","38.72","39.47","39.83","38.55","8.26M","-2.76%"
"12.10.2023","39.82","41.67","41.67","39.52","9.38M","-2.88%"
"11.10.2023","41.00","40.40","41.14","40.27","6.22M","1.51%"
"10.10.2023","40.39","40.40","41.35","40.29","6.50M","1.53%"
"09.10.2023","39.78","40.73","40.78","39.04","11.09M","-4.88%"
"06.10.2023","41.82","41.27","42.48","40.96","6.35M","1.21%"
"05.10.2023","41.32","41.88","42.13","41.13","6.48M","-0.22%"
"04.10.2023","41.41","40.90","41.71","40.40","7.73M","2.17%"
"03.10.2023","40.53","41.48","41.55","40.35","7.05M","-2.62%"
"02.10.2023","41.62","42.32","42.60","41.44","6.40M","-1.61%"
"29.09.2023","42.30","42.57","42.99","41.85","6.66M","-0.02%"
"28.09.2023","42.31","42.00","43.08","41.74","6.09M","0.67%"
"27.09.2023","42.03","42.80","42.87","41.62","5.26M","-1.45%"
"26.09.2023","42.65","42.70","43.38","42.51","5.14M","-0.65%"
"25.09.2023","42.93","42.75","43.08","42.14","5.13M","-0.33%"
"22.09.2023","43.07","43.39","43.71","42.90","5.10M","-1.42%"
"21.09.2023","43.69","44.01","44.50","43.57","6.05M","-1.51%"
"20.09.2023","44.36","45.50","45.75","44.31","4.42M","-1.95%"
"19.09.2023","45.24","44.45","45.30","44.39","4.19M","1.37%"
"18.09.2023","44.63","45.35","45.42","44.49","5.49M","-2.34%"
"15.09.2023","45.70","45.31","46.45","45.19","5.88M","0.62%"
"14.09.2023","45.42","46.29","46.37","45.31","7.13M","-0.81%"
"13.09.2023","45.79","46.12","46.77","45.39","9.29M","-3.80%"
"12.09.2023","47.60","47.91","48.19","47.33","3.42M","-0.19%"
"11.09.2023","47.69","47.60","47.96","46.99","4.11M","0.53%"
"08.09.2023","47.44","47.60","47.98","47.05","4.87M","-0.50%"
"07.09.2023","47.68","48.15","48.25","47.49","5.51M","-1.37%"
"06.09.2023","48.34","47.90","49.71","47.90","6.62M","-0.27%"
"05.09.2023","48.47","48.98","49.33","47.38","12.33M","-2.51%"
"01.09.2023","49.72","50.13","50.16","49.12","3.27M","-0.18%"
"31.08.2023","49.81","50.52","50.54","49.48","4.16M","-0.58%"
"30.08.2023","50.10","50.18","50.58","49.93","3.08M","-0.36%"
"29.08.2023","50.28","49.31","50.66","49.08","4.17M","2.22%"
"28.08.2023","49.19","49.06","49.84","48.91","4.46M","0.51%"
"25.08.2023","48.94","49.47","49.54","48.51","4.24M","-0.93%"
"24.08.2023","49.40","50.04","50.40","48.94","4.67M","-1.96%"
"23.08.2023","50.39","49.29","50.63","48.66","4.78M","1.94%"
"22.08.2023","49.43","49.84","50.14","49.00","2.87M","-0.40%"
"21.08.2023","49.63","49.40","49.73","48.93","3.51M","1.08%"
"18.08.2023","49.10","48.79","49.41","48.55","4.90M","-0.87%"
"17.08.2023","49.53","50.63","50.71","49.50","5.53M","-2.35%"
"16.08.2023","50.72","51.36","52.06","50.61","4.36M","-1.21%"
"15.08.2023","51.34","51.80","51.93","51.22","4.26M","-1.85%"
"14.08.2023","52.31","52.08","52.54","51.72","3.27M","0.10%"
"11.08.2023","52.26","52.59","52.69","51.82","4.06M","-1.30%"
"10.08.2023","52.95","53.47","53.78","52.49","4.64M","-0.34%"
"09.08.2023","53.13","54.77","54.91","52.94","5.55M","-3.15%"
"08.08.2023","54.86","53.02","54.91","52.95","6.65M","2.20%"
"07.08.2023","53.68","52.98","53.80","52.43","5.67M","2.50%"
"04.08.2023","52.37","52.45","52.59","51.82","4.41M","0.40%"
"03.08.2023","52.16","52.05","52.48","51.56","5.99M","-0.97%"
"02.08.2023","52.67","52.50","52.94","52.21","4.78M","-1.11%"
"01.08.2023","53.26","53.55","53.62","52.26","6.18M","-1.93%"
"31.07.2023","54.31","54.24","54.44","53.98","3.81M","0.26%"
"28.07.2023","54.17","53.87","54.69","53.71","6.04M","1.71%"
"27.07.2023","53.26","53.94","54.28","52.82","7.71M","-2.40%"
"26.07.2023","54.57","54.30","54.89","53.59","5.92M","0.65%"
"25.07.2023","54.22","55.13","55.16","53.32","12.13M","-3.28%"
"24.07.2023","56.06","57.07","57.27","55.69","8.13M","-2.69%"
"21.07.2023","57.61","57.24","58.23","56.40","11.42M","1.84%"
"20.07.2023","56.57","55.83","57.56","54.65","22.00M","3.23%"
"19.07.2023","54.80","54.58","55.12","54.03","8.73M","0.02%"
"18.07.2023","54.79","53.17","55.01","53.12","5.58M","2.74%"
"17.07.2023","53.33","53.30","54.18","53.16","4.62M","-0.02%"
"14.07.2023","53.34","55.39","55.40","52.96","7.55M","-3.42%"
"13.07.2023","55.23","56.90","57.45","55.11","8.58M","-0.31%"
"12.07.2023","55.40","56.20","56.64","55.00","5.88M","-1.39%"
"11.07.2023","56.18","56.20","56.36","55.26","4.40M","-0.27%"
"10.07.2023","56.33","55.34","56.49","55.16","4.78M","1.70%"
"07.07.2023","55.39","54.55","55.74","54.48","5.33M","1.78%"
"06.07.2023","54.42","54.87","55.31","54.15","4.94M","-2.18%"
"05.07.2023","55.63","54.57","56.23","54.25","5.55M","1.04%"
"03.07.2023","55.06","54.49","55.30","54.39","3.23M","0.35%"
"30.06.2023","54.87","54.39","54.96","53.90","10.05M","2.14%"
"29.06.2023","53.72","56.42","56.76","53.61","11.80M","-4.58%"
"28.06.2023","56.30","56.22","56.97","55.81","7.06M","0.48%"
"27.06.2023","56.03","53.97","56.44","53.87","10.66M","5.08%"
"26.06.2023","53.32","52.70","53.75","52.50","4.96M","1.27%"
"23.06.2023","52.65","51.96","52.74","51.82","4.09M","-0.75%"
"22.06.2023","53.05","52.62","53.27","52.48","3.27M","0.38%"
"21.06.2023","52.85","52.43","53.13","52.11","4.26M","0.28%"
"20.06.2023","52.70","52.80","53.06","52.15","5.20M","-1.50%"
"16.06.2023","53.50","53.50","54.06","52.99","6.81M","-0.15%"
"15.06.2023","53.58","52.84","53.68","52.78","5.88M","0.43%"
"14.06.2023","53.35","53.26","53.83","52.72","6.52M","0.30%"
"13.06.2023","53.19","51.87","53.37","51.67","8.63M","3.66%"
"12.06.2023","51.31","50.91","52.01","50.70","6.49M","1.77%"
"09.06.2023","50.42","49.99","50.90","49.85","5.75M","1.10%"
"08.06.2023","49.87","49.27","50.44","49.26","5.54M","0.97%"
"07.06.2023","49.39","49.07","49.74","48.88","5.18M","1.23%"
"06.06.2023","48.79","47.99","49.12","47.81","3.97M","1.10%"
"05.06.2023","48.26","48.45","48.56","47.63","3.70M","-0.49%"
"02.06.2023","48.50","48.03","48.94","47.73","7.86M","2.30%"
"01.06.2023","47.41","47.35","48.29","47.05","4.99M","-0.12%"
"31.05.2023","47.47","48.75","48.90","46.97","7.53M","-1.14%"
"30.05.2023","48.01","47.75","48.64","47.50","5.27M","1.59%"
"26.05.2023","47.26","47.51","48.18","46.93","4.41M","-0.46%"
"25.05.2023","47.48","47.21","47.85","46.67","6.11M","1.76%"
"24.05.2023","46.66","47.40","47.43","45.97","7.68M","-2.53%"
"23.05.2023","47.87","47.40","49.05","47.20","6.53M","0.97%"
"22.05.2023","47.41","47.74","48.10","46.62","6.02M","-0.27%"
"19.05.2023","47.54","48.07","48.21","46.90","5.24M","-1.23%"
"18.05.2023","48.13","47.73","48.25","47.46","5.95M","0.80%"
"17.05.2023","47.75","45.93","48.38","45.93","13.63M","5.29%"
"16.05.2023","45.35","44.97","46.17","44.57","5.62M","0.33%"
"15.05.2023","45.20","45.21","45.49","44.76","4.43M","0.27%"
"12.05.2023","45.08","45.42","45.63","44.42","4.20M","0.00%"
"11.05.2023","45.08","45.14","45.34","44.60","4.35M","-0.97%"
"10.05.2023","45.52","46.95","47.04","44.24","7.47M","-1.81%"
"09.05.2023","46.36","45.72","46.54","45.22","4.91M","1.09%"
"08.05.2023","45.86","45.31","46.24","45.23","6.96M","2.34%"
"05.05.2023","44.81","43.50","45.04","43.21","7.77M","4.40%"
"04.05.2023","42.92","44.35","44.65","42.60","8.97M","-3.51%"
"03.05.2023","44.48","44.68","45.27","43.99","6.49M","-0.11%"
"02.05.2023","44.53","44.01","44.60","43.07","6.89M","0.27%"
"01.05.2023","44.41","43.66","44.84","43.28","6.25M","1.39%"
"28.04.2023","43.80","42.66","43.90","42.40","5.89M","2.26%"
"27.04.2023","42.83","42.61","43.00","41.24","7.02M","1.75%"
"26.04.2023","42.10","42.75","42.95","41.75","5.61M","-0.93%"
"25.04.2023","42.49","43.60","43.66","42.41","6.11M","-3.28%"
"24.04.2023","43.93","44.62","44.88","43.26","5.94M","-1.17%"
"21.04.2023","44.45","45.06","45.06","44.05","5.32M","-0.98%"
"20.04.2023","44.89","45.85","46.27","44.51","10.79M","-2.98%"
"19.04.2023","46.27","43.60","46.30","43.38","24.08M","7.50%"
"18.04.2023","43.04","42.75","43.27","42.15","10.69M","1.56%"
"17.04.2023","42.38","41.83","42.45","41.58","5.69M","1.70%"
"14.04.2023","41.67","42.18","42.39","41.33","6.00M","-0.71%"
"13.04.2023","41.97","42.25","42.25","41.05","12.30M","1.28%"
"12.04.2023","41.44","43.98","43.99","41.05","15.75M","-6.50%"
"11.04.2023","44.32","43.36","44.44","42.97","7.85M","2.76%"
"10.04.2023","43.13","42.60","43.21","42.28","6.00M","1.10%"
"06.04.2023","42.66","42.29","42.83","41.85","6.31M","1.50%"
"05.04.2023","42.03","42.32","42.60","41.22","8.51M","-1.20%"
"04.04.2023","42.54","43.84","43.90","42.18","5.85M","-1.87%"
"03.04.2023","43.35","43.68","43.76","42.71","7.30M","-2.03%"
"31.03.2023","44.25","44.12","44.32","43.72","5.14M","1.24%"
"30.03.2023","43.71","44.01","45.06","43.59","7.34M","0.55%"
"29.03.2023","43.47","42.97","43.65","42.67","6.99M","2.50%"
"28.03.2023","42.41","41.76","42.56","41.58","5.07M","1.12%"
"27.03.2023","41.94","41.95","42.29","41.15","6.79M","1.40%"
"24.03.2023","41.36","41.06","41.50","40.43","7.72M","-0.72%"
"23.03.2023","41.66","43.07","43.50","41.19","9.53M","-2.71%"
"22.03.2023","42.82","44.14","44.32","42.78","6.90M","-3.25%"
"21.03.2023","44.26","44.02","44.96","44.02","6.37M","2.72%"
"20.03.2023","43.09","43.25","43.68","42.80","6.79M","0.12%"
"17.03.2023","43.04","43.37","43.87","42.40","9.37M","-1.26%"
"16.03.2023","43.59","42.65","43.79","42.17","10.61M","1.04%"
"15.03.2023","43.14","44.66","45.05","42.34","16.64M","-6.64%"
"14.03.2023","46.21","47.46","47.76","45.36","21.02M","-5.37%"
"13.03.2023","48.83","49.51","49.80","48.15","11.97M","-4.20%"
"10.03.2023","50.97","53.30","53.52","50.20","10.97M","-2.21%"
"09.03.2023","52.12","53.76","54.60","51.85","6.48M","-3.94%"
"08.03.2023","54.26","54.23","54.47","53.56","4.88M","0.46%"
"07.03.2023","54.01","53.18","55.04","52.87","9.88M","2.99%"
"06.03.2023","52.44","53.23","53.56","52.29","4.50M","-1.17%"
"03.03.2023","53.06","53.20","53.86","52.67","6.19M","0.95%"
"02.03.2023","52.56","51.90","52.61","51.48","3.26M","0.32%"
"01.03.2023","52.39","51.67","52.54","51.52","4.88M","0.83%"
"28.02.2023","51.96","50.60","52.33","50.58","6.28M","2.49%"
"27.02.2023","50.70","50.67","51.52","50.54","4.91M","0.98%"
"24.02.2023","50.21","49.50","50.25","49.07","5.34M","-0.73%"
"23.02.2023","50.58","49.48","51.45","49.35","8.54M","3.69%"
"22.02.2023","48.78","48.07","48.93","47.77","4.62M","1.20%"
"21.02.2023","48.20","49.09","49.39","47.81","5.39M","-2.88%"
"17.02.2023","49.63","48.98","49.79","48.35","4.86M","1.31%"
"16.02.2023","48.99","49.51","49.72","48.78","5.47M","-1.84%"
"15.02.2023","49.91","49.33","50.17","49.15","3.68M","-0.30%"
"14.02.2023","50.06","49.04","50.30","48.85","6.20M","1.77%"
"13.02.2023","49.19","48.87","49.40","48.63","4.36M","0.68%"
"10.02.2023","48.86","49.12","49.35","48.40","6.14M","-1.93%"
"09.02.2023","49.82","50.98","51.29","49.61","5.22M","-1.87%"
"08.02.2023","50.77","50.98","51.30","49.38","7.37M","0.04%"
"07.02.2023","50.75","50.87","51.09","49.54","4.85M","-0.33%"
"06.02.2023","50.92","50.36","51.13","50.17","5.00M","-0.39%"
"03.02.2023","51.12","51.85","52.13","50.96","6.96M","-2.27%"
"02.02.2023","52.31","50.47","52.34","50.34","11.14M","4.16%"
"01.02.2023","50.22","48.84","50.26","48.28","7.83M","2.57%"
"31.01.2023","48.96","48.40","49.24","47.98","5.35M","1.56%"
"30.01.2023","48.21","48.30","49.44","48.09","6.11M","-1.07%"
"27.01.2023","48.73","49.34","49.60","48.63","6.50M","-1.46%"
"26.01.2023","49.45","50.40","50.69","48.80","7.69M","-1.65%"
"25.01.2023","50.28","49.09","50.86","49.04","8.66M","1.99%"
"24.01.2023","49.30","49.02","50.28","48.87","5.41M","0.04%"
"23.01.2023","49.28","49.47","49.87","48.80","7.38M","-0.36%"
"20.01.2023","49.46","48.67","49.68","48.42","9.43M","2.25%"
"19.01.2023","48.37","48.29","48.58","46.88","15.60M","-1.00%"
"18.01.2023","48.86","53.10","53.26","48.52","31.62M","-4.57%"
"17.01.2023","51.20","51.10","51.59","49.94","20.03M","-0.87%"
"13.01.2023","51.65","49.69","51.71","49.66","15.89M","0.68%"
"12.01.2023","51.30","48.61","51.32","48.56","21.25M","7.52%"
"11.01.2023","47.71","45.49","47.78","45.41","16.69M","4.28%"
"10.01.2023","45.75","43.04","45.76","43.04","10.58M","5.54%"
"09.01.2023","43.35","42.57","44.19","42.26","10.07M","2.63%"
"06.01.2023","42.24","41.41","42.28","41.05","7.73M","2.42%"
"05.01.2023","41.24","39.60","41.27","39.43","8.29M","3.83%"
"04.01.2023","39.72","37.62","39.85","37.56","8.74M","6.75%"
"03.01.2023","37.21","38.22","38.25","36.81","8.15M","-1.30%"
"30.12.2022","37.70","37.59","38.06","37.46","6.30M","-0.58%"
"29.12.2022","37.92","37.38","38.24","37.32","5.89M","1.69%"
"28.12.2022","37.29","38.34","38.54","37.22","6.40M","-2.38%"
"27.12.2022","38.20","38.20","38.99","37.72","6.65M","-0.49%"
"23.12.2022","38.39","38.36","38.48","37.76","4.26M","0.29%"
"22.12.2022","38.28","38.78","38.98","37.17","7.25M","-1.85%"
"21.12.2022","39.00","38.59","39.44","38.59","6.05M","1.17%"
"20.12.2022","38.55","37.96","38.62","37.85","5.51M","1.50%"
"19.12.2022","37.98","38.67","38.86","37.89","5.43M","-1.17%"
"16.12.2022","38.43","38.52","39.12","37.84","11.43M","-0.31%"
"15.12.2022","38.55","39.65","40.07","38.15","10.41M","-3.87%"
"14.12.2022","40.10","41.67","41.99","39.63","13.89M","-2.60%"
"13.12.2022","41.17","45.50","45.57","40.92","18.39M","-6.94%"
"12.12.2022","44.24","43.00","44.34","42.76","5.30M","2.79%"
"09.12.2022","43.04","42.30","43.11","42.21","5.79M","0.56%"
"08.12.2022","42.80","44.38","44.88","42.29","8.78M","-2.86%"
"07.12.2022","44.06","45.69","45.69","43.90","8.13M","-4.05%"
"06.12.2022","45.92","45.21","45.97","44.92","7.60M","1.98%"
"05.12.2022","45.03","44.48","45.86","44.29","11.17M","2.60%"
"02.12.2022","43.89","43.30","44.27","43.11","4.53M","0.00%"
"01.12.2022","43.89","44.30","44.62","43.63","3.91M","-0.63%"
"30.11.2022","44.17","43.66","44.17","43.08","4.55M","1.10%"
"29.11.2022","43.69","42.98","43.84","42.97","4.43M","1.56%"
"28.11.2022","43.02","43.92","43.96","42.99","6.03M","-3.15%"
"25.11.2022","44.42","43.60","44.59","43.54","2.40M","1.67%"
"23.11.2022","43.69","43.53","44.02","43.16","3.38M","0.60%"
"22.11.2022","43.43","43.56","43.91","42.83","3.25M","0.00%"
"21.11.2022","43.43","43.87","44.30","43.22","4.05M","-0.89%"
"18.11.2022","43.82","43.94","44.81","43.28","4.88M","1.32%"
"17.11.2022","43.25","42.53","43.35","42.28","4.29M","-0.09%"
"16.11.2022","43.29","43.50","43.92","43.07","4.85M","-1.70%"
"15.11.2022","44.04","44.89","45.57","43.41","7.06M","0.02%"
"14.11.2022","44.03","44.15","44.98","44.00","5.91M","-1.52%"
"11.11.2022","44.71","44.64","45.41","44.22","8.17M","0.86%"
"10.11.2022","44.33","43.94","44.51","43.02","9.38M","4.63%"
"09.11.2022","42.37","41.58","42.80","41.42","6.34M","0.45%"
"08.11.2022","42.18","42.70","43.03","41.72","7.09M","-1.40%"
"07.11.2022","42.78","43.05","43.45","41.87","6.06M","0.38%"
"04.11.2022","42.62","41.88","43.04","41.83","9.72M","4.08%"
"03.11.2022","40.95","40.57","41.81","40.07","7.72M","-0.39%"
"02.11.2022","41.11","42.19","42.78","41.07","10.27M","-3.63%"
"01.11.2022","42.66","43.60","43.87","42.52","8.54M","-0.97%"
"31.10.2022","43.08","43.65","44.17","43.06","7.78M","-1.46%"
"28.10.2022","43.72","43.27","43.77","42.81","9.13M","1.70%"
"27.10.2022","42.99","42.98","43.96","42.93","7.60M","1.27%"
"26.10.2022","42.45","42.44","43.60","42.35","9.61M","-0.35%"
"25.10.2022","42.60","41.74","42.74","41.40","9.67M","1.72%"
"24.10.2022","41.88","40.58","42.02","40.22","11.94M","3.56%"
"21.10.2022","40.44","38.95","40.97","38.60","13.23M","3.56%"
"20.10.2022","39.05","39.32","40.19","38.95","13.00M","-0.13%"
"19.10.2022","39.10","39.31","40.35","38.41","28.31M","4.97%"
"18.10.2022","37.25","37.19","37.43","36.37","14.11M","3.19%"
"17.10.2022","36.10","36.50","36.68","35.25","9.62M","1.78%"
"14.10.2022","35.47","36.51","36.83","35.33","11.11M","0.20%"
"13.10.2022","35.40","34.16","35.88","33.08","13.38M","3.42%"
"12.10.2022","34.23","33.51","34.50","33.05","8.89M","0.88%"
"11.10.2022","33.93","35.65","35.87","32.71","12.08M","-0.79%"
"10.10.2022","34.20","34.16","34.51","33.65","9.61M","1.00%"
"07.10.2022","33.86","34.70","34.70","33.43","9.39M","-3.15%"
"06.10.2022","34.96","35.20","35.68","34.25","9.81M","-1.30%"
"05.10.2022","35.42","34.59","35.62","34.31","8.57M","0.25%"
"04.10.2022","35.33","33.99","35.42","33.95","12.02M","7.68%"
"03.10.2022","32.81","32.36","33.10","31.58","8.91M","0.86%"
"30.09.2022","32.53","32.72","33.14","32.32","9.14M","-1.15%"
"29.09.2022","32.91","33.34","33.45","32.40","9.42M","-2.98%"
"28.09.2022","33.92","32.60","34.09","32.17","10.07M","3.32%"
"27.09.2022","32.83","32.65","33.24","31.91","12.25M","2.92%"
"26.09.2022","31.90","32.73","33.21","31.80","10.79M","-3.54%"
"23.09.2022","33.07","33.67","33.92","32.27","13.27M","-4.01%"
"22.09.2022","34.45","36.20","36.30","34.01","12.08M","-4.62%"
"21.09.2022","36.12","37.48","37.74","36.08","14.72M","-5.37%"
"20.09.2022","38.17","38.60","39.38","37.63","9.61M","-1.37%"
"19.09.2022","38.70","37.19","39.02","37.18","7.95M","3.26%"
"16.09.2022","37.48","37.93","37.99","37.01","10.79M","-3.65%"
"15.09.2022","38.90","38.20","39.67","38.15","8.41M","1.22%"
"14.09.2022","38.43","37.56","38.47","36.71","7.99M","1.69%"
"13.09.2022","37.79","37.74","38.52","37.62","7.53M","-3.65%"
"12.09.2022","39.22","39.60","40.26","39.11","7.83M","-0.10%"
"09.09.2022","39.26","39.36","39.61","39.04","7.41M","0.98%"
"08.09.2022","38.88","38.10","39.54","37.93","10.19M","0.73%"
"07.09.2022","38.60","36.85","38.72","36.75","11.80M","5.52%"
"06.09.2022","36.58","35.82","36.73","35.28","10.47M","3.60%"
"02.09.2022","35.31","35.68","36.14","34.96","9.50M","0.37%"
"01.09.2022","35.18","34.67","35.22","33.74","9.40M","0.49%"
"31.08.2022","35.01","36.26","36.32","34.97","8.60M","-2.59%"
"30.08.2022","35.94","36.49","36.71","35.56","6.66M","-0.22%"
"29.08.2022","36.02","36.01","36.59","35.85","6.33M","-1.50%"
"26.08.2022","36.57","38.26","38.62","36.56","6.13M","-4.44%"
"25.08.2022","38.27","37.63","38.51","37.52","6.30M","2.35%"
"24.08.2022","37.39","36.95","37.69","36.61","5.39M","1.30%"
"23.08.2022","36.91","36.57","37.12","36.40","6.77M","1.51%"
"22.08.2022","36.36","36.50","36.53","35.63","8.48M","-3.04%"
"19.08.2022","37.50","38.24","38.60","37.22","8.14M","-3.99%"
"18.08.2022","39.06","38.96","39.15","38.38","6.73M","0.26%"
"17.08.2022","38.96","39.56","39.69","38.43","8.56M","-3.30%"
"16.08.2022","40.29","39.79","40.77","39.44","6.92M","1.08%"
"15.08.2022","39.86","39.42","40.31","39.40","7.34M","1.32%"
"12.08.2022","39.34","39.10","39.49","38.67","6.80M","1.73%"
"11.08.2022","38.67","39.46","39.86","38.49","8.37M","-0.05%"
"10.08.2022","38.69","38.84","39.55","38.61","8.66M","2.35%"
"09.08.2022","37.80","38.21","38.35","37.24","7.63M","-2.20%"
"08.08.2022","38.65","38.01","39.40","38.01","7.36M","2.19%"
"05.08.2022","37.82","38.01","38.79","37.76","6.89M","-2.10%"
"04.08.2022","38.63","38.62","39.06","37.85","8.99M","0.00%"
"03.08.2022","38.63","37.67","38.72","37.50","10.17M","3.76%"
"02.08.2022","37.23","37.22","38.12","36.76","8.62M","-1.22%"
"01.08.2022","37.69","36.69","37.94","36.36","9.47M","2.56%"
"29.07.2022","36.75","36.49","37.12","36.24","7.80M","0.03%"
"28.07.2022","36.74","35.86","36.85","35.40","10.25M","0.88%"
"27.07.2022","36.42","36.18","36.74","35.29","10.58M","3.06%"
"26.07.2022","35.34","35.76","36.13","35.28","8.15M","-2.75%"
"25.07.2022","36.34","36.03","36.41","35.19","10.19M","0.03%"
"22.07.2022","36.33","37.80","38.25","36.02","14.58M","-2.96%"
"21.07.2022","37.44","38.82","38.97","37.24","29.86M","-10.17%"
"20.07.2022","41.68","41.50","41.97","40.85","12.82M","0.51%"
"19.07.2022","41.47","40.22","41.56","40.20","10.52M","5.41%"
"18.07.2022","39.34","39.79","40.56","39.16","11.73M","1.44%"
"15.07.2022","38.78","38.38","38.83","37.44","7.70M","2.46%"
"14.07.2022","37.85","37.33","39.02","37.04","9.18M","-0.16%"
"13.07.2022","37.91","36.89","38.17","36.45","11.85M","-0.84%"
"12.07.2022","38.23","35.53","38.65","35.53","14.46M","8.09%"
"11.07.2022","35.37","36.21","36.49","35.18","7.57M","-3.02%"
"08.07.2022","36.47","36.72","37.60","36.33","9.96M","-0.60%"
"07.07.2022","36.69","36.60","37.10","35.89","11.75M","0.08%"
"06.07.2022","36.66","36.56","37.17","35.88","9.66M","-0.84%"
"05.07.2022","36.97","35.15","37.14","34.44","15.46M","1.45%"
"01.07.2022","36.44","35.51","36.50","34.86","10.92M","2.88%"
"30.06.2022","35.42","34.46","35.64","33.73","12.62M","-0.73%"
"29.06.2022","35.68","36.25","36.34","35.19","10.25M","-3.49%"
"28.06.2022","36.97","38.14","39.88","36.87","12.43M","-0.62%"
"27.06.2022","37.20","38.81","38.81","37.12","9.77M","-3.40%"
"24.06.2022","38.51","35.53","38.63","35.53","13.25M","7.54%"
"23.06.2022","35.81","36.50","36.70","34.77","11.78M","-2.48%"
"22.06.2022","36.72","35.85","37.31","35.70","9.04M","0.60%"
"21.06.2022","36.50","37.35","37.45","35.78","10.58M","0.61%"
"17.06.2022","36.28","34.87","36.56","33.86","19.45M","4.31%"
"16.06.2022","34.78","36.43","36.59","34.35","15.13M","-8.21%"
"15.06.2022","37.89","37.53","38.82","37.10","16.36M","2.43%"
"14.06.2022","36.99","37.48","37.76","36.05","12.61M","-0.08%"
"13.06.2022","37.02","39.84","39.90","36.77","17.49M","-10.06%"
"10.06.2022","41.16","41.68","43.32","40.77","16.49M","-3.61%"
"09.06.2022","42.70","44.31","44.56","42.67","10.36M","-4.26%"
"08.06.2022","44.60","45.42","46.30","44.50","8.22M","-3.98%"
"07.06.2022","46.45","44.50","46.58","44.17","10.44M","3.78%"
"06.06.2022","44.76","45.02","45.38","44.13","7.86M","0.74%"
"03.06.2022","44.43","44.84","44.90","43.42","10.41M","-2.93%"
"02.06.2022","45.77","45.44","46.09","44.00","8.38M","0.62%"
"01.06.2022","45.49","48.23","48.31","44.58","12.46M","-4.49%"
"31.05.2022","47.63","46.79","48.50","46.31","16.93M","-1.61%"
"27.05.2022","48.41","46.42","48.63","46.40","11.00M","5.08%"
"26.05.2022","46.07","43.73","46.64","43.64","13.90M","6.94%"
"25.05.2022","43.08","41.41","43.24","41.22","11.01M","3.63%"
"24.05.2022","41.57","43.65","43.99","41.00","13.33M","-7.13%"
"23.05.2022","44.76","44.14","45.11","43.36","10.14M","2.78%"
"20.05.2022","43.55","45.00","45.27","42.26","12.92M","-1.49%"
"19.05.2022","44.21","43.94","45.35","43.87","10.16M","-0.94%"
"18.05.2022","44.63","46.21","47.15","44.27","12.14M","-4.98%"
"17.05.2022","46.97","45.42","47.10","45.40","13.76M","7.88%"
"16.05.2022","43.54","43.17","44.60","42.98","9.83M","0.62%"
"13.05.2022","43.27","42.35","43.64","42.19","13.87M","4.27%"
"12.05.2022","41.50","42.25","42.82","40.11","19.11M","-3.89%"
"11.05.2022","43.18","43.90","45.98","42.94","15.39M","-2.13%"
"10.05.2022","44.12","44.20","44.85","43.08","14.10M","1.87%"
"09.05.2022","43.31","46.56","46.88","42.92","16.39M","-8.86%"
"06.05.2022","47.52","48.81","48.95","46.50","13.82M","-2.82%"
"05.05.2022","48.90","50.97","51.73","48.47","15.54M","-5.78%"
"04.05.2022","51.90","51.01","52.13","50.07","12.95M","1.01%"
"03.05.2022","51.38","50.39","51.80","49.65","12.21M","2.37%"
"02.05.2022","50.19","50.49","50.83","48.70","13.39M","-0.61%"
"29.04.2022","50.50","51.38","52.48","50.31","10.70M","-2.55%"
"28.04.2022","51.82","50.70","51.96","49.93","12.79M","3.06%"
"27.04.2022","50.28","48.75","50.51","48.18","13.38M","2.91%"
"26.04.2022","48.86","50.74","51.06","48.61","16.05M","-4.76%"
"25.04.2022","51.30","51.01","51.68","49.73","16.25M","-0.31%"
"22.04.2022","51.46","52.01","53.12","51.12","23.70M","1.20%"
"21.04.2022","50.85","50.44","52.46","50.23","42.23M","9.31%"
"20.04.2022","46.52","46.37","46.94","45.75","19.53M","1.24%"
"19.04.2022","45.95","44.52","46.14","44.48","13.67M","4.50%"
"18.04.2022","43.97","44.18","44.96","43.46","12.68M","-2.57%"
"14.04.2022","45.13","45.49","46.51","45.03","12.31M","-0.02%"
"13.04.2022","45.14","44.71","45.38","44.01","16.97M","5.64%"
"12.04.2022","42.73","42.57","43.32","41.79","9.93M","0.73%"
"11.04.2022","42.42","41.22","43.46","41.21","10.62M","1.10%"
"08.04.2022","41.96","42.27","42.77","41.60","9.12M","-1.04%"
"07.04.2022","42.40","42.83","42.86","41.08","11.39M","-1.56%"
"06.04.2022","43.07","43.26","43.70","41.46","15.40M","-3.67%"
"05.04.2022","44.71","45.69","46.04","44.08","12.02M","-1.80%"
"04.04.2022","45.53","45.43","46.01","44.33","8.88M","-0.55%"
"01.04.2022","45.78","46.51","46.80","45.57","9.77M","-1.25%"
"31.03.2022","46.36","46.13","46.86","45.62","11.83M","1.09%"
"30.03.2022","45.86","45.19","46.12","44.94","9.88M","0.42%"
"29.03.2022","45.67","45.37","46.28","44.84","15.89M","4.13%"
"28.03.2022","43.86","43.65","43.91","42.58","12.51M","1.57%"
"25.03.2022","43.18","42.68","43.95","42.62","12.84M","0.94%"
"24.03.2022","42.78","41.76","42.86","41.03","11.31M","3.01%"
"23.03.2022","41.53","41.76","42.11","41.34","9.41M","-1.59%"
"22.03.2022","42.20","41.25","42.72","41.17","13.18M","3.30%"
"21.03.2022","40.85","41.62","41.71","40.46","14.76M","-3.54%"
"18.03.2022","42.35","40.97","42.39","40.60","15.84M","2.25%"
"17.03.2022","41.42","39.87","41.42","39.45","17.00M","0.56%"
"16.03.2022","41.19","39.07","41.23","38.97","22.51M","7.71%"
"15.03.2022","38.24","37.26","38.78","37.00","23.18M","9.19%"
"14.03.2022","35.02","34.87","36.43","34.25","16.02M","0.43%"
"11.03.2022","34.87","35.94","36.14","34.67","15.58M","-0.94%"
"10.03.2022","35.20","33.69","35.76","33.05","18.46M","0.86%"
"09.03.2022","34.90","34.44","36.46","34.28","34.31M","8.27%"
"08.03.2022","32.24","31.80","34.24","30.54","34.17M","3.32%"
"07.03.2022","31.20","36.14","36.50","30.86","45.17M","-15.01%"
"04.03.2022","36.71","39.26","39.48","36.16","36.68M","-9.07%"
"03.03.2022","40.37","42.92","43.29","40.10","15.66M","-4.83%"
"02.03.2022","42.42","42.65","43.35","42.33","12.92M","1.36%"
"01.03.2022","41.85","43.64","43.88","41.01","18.15M","-5.74%"
"28.02.2022","44.40","44.11","44.79","43.24","14.84M","-3.16%"
"25.02.2022","45.85","45.01","46.49","44.57","15.84M","4.06%"
"24.02.2022","44.06","40.75","44.22","40.43","19.07M","0.48%"
"23.02.2022","43.85","46.85","47.05","43.78","12.84M","-5.33%"
"22.02.2022","46.32","46.60","47.54","45.94","11.02M","-2.34%"
"18.02.2022","47.43","48.22","48.91","47.23","10.24M","-1.92%"
"17.02.2022","48.36","49.28","49.72","47.94","9.93M","-3.68%"
"16.02.2022","50.21","50.07","50.94","49.62","10.12M","-0.53%"
"15.02.2022","50.48","48.60","50.51","48.47","17.79M","7.56%"
"14.02.2022","46.93","47.48","48.73","46.60","10.64M","-0.09%"
"11.02.2022","46.97","49.30","50.25","46.59","15.71M","-4.61%"
"10.02.2022","49.24","48.23","50.16","47.98","16.30M","0.63%"
"09.02.2022","48.93","47.27","49.29","47.19","15.87M","4.48%"
"08.02.2022","46.83","44.99","46.91","44.57","12.21M","5.38%"
"07.02.2022","44.44","43.37","44.99","43.21","10.46M","3.78%"
"04.02.2022","42.82","42.74","43.13","41.98","8.96M","-0.60%"
"03.02.2022","43.08","43.59","44.48","43.04","8.02M","-2.36%"
"02.02.2022","44.12","43.95","45.35","43.20","12.14M","0.36%"
"01.02.2022","43.96","43.01","44.22","42.72","9.61M","2.52%"
"31.01.2022","42.88","40.52","42.91","40.20","11.87M","4.82%"
"28.01.2022","40.91","40.65","40.93","38.79","14.04M","-0.05%"
"27.01.2022","40.93","41.85","42.78","40.71","12.94M","-1.21%"
"26.01.2022","41.43","42.46","43.06","41.02","13.59M","-0.84%"
"25.01.2022","41.78","40.80","42.11","40.56","11.30M","0.94%"
"24.01.2022","41.39","40.15","41.49","38.84","20.97M","-0.62%"
"21.01.2022","41.65","42.67","43.02","41.27","16.07M","-2.87%"
"20.01.2022","42.88","44.35","44.84","42.81","15.59M","-3.42%"
"19.01.2022","44.40","45.52","45.69","44.35","10.37M","-2.65%"
"18.01.2022","45.61","45.92","46.98","45.45","11.13M","-2.42%"
"14.01.2022","46.74","47.24","47.54","46.09","11.20M","-2.97%"
"13.01.2022","48.17","47.21","49.26","46.78","14.67M","3.50%"
"12.01.2022","46.54","46.95","47.51","46.28","9.00M","-0.77%"
"11.01.2022","46.90","46.41","47.55","46.15","8.59M","0.69%"
"10.01.2022","46.58","47.53","47.77","46.18","9.20M","-1.54%"
"07.01.2022","47.31","46.31","47.77","45.99","11.64M","3.36%"
"06.01.2022","45.77","46.46","46.90","45.21","8.23M","-0.02%"
"05.01.2022","45.78","46.70","47.10","45.54","10.99M","-1.02%"
"04.01.2022","46.25","46.55","47.02","45.90","11.25M","1.67%"
"03.01.2022","45.49","44.67","46.40","44.61","13.89M","3.91%"
"31.12.2021","43.78","44.13","44.71","43.72","7.40M","-0.79%"
"30.12.2021","44.13","44.29","45.20","44.07","9.85M","-0.68%"
"29.12.2021","44.43","44.82","45.17","44.33","8.34M","-1.86%"
"28.12.2021","45.27","44.32","45.80","44.05","9.26M","1.55%"
"27.12.2021","44.58","43.56","44.78","43.08","11.24M","-0.65%"
"23.12.2021","44.87","45.22","45.48","44.34","10.32M","0.67%"
"22.12.2021","44.57","43.95","45.21","43.51","13.01M","1.46%"
"21.12.2021","43.93","41.62","44.23","41.58","19.62M","6.89%"
"20.12.2021","41.10","39.46","41.71","39.11","14.57M","0.78%"
"17.12.2021","40.78","40.33","41.62","39.48","15.03M","1.82%"
"16.12.2021","40.05","42.33","42.65","39.88","12.72M","-3.49%"
"15.12.2021","41.50","41.10","41.64","39.74","14.85M","0.29%"
"14.12.2021","41.38","41.16","42.59","41.16","12.28M","-0.86%"
"13.12.2021","41.74","42.84","42.99","41.05","16.09M","-5.24%"
"10.12.2021","44.05","44.16","44.29","43.12","11.04M","-0.88%"
"09.12.2021","44.44","44.80","45.25","43.98","12.45M","-1.79%"
"08.12.2021","45.25","43.74","46.60","43.59","22.50M","4.24%"
"07.12.2021","43.41","44.97","45.46","42.98","17.78M","-1.32%"
"06.12.2021","43.99","41.60","45.41","41.53","27.54M","8.32%"
"03.12.2021","40.61","41.22","41.59","39.70","17.33M","-2.47%"
"02.12.2021","41.64","39.77","42.04","38.90","24.01M","6.61%"
"01.12.2021","39.06","43.03","43.57","38.88","27.54M","-7.57%"
"30.11.2021","42.26","41.45","42.34","40.67","14.92M","-0.66%"
"29.11.2021","42.54","43.18","44.11","41.68","18.49M","0.66%"
"26.11.2021","42.26","43.67","43.71","40.11","36.39M","-9.57%"
"24.11.2021","46.73","46.20","47.13","45.80","5.60M","0.06%"
"23.11.2021","46.70","46.74","47.58","46.46","7.01M","0.47%"
"22.11.2021","46.48","46.68","47.33","45.80","10.95M","0.80%"
"19.11.2021","46.11","46.54","46.54","45.22","17.01M","-2.78%"
"18.11.2021","47.43","48.68","48.85","46.91","9.88M","-2.69%"
"17.11.2021","48.74","48.68","49.50","48.26","8.29M","-0.93%"
"16.11.2021","49.20","50.20","50.36","48.92","9.33M","-2.54%"
"15.11.2021","50.48","50.20","50.83","50.07","6.51M","1.30%"
"12.11.2021","49.83","51.35","51.40","49.28","10.28M","-2.94%"
"11.11.2021","51.34","51.57","52.15","51.31","5.88M","-0.83%"
"10.11.2021","51.77","51.93","52.81","51.53","7.16M","-1.97%"
"09.11.2021","52.81","52.91","53.10","51.66","7.62M","-0.56%"
"08.11.2021","53.11","53.87","54.52","52.81","14.92M","0.76%"
"05.11.2021","52.71","52.39","52.87","50.88","21.55M","7.26%"
"04.11.2021","49.14","49.29","49.47","48.38","8.66M","0.18%"
"03.11.2021","49.05","47.78","49.23","47.19","11.27M","2.23%"
"02.11.2021","47.98","47.92","48.08","47.19","8.76M","-0.15%"
"01.11.2021","48.05","46.18","48.15","45.82","13.57M","4.14%"
"29.10.2021","46.14","45.85","46.45","45.48","9.67M","0.28%"
"28.10.2021","46.01","45.99","46.26","45.44","7.38M","0.41%"
"27.10.2021","45.82","47.12","47.43","45.79","7.90M","-2.07%"
"26.10.2021","46.79","47.10","47.63","46.54","9.35M","0.30%"
"25.10.2021","46.65","46.54","47.18","46.24","7.49M","-0.17%"
"22.10.2021","46.73","46.12","47.38","46.12","8.57M","0.02%"
"21.10.2021","46.72","46.18","47.18","45.98","13.25M","1.68%"
"20.10.2021","45.95","46.90","46.90","45.58","19.75M","-0.58%"
"19.10.2021","46.22","47.20","47.25","46.08","14.65M","-2.01%"
"18.10.2021","47.17","47.70","48.13","47.15","9.13M","-1.73%"
"15.10.2021","48.00","48.63","49.29","47.94","8.53M","0.19%"
"14.10.2021","47.91","48.33","48.65","47.83","7.43M","0.06%"
"13.10.2021","47.88","49.37","49.41","47.46","13.27M","-3.60%"
"12.10.2021","49.67","49.08","50.14","48.67","7.40M","1.00%"
"11.10.2021","49.18","48.75","49.98","48.23","8.15M","0.04%"
"08.10.2021","49.16","49.50","49.65","48.65","7.35M","-0.73%"
"07.10.2021","49.52","50.87","50.90","49.21","10.81M","-1.39%"
"06.10.2021","50.22","49.85","50.28","49.06","10.00M","-1.30%"
"05.10.2021","50.88","51.36","51.86","50.37","9.83M","-0.82%"
"04.10.2021","51.30","51.76","52.43","50.98","13.99M","-0.08%"
"01.10.2021","51.34","48.90","51.48","48.88","21.46M","7.93%"
"30.09.2021","47.57","48.38","48.40","47.18","12.02M","-2.34%"
"29.09.2021","48.71","48.88","49.41","47.78","9.79M","0.06%"
"28.09.2021","48.68","49.02","49.67","48.35","9.82M","-0.81%"
"27.09.2021","49.08","49.51","50.56","48.98","14.09M","0.59%"
"24.09.2021","48.79","47.38","48.95","47.38","12.24M","2.78%"
"23.09.2021","47.47","46.18","47.83","46.10","13.70M","3.92%"
"22.09.2021","45.68","44.85","46.29","44.83","13.78M","2.77%"
"21.09.2021","44.45","45.50","46.26","44.28","12.22M","-1.81%"
"20.09.2021","45.27","44.76","45.33","43.59","14.70M","1.64%"
"17.09.2021","44.54","44.78","45.50","44.11","11.74M","0.16%"
"16.09.2021","44.47","43.86","45.41","43.85","12.20M","1.39%"
"15.09.2021","43.86","43.65","43.91","43.02","10.32M","-0.02%"
"14.09.2021","43.87","44.63","44.93","43.58","10.76M","-2.16%"
"13.09.2021","44.84","44.73","45.17","43.57","14.17M","1.13%"
"10.09.2021","44.34","46.82","46.82","44.18","17.50M","-4.81%"
"09.09.2021","46.58","45.24","47.74","45.07","12.87M","2.31%"
"08.09.2021","45.53","46.70","47.19","45.42","9.05M","-2.23%"
"07.09.2021","46.57","46.02","46.78","45.68","7.81M","0.76%"
"03.09.2021","46.22","46.60","47.35","45.92","7.71M","-1.15%"
"02.09.2021","46.76","46.28","47.49","45.87","9.79M","1.23%"
"01.09.2021","46.19","46.75","46.93","45.95","8.61M","-0.69%"
"31.08.2021","46.51","45.73","46.83","45.61","8.88M","1.31%"
"30.08.2021","45.91","48.01","48.01","45.71","11.38M","-3.77%"
"27.08.2021","47.71","47.17","48.22","47.03","6.82M","1.49%"
"26.08.2021","47.01","47.30","48.02","46.40","8.60M","-1.22%"
"25.08.2021","47.59","47.30","47.94","46.54","9.77M","1.00%"
"24.08.2021","47.12","46.34","47.56","46.28","10.05M","3.49%"
"23.08.2021","45.53","44.64","45.63","44.32","8.27M","3.41%"
"20.08.2021","44.03","43.79","44.32","43.48","9.87M","0.23%"
"19.08.2021","43.93","44.77","44.90","43.17","12.36M","-2.46%"
"18.08.2021","45.04","45.12","45.99","44.71","9.46M","-0.55%"
"17.08.2021","45.29","45.44","45.80","44.52","9.75M","-2.18%"
"16.08.2021","46.30","45.62","46.55","45.16","8.41M","-0.41%"
"13.08.2021","46.49","47.08","47.38","46.26","7.57M","-1.59%"
"12.08.2021","47.24","47.91","48.01","46.55","9.32M","-2.01%"
"11.08.2021","48.21","47.14","48.41","46.46","12.78M","1.11%"
"10.08.2021","47.68","46.37","48.24","46.17","12.55M","2.65%"
"09.08.2021","46.45","46.99","47.00","45.53","13.06M","-2.46%"
"06.08.2021","47.62","47.72","48.13","46.58","9.92M","0.80%"
"05.08.2021","47.24","45.52","47.67","45.38","12.64M","4.33%"
"04.08.2021","45.28","45.52","46.65","44.90","12.21M","-2.71%"
"03.08.2021","46.54","46.12","46.57","44.61","12.60M","1.02%"
"02.08.2021","46.07","46.85","48.23","45.95","11.00M","-1.39%"
"30.07.2021","46.72","47.69","48.23","46.49","12.12M","-3.65%"
"29.07.2021","48.49","49.58","49.60","48.46","7.64M","-1.32%"
"28.07.2021","49.14","49.08","49.51","48.04","9.77M","1.01%"
"27.07.2021","48.65","49.10","49.57","48.08","10.56M","-1.64%"
"26.07.2021","49.46","47.50","49.53","47.40","10.78M","4.06%"
"23.07.2021","47.53","48.14","48.48","47.16","9.49M","-0.88%"
"22.07.2021","47.95","47.69","48.70","46.80","12.92M","-0.31%"
"21.07.2021","48.10","47.12","48.94","46.99","23.05M","3.84%"
"20.07.2021","46.32","43.55","46.46","43.07","21.89M","6.58%"
"19.07.2021","43.46","43.70","44.65","42.56","26.44M","-5.54%"
"16.07.2021","46.01","48.45","48.48","45.83","13.76M","-3.56%"
"15.07.2021","47.71","47.90","48.63","46.96","12.33M","-0.93%"
"14.07.2021","48.16","49.04","49.96","47.87","14.95M","-0.70%"
"13.07.2021","48.50","49.76","50.04","48.38","14.29M","-4.19%"
"12.07.2021","50.62","50.33","51.02","49.44","11.57M","-0.94%"
"09.07.2021","51.10","50.33","51.32","49.97","9.91M","2.90%"
"08.07.2021","49.66","49.08","50.52","48.57","13.21M","-1.27%"
"07.07.2021","50.30","51.04","51.87","49.78","12.72M","-2.22%"
"06.07.2021","51.44","52.68","53.21","51.02","10.65M","-2.52%"
"02.07.2021","52.77","53.17","53.17","52.09","9.22M","-0.58%"
"01.07.2021","53.08","52.79","53.76","52.69","8.58M","1.51%"
"30.06.2021","52.29","52.26","52.96","51.87","9.24M","0.27%"
"29.06.2021","52.15","52.66","53.08","52.03","12.60M","-0.65%"
"28.06.2021","52.49","53.50","53.51","51.67","19.10M","-2.58%"
"25.06.2021","53.88","54.52","54.57","53.72","12.26M","-0.85%"
"24.06.2021","54.34","55.11","55.39","53.96","11.55M","-1.42%"
"23.06.2021","55.12","55.13","55.49","54.90","9.96M","-0.09%"
"22.06.2021","55.17","55.49","55.57","54.10","9.82M","-0.93%"
"21.06.2021","55.69","55.24","55.88","54.55","10.89M","1.40%"
"18.06.2021","54.92","53.87","55.38","53.54","12.49M","1.25%"
"17.06.2021","54.24","55.77","56.41","53.48","12.51M","-2.45%"
"16.06.2021","55.60","55.18","56.10","54.98","9.95M","0.56%"
"15.06.2021","55.29","55.74","56.02","54.92","7.54M","-0.81%"
"14.06.2021","55.74","56.63","57.00","55.54","8.25M","-1.38%"
"11.06.2021","56.52","56.16","56.83","56.10","9.78M","0.46%"
"10.06.2021","56.26","57.60","58.07","55.92","11.66M","-1.69%"
"09.06.2021","57.23","57.99","58.01","57.17","8.15M","-0.87%"
"08.06.2021","57.73","57.90","58.12","56.83","10.78M","0.75%"
"07.06.2021","57.30","57.34","57.97","57.02","8.91M","0.65%"
"04.06.2021","56.93","58.30","58.40","56.72","13.62M","-1.39%"
"03.06.2021","57.73","59.60","59.60","57.68","13.75M","-4.25%"
"02.06.2021","60.29","60.15","60.58","59.61","12.09M","1.04%"
"01.06.2021","59.67","59.12","60.41","58.96","14.32M","2.26%"
"28.05.2021","58.35","58.95","59.20","57.96","14.36M","-1.32%"
"27.05.2021","59.13","58.59","59.23","57.87","12.31M","1.93%"
"26.05.2021","58.01","57.75","58.43","57.23","11.70M","1.81%"
"25.05.2021","56.98","57.65","59.29","56.78","23.61M","1.50%"
"24.05.2021","56.14","56.00","56.34","54.92","9.47M","1.52%"
"21.05.2021","55.30","55.45","55.97","55.12","10.53M","0.38%"
"20.05.2021","55.09","56.00","56.00","54.21","11.70M","-1.25%"
"19.05.2021","55.79","55.08","56.27","54.48","15.12M","-1.05%"
"18.05.2021","56.38","57.08","57.75","55.95","13.71M","-0.34%"
"17.05.2021","56.57","55.01","56.73","54.26","17.53M","2.33%"
"14.05.2021","55.28","53.40","55.51","53.29","14.50M","5.44%"
"13.05.2021","52.43","51.42","52.73","51.07","13.37M","2.78%"
"12.05.2021","51.01","52.12","53.08","50.90","12.73M","-3.21%"
"11.05.2021","52.70","52.04","53.17","51.20","15.07M","-2.46%"
"10.05.2021","54.03","54.95","55.61","54.00","10.85M","-1.28%"
"07.05.2021","54.73","52.93","54.96","52.69","11.82M","3.17%"
"06.05.2021","53.05","53.43","53.77","52.10","10.52M","-0.41%"
"05.05.2021","53.27","52.75","53.96","52.44","11.15M","0.89%"
"04.05.2021","52.80","54.09","54.47","51.73","13.67M","-3.05%"
"03.05.2021","54.46","54.67","54.87","53.61","9.91M","0.11%"
"30.04.2021","54.40","53.22","54.91","53.13","11.14M","1.32%"
"29.04.2021","53.69","54.10","54.32","53.12","9.80M","0.26%"
"28.04.2021","53.55","53.25","54.04","52.97","11.54M","0.13%"
"27.04.2021","53.48","53.78","54.12","53.19","10.33M","-0.56%"
"26.04.2021","53.78","54.05","54.47","53.22","12.36M","1.26%"
"23.04.2021","53.11","51.21","53.35","50.64","13.86M","4.08%"
"22.04.2021","51.03","52.34","53.09","50.88","20.54M","-1.60%"
"21.04.2021","51.86","49.88","51.89","48.90","21.09M","3.10%"
"20.04.2021","50.30","53.47","53.79","49.47","44.36M","-8.53%"
"19.04.2021","54.99","55.79","55.97","54.74","13.98M","-1.58%"
"16.04.2021","55.87","56.47","57.15","55.71","10.62M","-0.45%"
"15.04.2021","56.12","57.79","57.85","55.57","12.12M","-1.41%"
"14.04.2021","56.92","57.46","58.52","56.54","12.97M","0.46%"
"13.04.2021","56.66","54.41","56.86","53.90","15.35M","0.89%"
"12.04.2021","56.16","57.57","57.71","55.29","18.71M","-3.88%"
"09.04.2021","58.43","59.02","59.36","57.78","10.90M","-1.68%"
"08.04.2021","59.43","59.14","59.47","57.75","13.66M","-0.24%"
"07.04.2021","59.57","59.79","61.34","59.19","13.77M","0.15%"
"06.04.2021","59.48","59.88","60.42","58.87","11.92M","0.32%"
"05.04.2021","59.29","59.34","60.89","58.94","17.18M","2.54%"
"01.04.2021","57.82","57.66","58.54","57.28","10.93M","0.49%"
"31.03.2021","57.54","58.00","58.01","57.06","11.02M","-1.15%"
"30.03.2021","58.21","56.78","58.50","56.48","12.71M","3.58%"
"29.03.2021","56.20","56.80","57.31","55.41","12.08M","-1.11%"
"26.03.2021","56.83","57.09","57.37","55.22","15.43M","1.39%"
"25.03.2021","56.05","52.90","56.29","52.03","21.50M","4.12%"
"24.03.2021","53.83","55.66","56.96","53.78","18.02M","-0.97%"
"23.03.2021","54.36","57.11","58.08","53.85","21.70M","-6.81%"
"22.03.2021","58.33","59.75","60.20","58.21","12.96M","-4.02%"
"19.03.2021","60.77","60.90","60.95","58.64","19.64M","-0.08%"
"18.03.2021","60.82","62.17","63.70","60.58","19.13M","-2.61%"
"17.03.2021","62.45","59.11","62.56","58.86","18.34M","4.41%"
"16.03.2021","59.81","61.11","61.20","59.21","18.31M","-1.85%"
"15.03.2021","60.94","58.25","61.69","57.92","35.37M","8.26%"
"12.03.2021","56.29","54.00","56.44","53.61","19.76M","4.13%"
"11.03.2021","54.06","54.30","55.87","53.37","17.14M","0.26%"
"10.03.2021","53.92","53.40","54.37","52.85","13.44M","0.92%"
"09.03.2021","53.43","53.81","54.15","51.80","15.29M","-1.17%"
"08.03.2021","54.06","51.35","54.33","51.34","17.59M","7.01%"
"05.03.2021","50.52","52.65","52.73","46.56","21.50M","-2.94%"
"04.03.2021","52.05","54.64","54.85","49.95","19.94M","-4.62%"
"03.03.2021","54.57","53.61","55.20","53.28","18.44M","2.56%"
"02.03.2021","53.21","53.66","54.05","52.75","12.37M","-0.19%"
"01.03.2021","53.31","55.44","55.93","52.78","19.50M","1.20%"
"26.02.2021","52.68","51.51","53.41","51.20","18.33M","1.74%"
"25.02.2021","51.78","54.85","55.00","50.42","25.95M","-5.79%"
"24.02.2021","54.96","51.11","55.87","50.87","27.48M","8.60%"
"23.02.2021","50.61","50.20","51.18","46.96","20.12M","1.83%"
"22.02.2021","49.70","49.26","51.82","48.35","27.55M","3.48%"
"19.02.2021","48.03","45.52","48.36","45.44","21.11M","6.83%"
"18.02.2021","44.96","45.20","45.44","44.30","10.25M","-2.43%"
"17.02.2021","46.08","45.41","46.48","44.72","12.84M","0.81%"
"16.02.2021","45.71","45.07","45.81","44.56","13.95M","4.04%"
"12.02.2021","43.94","43.11","44.47","42.90","8.99M","1.14%"
"11.02.2021","43.44","43.64","43.84","42.99","8.48M","-0.78%"
"10.02.2021","43.78","43.86","44.22","43.36","9.77M","1.06%"
"09.02.2021","43.32","44.06","44.09","42.82","11.97M","-2.32%"
"08.02.2021","44.35","42.50","44.64","42.22","19.79M","5.24%"
"05.02.2021","42.14","42.88","42.94","41.94","10.76M","-0.64%"
"04.02.2021","42.41","42.15","42.61","41.84","13.63M","0.88%"
"03.02.2021","42.04","41.02","42.20","40.52","15.17M","2.96%"
"02.02.2021","40.83","40.63","40.90","39.94","13.12M","2.24%"
"01.02.2021","39.94","40.35","40.41","39.17","13.14M","-0.14%"
"29.01.2021","39.99","42.11","42.50","39.77","24.19M","-6.02%"
"28.01.2021","42.55","42.83","44.20","41.62","22.17M","4.01%"
"27.01.2021","40.91","40.74","41.65","40.31","15.28M","-0.82%"
"26.01.2021","41.25","40.80","41.39","40.56","13.39M","2.15%"
"25.01.2021","40.38","41.54","41.73","39.90","20.28M","-4.18%"
"22.01.2021","42.14","41.95","42.29","41.61","13.54M","-1.06%"
"21.01.2021","42.59","43.80","43.98","41.72","32.19M","-5.73%"
"20.01.2021","45.18","45.04","45.65","44.41","11.66M","0.96%"
"19.01.2021","44.75","44.60","44.90","43.77","9.71M","1.96%"
"15.01.2021","43.89","45.85","45.98","43.88","13.21M","-5.18%"
"14.01.2021","46.29","45.32","46.80","45.32","16.31M","4.19%"
"13.01.2021","44.43","44.17","44.64","43.44","11.39M","0.79%"
"12.01.2021","44.08","42.81","44.17","42.46","9.05M","3.23%"
"11.01.2021","42.70","42.67","43.26","42.25","8.99M","-1.36%"
"08.01.2021","43.29","43.58","44.00","43.02","9.22M","-0.76%"
"07.01.2021","43.62","43.80","44.84","43.61","9.59M","0.18%"
"06.01.2021","43.54","43.60","44.28","42.86","12.32M","0.32%"
"05.01.2021","43.40","41.58","43.60","41.50","12.29M","4.25%"
"04.01.2021","41.63","43.68","43.70","41.43","14.71M","-3.75%"
"31.12.2020","43.25","44.41","44.56","43.11","12.68M","-3.14%"
"30.12.2020","44.65","43.63","44.76","43.46","9.47M","2.08%"
"29.12.2020","43.74","44.45","44.65","43.55","9.93M","-0.41%"
"28.12.2020","43.92","44.03","44.63","43.75","13.69M","1.53%"
"24.12.2020","43.26","44.40","44.42","43.01","7.23M","-1.93%"
"23.12.2020","44.11","43.10","44.69","43.08","15.28M","2.65%"
"22.12.2020","42.97","44.65","44.79","42.43","16.60M","-2.46%"
"21.12.2020","44.06","43.35","44.42","42.63","21.88M","-1.53%"
"18.12.2020","44.74","45.75","45.95","44.56","16.33M","-2.48%"
"17.12.2020","45.88","46.30","46.40","45.46","13.79M","-0.26%"
"16.12.2020","46.00","46.50","46.91","45.55","17.37M","-3.08%"
"15.12.2020","47.46","47.19","47.56","45.80","16.84M","1.58%"
"14.12.2020","46.72","49.60","49.65","46.70","15.74M","-3.39%"
"11.12.2020","48.36","49.15","49.89","47.64","14.77M","-2.58%"
"10.12.2020","49.64","46.74","49.71","46.60","19.02M","3.37%"
"09.12.2020","48.02","49.84","50.09","46.73","23.33M","-2.08%"
"08.12.2020","49.04","49.02","50.40","48.72","17.80M","-0.33%"
"07.12.2020","49.20","49.28","50.35","48.71","22.36M","-0.08%"
"04.12.2020","49.24","50.49","51.31","48.77","26.30M","-1.34%"
"03.12.2020","49.91","47.67","50.97","47.66","32.55M","6.81%"
"02.12.2020","46.73","45.10","46.73","44.52","17.75M","3.11%"
"01.12.2020","45.32","45.83","46.57","45.23","18.86M","0.60%"
"30.11.2020","45.05","46.47","46.50","44.20","23.40M","-0.55%"
"27.11.2020","45.30","46.20","46.76","45.14","14.10M","-0.74%"
"25.11.2020","45.64","44.49","45.91","43.65","24.25M","1.51%"
"24.11.2020","44.96","42.71","45.00","42.45","29.93M","9.85%"
"23.11.2020","40.93","40.17","41.18","40.05","21.73M","2.58%"
"20.11.2020","39.90","40.71","40.97","39.67","15.60M","-2.54%"
"19.11.2020","40.94","41.00","41.44","40.19","18.56M","-0.27%"
"18.11.2020","41.05","41.49","42.89","41.05","22.48M","1.11%"
"17.11.2020","40.60","40.00","41.10","39.58","19.66M","-0.98%"
"16.11.2020","41.00","42.18","42.78","40.05","28.72M","5.16%"
"13.11.2020","38.99","37.24","39.10","37.08","20.03M","5.81%"
"12.11.2020","36.85","37.45","38.71","36.56","23.54M","-4.31%"
"11.11.2020","38.51","40.07","40.16","38.19","20.04M","-3.85%"
"10.11.2020","40.05","40.45","41.63","39.48","26.60M","-3.07%"
"09.11.2020","41.32","41.90","44.06","39.13","60.94M","19.15%"
"06.11.2020","34.68","34.90","35.15","34.20","13.19M","-1.90%"
"05.11.2020","35.35","33.70","35.46","33.57","16.19M","6.03%"
"04.11.2020","33.34","34.00","34.25","32.96","14.81M","-2.00%"
"03.11.2020","34.02","34.32","34.68","33.76","16.31M","0.71%"
"02.11.2020","33.78","34.08","34.10","32.95","13.90M","-0.24%"
"30.10.2020","33.86","33.15","34.02","32.83","18.80M","0.86%"
"29.10.2020","33.57","32.63","33.75","32.43","17.26M","2.98%"
"28.10.2020","32.60","33.11","33.66","32.16","21.82M","-4.59%"
"27.10.2020","34.17","35.11","35.65","34.15","17.59M","-3.31%"
"26.10.2020","35.34","37.37","37.40","34.67","25.92M","-7.02%"
"23.10.2020","38.01","37.10","38.10","36.52","20.69M","2.07%"
"22.10.2020","37.24","35.90","37.45","35.65","24.75M","4.78%"
"21.10.2020","35.54","35.91","36.14","35.21","16.09M","-1.44%"
"20.10.2020","36.06","36.16","36.59","35.20","22.58M","1.58%"
"19.10.2020","35.50","34.45","36.55","34.44","33.09M","3.92%"
"16.10.2020","34.16","34.31","34.58","33.81","16.21M","-0.26%"
"15.10.2020","34.25","35.18","35.38","33.64","23.65M","-3.82%"
"14.10.2020","35.61","35.26","36.33","35.17","15.06M","0.99%"
"13.10.2020","35.26","35.67","35.95","35.22","17.30M","-3.08%"
"12.10.2020","36.38","36.70","36.99","36.26","20.20M","-1.99%"
"09.10.2020","37.12","37.05","37.80","36.27","25.31M","0.32%"
"08.10.2020","37.00","37.16","37.69","35.85","28.33M","1.70%"
"07.10.2020","36.38","36.51","37.22","35.88","27.68M","4.30%"
"06.10.2020","34.88","36.73","37.09","34.84","28.72M","-3.65%"
"05.10.2020","36.20","36.43","36.58","35.42","18.05M","0.53%"
"02.10.2020","36.01","33.36","36.77","33.27","35.08M","2.36%"
"01.10.2020","35.18","35.23","35.49","34.57","18.97M","1.24%"
"30.09.2020","34.75","34.95","36.22","34.54","29.44M","0.70%"
"29.09.2020","34.51","35.55","35.61","34.24","25.03M","-3.98%"
"28.09.2020","35.94","35.32","36.90","34.66","34.83M","5.09%"
"25.09.2020","34.20","32.56","34.27","32.49","21.46M","4.46%"
"24.09.2020","32.74","32.78","33.40","31.22","24.64M","-1.03%"
"23.09.2020","33.08","34.28","35.05","33.05","21.58M","-2.91%"
"22.09.2020","34.07","34.15","34.65","33.56","16.70M","0.83%"
"21.09.2020","33.79","35.40","35.47","33.18","29.90M","-8.60%"
"18.09.2020","36.97","38.16","38.34","36.68","32.77M","-3.61%"
"17.09.2020","38.35","37.69","39.28","37.14","31.34M","0.14%"
"16.09.2020","38.30","36.90","38.90","36.36","33.30M","4.08%"
"15.09.2020","36.80","36.84","37.88","36.38","21.38M","0.16%"
"14.09.2020","36.74","36.30","36.88","35.84","18.94M","1.86%"
"11.09.2020","36.07","36.63","36.80","35.48","19.20M","-1.04%"
"10.09.2020","36.45","36.35","37.33","36.18","24.91M","1.17%"
"09.09.2020","36.03","36.90","37.08","35.59","25.41M","-3.35%"
"08.09.2020","37.28","37.30","38.48","36.48","33.21M","-2.43%"
"04.09.2020","38.21","38.15","38.74","36.46","33.12M","2.17%"
"03.09.2020","37.40","37.13","39.77","36.14","53.97M","1.38%"
"02.09.2020","36.89","36.10","37.10","35.21","26.62M","2.44%"
"01.09.2020","36.01","35.25","37.24","34.95","29.76M","0.03%"
"31.08.2020","36.00","37.25","37.44","35.73","27.11M","-3.59%"
"28.08.2020","37.34","37.14","37.44","35.89","35.23M","3.09%"
"27.08.2020","36.22","35.50","37.99","35.18","51.05M","5.75%"
"26.08.2020","34.25","35.26","35.51","34.11","23.41M","-2.75%"
"25.08.2020","35.22","36.44","36.94","34.48","39.75M","-3.03%"
"24.08.2020","36.32","33.67","36.39","33.20","50.53M","9.93%"
"21.08.2020","33.04","33.80","34.44","32.98","22.73M","-2.97%"
"20.08.2020","34.05","33.92","34.39","33.20","28.20M","-1.13%"
"19.08.2020","34.44","34.36","36.56","34.13","40.59M","1.35%"
"18.08.2020","33.98","34.39","34.88","33.58","19.07M","-1.22%"
"17.08.2020","34.40","36.21","36.30","34.36","22.57M","-4.92%"
"14.08.2020","36.18","35.35","36.57","35.20","28.38M","1.03%"
"13.08.2020","35.81","35.74","37.52","35.54","35.46M","-1.62%"
"12.08.2020","36.40","37.60","37.65","35.48","35.01M","-1.17%"
"11.08.2020","36.83","39.64","39.85","36.67","56.55M","-1.89%"
"10.08.2020","37.54","34.65","37.55","34.65","48.88M","9.35%"
"07.08.2020","34.33","33.90","34.42","33.45","30.39M","-0.20%"
"06.08.2020","34.40","34.10","35.02","33.27","51.25M","1.99%"
"05.08.2020","33.73","33.27","34.53","32.17","49.26M","4.46%"
"04.08.2020","32.29","32.13","33.69","32.06","30.01M","1.32%"
"03.08.2020","31.87","31.24","32.27","30.32","35.21M","1.56%"
"31.07.2020","31.38","31.69","31.77","30.69","29.61M","-1.13%"
"30.07.2020","31.74","32.00","32.27","31.57","31.54M","-2.55%"
"29.07.2020","32.57","33.61","34.15","32.22","31.12M","-2.66%"
"28.07.2020","33.46","32.35","34.04","32.35","41.63M","3.21%"
"27.07.2020","32.42","32.92","33.64","32.05","33.06M","-1.40%"
"24.07.2020","32.88","32.88","33.69","32.47","38.45M","-1.05%"
"23.07.2020","33.23","31.36","35.11","30.96","82.25M","4.93%"
"22.07.2020","31.67","32.85","33.26","31.64","48.20M","-4.23%"
"21.07.2020","33.07","32.62","33.77","32.48","45.93M","2.29%"
"20.07.2020","32.33","33.90","34.39","32.18","36.53M","-4.69%"
"17.07.2020","33.92","34.27","34.98","33.48","37.40M","-1.65%"
"16.07.2020","34.49","34.50","35.37","33.90","53.33M","-5.17%"
"15.07.2020","36.37","34.14","36.74","33.16","84.74M","14.59%"
"14.07.2020","31.74","30.75","32.32","30.44","44.17M","-0.06%"
"13.07.2020","31.76","33.20","33.37","31.05","56.57M","-2.79%"
"10.07.2020","32.67","29.38","32.90","29.23","80.48M","8.29%"
"09.07.2020","30.17","31.74","32.45","29.97","53.32M","-7.25%"
"08.07.2020","32.53","31.55","33.01","31.33","55.86M","-0.06%"
"07.07.2020","32.55","34.07","34.12","32.38","47.34M","-7.55%"
"06.07.2020","35.21","34.84","35.40","33.53","46.54M","3.13%"
"02.07.2020","34.14","35.88","36.08","33.95","53.58M","-0.90%"
"01.07.2020","34.45","36.92","38.37","34.03","87.86M","-0.46%"
"30.06.2020","34.61","34.65","35.33","33.30","54.41M","-1.87%"
"29.06.2020","35.27","33.18","35.49","31.82","64.91M","7.24%"
"26.06.2020","32.89","34.50","34.61","32.00","58.99M","-5.19%"
"25.06.2020","34.69","31.31","34.75","31.08","72.48M","4.90%"
"24.06.2020","33.07","34.68","35.19","32.63","65.45M","-8.34%"
"23.06.2020","36.08","36.72","36.86","34.38","63.53M","-1.26%"
"22.06.2020","36.54","35.00","37.07","35.00","65.26M","-0.81%"
"19.06.2020","36.84","39.94","40.26","35.76","101.01M","-6.35%"
"18.06.2020","39.34","37.54","40.18","37.53","64.93M","0.23%"
"17.06.2020","39.25","38.84","39.77","38.23","60.13M","-2.39%"
"16.06.2020","40.21","42.56","42.65","39.55","71.16M","3.10%"
"15.06.2020","39.00","36.00","39.85","35.53","102.43M","-1.66%"
"12.06.2020","39.66","37.51","39.68","36.15","98.88M","19.03%"
"11.06.2020","33.32","32.91","36.36","32.30","104.77M","-16.11%"
"10.06.2020","39.72","42.03","42.57","38.33","105.25M","-11.02%"
"09.06.2020","44.64","45.00","46.00","41.60","79.61M","-8.32%"
"08.06.2020","48.69","45.86","48.82","44.60","89.96M","14.82%"
"05.06.2020","42.40","48.95","48.95","41.26","135.59M","8.45%"
"04.06.2020","39.10","35.82","39.80","34.17","142.81M","16.20%"
"03.06.2020","33.65","30.75","33.90","30.43","85.54M","12.50%"
"02.06.2020","29.91","30.20","30.90","29.32","47.47M","1.53%"
"01.06.2020","29.46","28.19","30.29","27.95","57.59M","5.06%"
"29.05.2020","28.04","27.11","28.88","26.65","64.48M","-2.94%"
"28.05.2020","28.89","29.83","29.91","28.53","57.40M","-5.87%"
"27.05.2020","30.69","32.28","32.73","28.55","89.32M","3.89%"
"26.05.2020","29.54","27.46","29.87","27.46","88.22M","16.30%"
"22.05.2020","25.40","26.38","26.58","24.67","45.06M","-1.70%"
"21.05.2020","25.84","25.07","26.57","25.01","53.74M","3.73%"
"20.05.2020","24.91","24.43","25.38","24.32","56.27M","5.19%"
"19.05.2020","23.68","25.59","25.64","23.33","81.39M","-1.86%"
"18.05.2020","24.13","21.78","24.25","21.60","72.91M","21.13%"
"15.05.2020","19.92","19.64","20.94","19.29","39.81M","-1.87%"
"14.05.2020","20.30","19.59","20.41","18.20","74.11M","-1.98%"
"13.05.2020","20.71","22.50","22.61","20.33","59.01M","-9.01%"
"12.05.2020","22.76","23.95","24.46","22.74","40.42M","-5.05%"
"11.05.2020","23.97","24.50","24.64","23.46","47.49M","-5.70%"
"08.05.2020","25.42","23.58","25.44","23.32","55.61M","11.74%"
"07.05.2020","22.75","22.96","24.45","22.45","44.18M","-0.70%"
"06.05.2020","22.91","23.96","24.35","22.39","43.36M","-5.02%"
"05.05.2020","24.12","26.04","26.35","23.98","35.65M","-4.51%"
"04.05.2020","25.26","23.91","25.56","22.76","63.15M","-5.11%"
"01.05.2020","26.62","28.10","29.25","26.13","47.71M","-10.01%"
"30.04.2020","29.58","29.66","31.07","28.32","44.90M","-5.22%"
"29.04.2020","31.21","29.58","31.84","29.49","52.64M","12.10%"
"28.04.2020","27.84","25.86","28.43","25.50","59.81M","11.36%"
"27.04.2020","25.00","25.99","26.34","24.87","35.98M","-2.19%"
"24.04.2020","25.56","25.92","26.15","24.67","34.85M","-0.62%"
"23.04.2020","25.72","26.00","26.56","25.66","35.81M","-0.62%"
"22.04.2020","25.88","27.30","27.66","25.01","90.73M","-7.17%"
"21.04.2020","27.88","27.01","28.36","26.76","28.29M","0.32%"
"20.04.2020","27.79","27.93","28.67","26.69","37.04M","-4.44%"
"17.04.2020","29.08","29.90","30.11","28.86","26.83M","3.08%"
"16.04.2020","28.21","30.35","30.49","27.92","44.80M","-11.46%"
"15.04.2020","31.86","31.97","32.60","29.88","46.78M","3.11%"
"14.04.2020","30.90","30.52","32.21","30.38","28.65M","6.88%"
"13.04.2020","28.91","32.63","32.70","27.59","36.49M","-8.22%"
"09.04.2020","31.50","29.92","34.04","29.57","54.12M","14.50%"
"08.04.2020","27.51","25.65","27.54","24.51","32.66M","12.38%"
"07.04.2020","24.48","28.20","28.69","23.72","43.81M","1.92%"
"06.04.2020","24.02","23.90","24.80","21.80","32.39M","4.96%"
"03.04.2020","22.89","24.22","24.94","21.56","28.35M","-2.28%"
"02.04.2020","23.42","25.24","26.09","23.00","25.21M","-8.69%"
"01.04.2020","25.65","29.51","29.69","25.36","27.54M","-18.70%"
"31.03.2020","31.55","31.31","33.60","30.58","16.57M","4.61%"
"30.03.2020","30.16","30.69","31.80","28.00","18.39M","-8.16%"
"27.03.2020","32.84","35.00","35.00","32.04","18.38M","-7.62%"
"26.03.2020","35.55","38.42","39.77","34.55","29.65M","-2.87%"
"25.03.2020","36.60","38.00","39.45","33.43","32.99M","10.91%"
"24.03.2020","33.00","32.30","34.12","30.13","31.50M","25.71%"
"23.03.2020","26.25","25.97","26.60","23.37","25.59M","7.14%"
"20.03.2020","24.50","23.37","30.74","22.20","37.41M","15.13%"
"19.03.2020","21.28","21.34","23.93","18.09","31.61M","-0.47%"
"18.03.2020","21.38","28.80","28.89","17.80","35.37M","-30.29%"
"17.03.2020","30.67","36.49","38.14","30.05","21.08M","-13.53%"
"16.03.2020","35.47","34.34","39.37","30.38","28.26M","-14.82%"
"13.03.2020","41.64","41.33","42.49","34.00","24.14M","12.30%"
"12.03.2020","37.08","42.77","44.31","37.01","19.42M","-24.85%"
"11.03.2020","49.34","50.53","51.23","48.05","10.92M","-6.13%"
"10.03.2020","52.56","51.00","54.33","46.62","15.64M","12.36%"
"09.03.2020","46.78","49.59","50.99","45.91","12.31M","-10.21%"
"06.03.2020","52.10","48.61","56.00","48.26","16.49M","0.99%"
"05.03.2020","51.59","57.11","57.16","50.93","13.97M","-13.25%"
"04.03.2020","59.47","59.51","59.74","56.31","10.67M","2.02%"
"03.03.2020","58.29","63.14","63.53","57.96","9.21M","-4.85%"
"02.03.2020","61.26","61.13","61.27","57.04","13.02M","-0.54%"
"28.02.2020","61.59","62.85","64.88","60.83","9.96M","-5.16%"
"27.02.2020","64.94","62.90","69.02","61.20","10.26M","-2.39%"
"26.02.2020","66.53","71.75","71.91","65.89","9.37M","-5.72%"
"25.02.2020","70.57","75.76","76.18","70.32","8.08M","-6.49%"
"24.02.2020","75.47","75.08","76.02","73.65","6.33M","-3.26%"
"21.02.2020","78.01","79.40","79.40","77.32","4.55M","-2.38%"
"20.02.2020","79.91","79.30","81.67","79.30","2.89M","0.62%"
"19.02.2020","79.42","80.94","80.94","79.19","3.35M","-1.02%"
"18.02.2020","80.24","79.00","80.62","78.65","4.18M","0.87%"
"14.02.2020","79.55","81.02","81.44","79.40","3.12M","-1.78%"
"13.02.2020","80.99","81.00","81.74","80.37","3.00M","-1.47%"
"12.02.2020","82.20","81.08","82.60","81.00","2.91M","2.07%"
"11.02.2020","80.53","80.02","81.45","79.94","2.76M","1.33%"
"10.02.2020","79.47","78.95","79.61","77.78","3.49M","-0.01%"
"07.02.2020","79.48","80.00","80.24","78.65","3.13M","-1.27%"
"06.02.2020","80.50","82.40","82.72","79.79","5.22M","-1.65%"
"05.02.2020","81.85","80.76","82.36","80.05","6.99M","3.75%"
"04.02.2020","78.89","76.64","79.53","76.50","6.42M","5.31%"
"03.02.2020","74.91","75.49","77.12","74.88","3.95M","0.15%"
"31.01.2020","74.80","77.17","77.29","74.52","5.20M","-3.79%"
"30.01.2020","77.75","74.66","77.98","74.44","5.90M","3.38%"
"29.01.2020","75.21","77.40","77.49","75.01","5.51M","-2.39%"
"28.01.2020","77.05","78.25","78.47","77.00","7.58M","-0.75%"
"27.01.2020","77.63","78.00","78.46","76.55","8.67M","-5.21%"
"24.01.2020","81.90","84.31","84.73","80.28","6.87M","-3.51%"
"23.01.2020","84.88","83.00","85.17","81.06","6.19M","1.85%"
"22.01.2020","83.34","86.75","87.56","83.15","8.45M","-2.86%"
"21.01.2020","85.79","87.88","88.00","84.57","9.55M","-4.36%"
"17.01.2020","89.70","89.80","90.10","88.96","4.22M","0.18%"
"16.01.2020","89.54","88.79","89.72","88.78","2.43M","1.42%"
"15.01.2020","88.29","87.61","88.80","87.25","1.88M","0.50%"
"14.01.2020","87.85","88.17","89.64","87.71","3.24M","1.10%"
"13.01.2020","86.89","87.31","87.67","86.70","2.71M","-0.48%"
"10.01.2020","87.31","88.04","88.26","86.97","2.04M","-0.73%"
"09.01.2020","87.95","87.72","88.72","87.50","2.25M","0.74%"
"08.01.2020","87.30","86.90","88.45","86.30","4.15M","0.61%"
"07.01.2020","86.77","87.41","88.16","86.74","2.59M","-1.06%"
"06.01.2020","87.70","86.72","88.07","86.65","2.65M","-0.23%"
"03.01.2020","87.90","86.80","88.16","86.26","3.56M","-2.05%"
"02.01.2020","89.74","89.57","90.57","89.11","2.67M","1.87%"
"31.12.2019","88.09","87.71","88.46","87.71","2.07M","0.15%"
"30.12.2019","87.96","88.51","88.86","87.51","1.80M","-0.46%"
"27.12.2019","88.37","89.31","89.39","88.01","1.40M","-1.00%"
"26.12.2019","89.26","89.30","89.72","88.80","1.04M","0.12%"
"24.12.2019","89.15","89.46","89.63","88.66","771.15K","-0.32%"
"23.12.2019","89.44","89.72","90.10","89.28","1.91M","0.18%"
"20.12.2019","89.28","89.37","89.90","89.05","3.03M","0.07%"
"19.12.2019","89.22","89.28","89.78","89.05","2.17M","0.43%"
"18.12.2019","88.84","89.50","89.98","88.36","1.88M","-0.58%"
"17.12.2019","89.36","88.57","89.99","88.35","2.22M","0.82%"
"16.12.2019","88.63","87.95","89.46","87.95","2.09M","1.20%"
"13.12.2019","87.58","88.20","89.43","87.42","1.97M","-1.01%"
"12.12.2019","88.47","87.70","89.90","87.32","2.90M","1.67%"
"11.12.2019","87.02","86.47","87.15","86.08","2.42M","0.59%"
"10.12.2019","86.51","87.58","87.92","86.36","1.99M","-1.26%"
"09.12.2019","87.61","88.49","88.58","87.30","2.24M","-1.10%"
"06.12.2019","88.58","88.79","89.50","88.55","1.49M","0.82%"
"05.12.2019","87.86","89.10","89.33","87.60","1.96M","-0.35%"
"04.12.2019","88.17","89.16","89.81","88.13","2.07M","-0.79%"
"03.12.2019","88.87","90.60","90.78","88.50","3.39M","-3.01%"
"02.12.2019","91.63","93.00","93.62","91.44","1.94M","-1.26%"
"29.11.2019","92.80","92.80","93.49","92.51","905.81K","-0.27%"
"27.11.2019","93.05","93.06","93.67","92.77","1.60M","0.31%"
"26.11.2019","92.76","92.48","92.92","92.02","2.04M","0.26%"
"25.11.2019","92.52","92.11","93.13","91.55","1.94M","0.81%"
"22.11.2019","91.78","91.10","91.94","90.94","1.44M","0.89%"
"21.11.2019","90.97","91.88","92.11","90.77","1.63M","-0.80%"
"20.11.2019","91.70","92.75","93.46","90.85","3.13M","-1.70%"
"19.11.2019","93.29","93.13","93.72","92.42","1.61M","0.56%"
"18.11.2019","92.77","92.45","92.79","91.45","1.81M","0.28%"
"15.11.2019","92.51","93.00","93.50","92.32","1.55M","-0.01%"
"14.11.2019","92.52","92.75","92.95","91.90","1.05M","0.11%"
"13.11.2019","92.42","92.62","92.98","92.04","1.86M","-0.32%"
"12.11.2019","92.72","93.44","93.88","92.66","1.54M","-0.87%"
"11.11.2019","93.53","92.85","93.82","92.67","1.13M","0.10%"
"08.11.2019","93.44","93.81","93.86","92.61","914.94K","-0.38%"
"07.11.2019","93.80","94.00","95.16","93.56","3.01M","0.49%"
"06.11.2019","93.34","93.42","93.60","92.58","1.18M","0.24%"
"05.11.2019","93.12","92.63","93.62","92.46","2.62M","0.79%"
"04.11.2019","92.39","92.31","92.96","92.03","1.91M","0.81%"
"01.11.2019","91.65","91.65","92.52","91.29","2.25M","0.89%"
"31.10.2019","90.84","91.12","91.40","90.41","2.00M","-0.91%"
"30.10.2019","91.67","91.05","91.89","90.41","1.69M","0.70%"
"29.10.2019","91.03","91.88","92.38","90.90","1.55M","-1.26%"
"28.10.2019","92.19","91.83","92.80","91.78","1.84M","0.60%"
"25.10.2019","91.64","89.68","91.84","89.67","2.22M","2.04%"
"24.10.2019","89.81","90.59","91.51","89.22","2.29M","-0.10%"
"23.10.2019","89.90","89.65","90.17","88.95","1.64M","0.21%"
"22.10.2019","89.71","90.68","91.05","89.62","2.03M","-1.18%"
"21.10.2019","90.78","90.49","91.50","90.49","2.07M","0.78%"
"18.10.2019","90.08","89.43","90.75","89.33","2.72M","0.69%"
"17.10.2019","89.46","90.20","90.41","88.93","2.49M","-0.27%"
"16.10.2019","89.70","89.35","90.84","88.22","6.81M","2.07%"
"15.10.2019","87.88","87.28","88.66","86.68","4.75M","1.05%"
"14.10.2019","86.97","87.11","87.15","86.24","3.46M","-0.21%"
"11.10.2019","87.15","88.52","89.13","87.12","2.46M","-0.22%"
"10.10.2019","87.34","85.39","87.76","84.73","2.83M","1.02%"
"09.10.2019","86.46","85.74","87.51","85.73","3.16M","2.09%"
"08.10.2019","84.69","84.25","86.12","83.90","2.58M","-0.19%"
"07.10.2019","84.85","83.61","85.26","83.61","2.12M","0.66%"
"04.10.2019","84.29","83.53","84.47","83.12","1.96M","1.22%"
"03.10.2019","83.27","83.61","83.61","80.87","2.77M","-0.50%"
"02.10.2019","83.69","86.00","86.85","82.06","4.35M","-4.72%"
"01.10.2019","87.84","89.15","90.19","87.23","2.43M","-0.64%"
"30.09.2019","88.41","88.40","88.98","87.91","1.96M","0.31%"
"27.09.2019","88.14","88.85","90.30","87.82","1.67M","-0.35%"
"26.09.2019","88.45","89.38","89.55","87.77","1.31M","-0.81%"
"25.09.2019","89.17","88.24","89.88","88.24","1.74M","0.99%"
"24.09.2019","88.30","88.97","89.20","87.51","1.56M","0.10%"
"23.09.2019","88.21","88.62","88.88","87.42","3.18M","-0.99%"
"20.09.2019","89.09","89.47","90.05","88.92","2.76M","-0.37%"
"19.09.2019","89.42","90.35","90.62","89.18","2.37M","-0.90%"
"18.09.2019","90.23","89.70","90.29","88.94","2.17M","0.28%"
"17.09.2019","89.98","89.38","91.26","88.79","3.64M","1.37%"
"16.09.2019","88.76","88.30","90.13","88.17","3.44M","-2.84%"
"13.09.2019","91.35","90.41","91.84","89.75","3.00M","2.20%"
"12.09.2019","89.38","88.68","89.83","88.55","2.72M","1.13%"
"11.09.2019","88.38","87.62","88.87","87.17","2.43M","0.94%"
"10.09.2019","87.56","87.20","87.78","86.61","1.71M","0.26%"
"09.09.2019","87.33","86.49","87.73","85.91","2.12M","1.19%"
"06.09.2019","86.30","86.37","87.44","86.20","2.35M","0.54%"
"05.09.2019","85.84","84.69","86.87","84.69","2.97M","2.30%"
"04.09.2019","83.91","83.00","84.86","83.00","2.74M","0.91%"
"03.09.2019","83.15","83.64","83.76","82.25","2.35M","-1.38%"
"30.08.2019","84.31","85.20","85.68","84.09","1.93M","-0.45%"
"29.08.2019","84.69","83.23","85.13","83.23","4.09M","2.72%"
"28.08.2019","82.45","81.52","82.99","81.17","2.30M","0.62%"
"27.08.2019","81.94","84.28","84.70","81.75","2.21M","-1.96%"
"26.08.2019","83.58","83.42","83.63","82.45","1.85M","1.27%"
"23.08.2019","82.53","85.06","85.65","82.22","3.67M","-3.54%"
"22.08.2019","85.56","85.30","85.87","84.69","1.31M","0.32%"
"21.08.2019","85.29","84.67","85.67","84.63","1.67M","1.50%"
"20.08.2019","84.03","83.65","84.43","83.21","1.50M","0.17%"
"19.08.2019","83.89","84.02","84.93","83.81","2.27M","1.15%"
"16.08.2019","82.94","82.25","83.31","81.84","2.29M","1.62%"
"15.08.2019","81.62","82.04","82.23","80.83","3.24M","-0.40%"
"14.08.2019","81.95","83.05","83.58","80.78","3.25M","-3.09%"
"13.08.2019","84.56","84.15","86.28","83.53","2.67M","-0.18%"
"12.08.2019","84.71","86.24","86.24","83.95","2.19M","-2.61%"
"09.08.2019","86.98","87.46","87.83","86.10","2.08M","-0.74%"
"08.08.2019","87.63","86.71","87.98","86.59","1.42M","1.33%"
"07.08.2019","86.48","84.72","86.96","84.03","2.38M","1.19%"
"06.08.2019","85.46","85.91","86.57","84.97","2.37M","-0.15%"
"05.08.2019","85.59","88.88","88.88","84.80","3.72M","-4.29%"
"02.08.2019","89.43","90.01","90.25","88.83","2.28M","-1.17%"
"01.08.2019","90.49","92.03","93.04","89.73","2.52M","-1.54%"
"31.07.2019","91.91","93.56","93.82","91.48","2.13M","-2.15%"
"30.07.2019","93.93","92.83","93.97","92.48","1.72M","0.52%"
"29.07.2019","93.44","93.44","94.05","93.13","1.96M","0.09%"
"26.07.2019","93.36","94.02","94.44","93.23","1.68M","-0.61%"
"25.07.2019","93.93","94.19","95.11","92.96","3.20M","-1.24%"
"24.07.2019","95.11","94.91","95.45","94.24","2.34M","0.19%"
"23.07.2019","94.93","94.14","94.98","93.75","2.11M","1.17%"
"22.07.2019","93.83","94.07","95.06","93.77","2.31M","0.00%"
"19.07.2019","93.83","95.38","96.03","93.54","3.36M","-1.52%"
"18.07.2019","95.28","94.32","95.48","93.88","3.30M","0.53%"
"17.07.2019","94.78","94.03","95.25","92.34","6.02M","0.92%"
"16.07.2019","93.92","91.81","94.50","91.80","4.71M","2.85%"
"15.07.2019","91.32","91.60","92.43","91.15","2.39M","0.10%"
"12.07.2019","91.23","89.70","91.52","89.62","2.90M","1.96%"
"11.07.2019","89.48","89.51","90.60","89.00","2.26M","-0.03%"
"10.07.2019","89.51","90.31","91.07","88.92","2.40M","0.06%"
"09.07.2019","89.46","90.38","90.93","89.21","3.91M","-1.33%"
"08.07.2019","90.67","90.16","91.48","90.10","2.51M","0.09%"
"05.07.2019","90.59","90.39","90.95","89.07","3.23M","-0.09%"
"03.07.2019","90.67","89.14","91.08","89.14","1.65M","2.03%"
"02.07.2019","88.87","89.21","90.00","87.95","2.24M","0.47%"
"01.07.2019","88.45","88.84","89.72","87.77","4.02M","1.03%"
"28.06.2019","87.55","86.66","87.74","86.66","3.03M","1.30%"
"27.06.2019","86.43","85.65","86.86","85.13","1.39M","1.29%"
"26.06.2019","85.33","85.38","85.81","84.75","2.03M","0.32%"
"25.06.2019","85.06","86.63","87.23","84.81","2.48M","-1.72%"
"24.06.2019","86.55","86.78","87.11","86.06","1.51M","-0.20%"
"21.06.2019","86.72","86.31","88.16","86.31","2.46M","-0.48%"
"20.06.2019","87.14","89.32","89.41","85.89","3.26M","-1.71%"
"19.06.2019","88.66","87.76","88.88","87.14","2.09M","1.44%"
"18.06.2019","87.40","87.42","88.66","87.11","1.69M","0.73%"
"17.06.2019","86.77","87.27","87.56","86.31","1.82M","-0.40%"
"14.06.2019","87.12","87.07","87.91","86.01","1.65M","0.01%"
"13.06.2019","87.11","84.05","87.74","84.05","3.86M","3.96%"
"12.06.2019","83.79","82.86","84.29","82.84","2.00M","1.23%"
"11.06.2019","82.77","83.34","83.78","82.07","1.89M","0.12%"
"10.06.2019","82.67","83.62","84.54","82.57","1.70M","-0.72%"
"07.06.2019","83.27","83.09","84.85","83.09","1.48M","0.37%"
"06.06.2019","82.96","83.14","84.01","81.93","2.39M","1.36%"
"05.06.2019","81.85","80.94","81.98","80.49","2.00M","1.65%"
"04.06.2019","80.52","78.86","80.67","78.55","3.03M","3.60%"
"03.06.2019","77.72","77.38","78.73","77.35","2.07M","0.09%"
"31.05.2019","77.65","78.52","79.52","77.40","3.55M","-2.29%"
"30.05.2019","79.47","79.29","80.40","79.04","1.53M","0.28%"
"29.05.2019","79.25","79.50","79.53","78.10","3.13M","-0.70%"
"28.05.2019","79.81","80.50","80.79","79.66","2.24M","-1.21%"
"24.05.2019","80.79","81.25","81.75","80.47","2.27M","-0.15%"
"23.05.2019","80.91","81.30","81.96","79.77","2.23M","-1.18%"
"22.05.2019","81.88","82.40","83.00","81.70","1.51M","-1.31%"
"21.05.2019","82.97","82.50","83.36","82.42","2.16M","1.50%"
"20.05.2019","81.74","81.39","82.48","81.00","2.36M","0.29%"
"17.05.2019","81.50","82.13","82.47","81.23","2.86M","-1.31%"
"16.05.2019","82.58","82.42","83.65","82.05","1.80M","0.28%"
"15.05.2019","82.35","82.40","83.27","81.33","2.37M","-1.32%"
"14.05.2019","83.45","82.26","83.77","81.93","1.93M","1.68%"
"13.05.2019","82.07","83.03","83.19","81.44","3.91M","-3.21%"
"10.05.2019","84.79","83.50","85.19","80.99","2.84M","0.80%"
"09.05.2019","84.12","83.84","84.15","81.81","2.33M","-0.61%"
"08.05.2019","84.64","85.25","86.09","84.25","1.90M","-1.21%"
"07.05.2019","85.68","86.75","86.76","84.62","2.40M","-2.40%"
"06.05.2019","87.79","87.14","88.03","86.52","1.62M","-0.80%"
"03.05.2019","88.50","88.50","89.06","88.27","1.16M","0.22%"
"02.05.2019","88.31","88.06","89.29","88.01","1.87M","0.42%"
"01.05.2019","87.94","89.06","89.71","87.78","2.24M","-1.04%"
"30.04.2019","88.86","89.66","90.16","88.64","2.69M","-0.84%"
"29.04.2019","89.61","88.02","89.88","88.02","2.56M","1.90%"
"26.04.2019","87.94","86.56","88.43","86.49","1.54M","1.24%"
"25.04.2019","86.86","87.57","89.15","86.67","2.15M","-1.33%"
"24.04.2019","88.03","88.10","88.96","87.61","2.05M","0.07%"
"23.04.2019","87.97","87.49","88.50","87.26","2.22M","0.47%"
"22.04.2019","87.56","87.77","88.55","87.15","2.06M","-0.82%"
"18.04.2019","88.28","89.67","89.81","87.46","3.51M","-1.08%"
"17.04.2019","89.24","87.94","89.73","87.28","6.96M","4.78%"
"16.04.2019","85.17","84.81","85.67","84.39","3.75M","0.77%"
"15.04.2019","84.52","85.31","85.43","84.08","2.32M","-1.13%"
"12.04.2019","85.49","86.19","86.50","85.30","4.51M","-0.30%"
"11.04.2019","85.75","84.56","86.42","84.56","2.57M","1.46%"
"10.04.2019","84.52","85.33","85.55","83.61","3.55M","0.32%"
"09.04.2019","84.25","84.09","84.64","83.45","2.02M","-0.39%"
"08.04.2019","84.58","84.60","85.12","83.80","1.85M","-0.39%"
"05.04.2019","84.91","84.95","85.75","84.52","3.02M","0.32%"
"04.04.2019","84.64","84.51","85.27","83.54","1.75M","0.52%"
"03.04.2019","84.20","83.25","84.92","83.10","4.05M","1.73%"
"02.04.2019","82.77","83.19","85.10","82.34","3.80M","2.35%"
"01.04.2019","80.87","80.21","81.69","79.56","2.72M","1.37%"
"29.03.2019","79.78","79.05","80.05","78.58","2.45M","1.50%"
"28.03.2019","78.60","78.99","79.29","77.78","1.56M","0.09%"
"27.03.2019","78.53","77.54","79.57","77.50","2.37M","1.34%"
"26.03.2019","77.49","78.46","78.82","77.02","3.06M","-0.81%"
"25.03.2019","78.12","79.68","80.01","78.09","4.73M","-1.90%"
"22.03.2019","79.63","80.64","80.77","78.75","3.16M","-1.69%"
"21.03.2019","81.00","80.29","81.46","79.69","2.33M","1.47%"
"20.03.2019","79.83","81.18","81.40","79.79","4.66M","-1.86%"
"19.03.2019","81.34","80.93","81.86","80.75","2.39M","0.76%"
"18.03.2019","80.73","81.39","81.74","80.50","2.78M","-1.18%"
"15.03.2019","81.69","81.76","82.48","81.38","4.86M","0.25%"
"14.03.2019","81.49","81.20","82.06","81.09","1.82M","0.34%"
"13.03.2019","81.21","80.50","81.40","79.88","3.45M","1.70%"
"12.03.2019","79.85","82.67","82.91","79.59","6.06M","-3.07%"
"11.03.2019","82.38","81.94","82.53","81.74","5.14M","-0.02%"
"08.03.2019","82.40","81.99","82.90","81.62","2.32M","-0.25%"
"07.03.2019","82.61","83.98","84.20","81.95","4.57M","-2.04%"
"06.03.2019","84.33","84.89","85.68","84.27","2.54M","-0.85%"
"05.03.2019","85.05","84.64","85.72","83.82","2.85M","0.88%"
"04.03.2019","84.31","87.10","87.24","83.27","4.09M","-3.00%"
"01.03.2019","86.92","88.46","88.62","85.37","3.70M","-1.01%"
"28.02.2019","87.81","87.90","88.70","87.22","2.30M","0.24%"
"27.02.2019","87.60","88.92","89.26","86.84","2.47M","-2.16%"
"26.02.2019","89.53","89.57","90.93","89.04","4.09M","-0.06%"
"25.02.2019","89.58","90.05","90.60","89.38","2.40M","0.17%"
"22.02.2019","89.43","88.94","89.65","88.65","1.91M","0.66%"
"21.02.2019","88.84","88.37","89.45","88.25","2.13M","0.38%"
"20.02.2019","88.50","88.28","89.24","87.29","3.15M","-0.83%"
"19.02.2019","89.24","87.87","89.82","87.82","2.22M","1.05%"
"15.02.2019","88.31","89.35","89.35","88.11","2.23M","0.18%"
"14.02.2019","88.15","88.27","88.74","87.50","1.48M","-0.49%"
"13.02.2019","88.58","88.28","88.90","87.94","3.68M","0.69%"
"12.02.2019","87.97","89.89","90.27","87.88","2.80M","-1.32%"
"11.02.2019","89.15","88.86","89.45","88.17","2.35M","1.11%"
"08.02.2019","88.17","87.34","88.19","86.66","2.20M","0.35%"
"07.02.2019","87.86","89.33","89.84","87.67","3.17M","-2.11%"
"06.02.2019","89.75","89.14","89.88","88.41","2.21M","0.32%"
"05.02.2019","89.46","88.72","89.82","88.62","3.08M","0.95%"
"04.02.2019","88.62","87.47","88.63","87.28","2.38M","1.29%"
"01.02.2019","87.49","87.21","88.57","87.17","1.82M","0.25%"
"31.01.2019","87.27","87.56","88.15","86.78","3.76M","-0.23%"
"30.01.2019","87.47","85.90","87.97","85.55","2.54M","2.10%"
"29.01.2019","85.67","84.70","85.76","84.60","2.27M","1.26%"
"28.01.2019","84.60","83.17","85.20","83.10","2.76M","0.55%"
"25.01.2019","84.14","84.70","85.17","83.55","4.75M","0.13%"
"24.01.2019","84.03","84.50","85.69","83.72","4.74M","1.39%"
"23.01.2019","82.88","83.70","84.96","82.63","3.92M","-0.55%"
"22.01.2019","83.34","85.37","85.41","82.89","3.78M","-2.63%"
"18.01.2019","85.59","87.14","87.19","85.55","3.80M","-1.33%"
"17.01.2019","86.74","86.65","87.26","85.53","3.57M","0.44%"
"16.01.2019","86.36","86.85","87.75","85.56","10.84M","6.35%"
"15.01.2019","81.20","80.59","82.10","80.00","5.97M","1.61%"
"14.01.2019","79.91","79.28","80.39","78.68","3.95M","-0.20%"
"11.01.2019","80.07","80.68","80.97","79.23","4.33M","-1.60%"
"10.01.2019","81.37","80.73","81.79","77.39","7.38M","-2.85%"
"09.01.2019","83.76","81.23","83.92","81.23","5.33M","1.68%"
"08.01.2019","82.38","83.30","84.62","81.89","3.91M","-1.02%"
"07.01.2019","83.23","82.57","83.92","81.45","2.65M","0.67%"
"04.01.2019","82.68","80.88","83.95","80.77","3.81M","3.35%"
"03.01.2019","80.00","83.26","83.26","78.38","6.43M","-4.97%"
"02.01.2019","84.18","81.69","84.29","81.41","2.97M","0.54%"
"31.12.2018","83.73","83.74","84.61","82.92","2.66M","0.67%"
"28.12.2018","83.17","83.54","84.74","82.63","2.26M","0.16%"
"27.12.2018","83.04","82.82","83.51","79.44","4.13M","-0.91%"
"26.12.2018","83.80","79.85","83.98","79.85","5.25M","5.92%"
"24.12.2018","79.12","80.91","81.26","79.05","3.34M","-2.88%"
"21.12.2018","81.47","84.04","85.50","81.25","10.69M","-3.48%"
"20.12.2018","84.41","86.28","86.89","83.26","3.97M","-2.27%"
"19.12.2018","86.37","87.78","88.69","85.39","2.72M","-1.63%"
"18.12.2018","87.80","87.17","88.88","87.17","3.28M","1.84%"
"17.12.2018","86.21","87.88","88.15","85.92","4.05M","-1.74%"
"14.12.2018","87.74","86.58","89.85","86.58","2.80M","0.30%"
"13.12.2018","87.48","89.63","90.15","86.23","3.78M","-2.40%"
"12.12.2018","89.63","88.92","90.30","88.35","2.87M","1.69%"
"11.12.2018","88.14","89.49","89.65","87.53","4.53M","-0.46%"
"10.12.2018","88.55","88.05","89.87","87.07","3.09M","0.36%"
"07.12.2018","88.23","92.24","92.65","87.61","5.05M","-5.16%"
"06.12.2018","93.03","90.94","93.23","90.17","3.77M","1.19%"
"04.12.2018","91.94","95.03","95.53","90.54","5.58M","-4.69%"
"03.12.2018","96.46","97.67","97.85","95.96","2.80M","-0.25%"
"30.11.2018","96.70","94.90","96.80","94.90","4.03M","1.71%"
"29.11.2018","95.07","94.04","95.45","94.03","3.62M","0.62%"
"28.11.2018","94.48","94.11","94.72","93.42","3.44M","1.18%"
"27.11.2018","93.38","92.37","94.19","92.13","4.04M","1.78%"
"26.11.2018","91.75","95.56","95.81","91.73","4.24M","-3.26%"
"23.11.2018","94.84","93.27","95.08","92.79","2.69M","2.13%"
"21.11.2018","92.86","91.92","93.38","91.82","3.77M","1.19%"
"20.11.2018","91.77","91.20","92.79","90.45","3.23M","-0.35%"
"19.11.2018","92.09","92.32","92.95","91.16","2.68M","-0.18%"
"16.11.2018","92.26","91.84","92.60","90.07","2.84M","0.30%"
"15.11.2018","91.98","91.40","92.66","89.02","3.69M","0.21%"
"14.11.2018","91.79","93.03","93.47","91.38","2.39M","-0.87%"
"13.11.2018","92.60","91.63","93.38","91.63","3.70M","1.54%"
"12.11.2018","91.20","92.36","92.69","91.03","2.90M","-1.25%"
"09.11.2018","92.35","92.41","93.60","91.74","4.25M","-0.23%"
"08.11.2018","92.56","92.09","92.85","91.53","2.46M","0.43%"
"07.11.2018","92.16","90.22","92.33","89.65","3.79M","2.81%"
"06.11.2018","89.64","90.00","90.25","88.83","2.19M","0.19%"
"05.11.2018","89.47","88.98","89.82","88.28","2.74M","0.89%"
"02.11.2018","88.68","88.47","90.28","88.00","3.34M","0.73%"
"01.11.2018","88.04","85.62","88.47","85.62","3.40M","2.96%"
"31.10.2018","85.51","87.25","87.70","85.37","3.80M","-0.40%"
"30.10.2018","85.85","84.38","86.25","84.38","4.36M","1.01%"
"29.10.2018","84.99","85.98","86.95","83.92","3.90M","0.43%"
"26.10.2018","84.63","84.10","85.58","82.84","3.36M","-1.13%"
"25.10.2018","85.60","82.69","86.27","82.48","4.33M","4.15%"
"24.10.2018","82.19","86.07","86.71","81.92","5.22M","-4.80%"
"23.10.2018","86.33","87.02","87.61","84.44","5.81M","-2.57%"
"22.10.2018","88.61","87.84","89.23","87.34","3.82M","1.35%"
"19.10.2018","87.43","87.26","88.83","87.02","4.58M","0.39%"
"18.10.2018","87.09","89.00","89.61","86.52","4.98M","-1.58%"
"17.10.2018","88.49","88.02","89.48","86.16","10.33M","5.95%"
"16.10.2018","83.52","81.60","84.21","81.23","4.97M","2.68%"
"15.10.2018","81.34","80.40","81.95","80.10","3.51M","1.45%"
"12.10.2018","80.18","81.31","81.47","79.33","2.87M","0.07%"
"11.10.2018","80.12","81.09","81.98","78.93","5.57M","1.51%"
"10.10.2018","78.93","82.80","82.80","78.87","5.57M","-3.07%"
"09.10.2018","81.43","83.71","84.41","81.28","4.29M","-2.69%"
"08.10.2018","83.68","84.00","84.49","82.37","2.90M","-0.55%"
"05.10.2018","84.14","86.12","86.75","84.02","4.24M","-2.21%"
"04.10.2018","86.04","87.03","87.76","85.52","2.75M","-1.54%"
"03.10.2018","87.39","87.02","87.92","86.82","1.95M","0.78%"
"02.10.2018","86.71","87.24","87.44","85.84","3.21M","-1.03%"
"01.10.2018","87.61","89.29","89.58","87.52","2.46M","-1.63%"
"28.09.2018","89.06","88.33","89.34","88.29","2.09M","0.82%"
"27.09.2018","88.34","88.93","89.99","88.24","2.16M","-0.71%"
"26.09.2018","88.97","88.85","89.46","88.46","2.03M","1.19%"
"25.09.2018","87.92","87.83","88.04","86.82","2.06M","0.09%"
"24.09.2018","87.84","89.83","89.83","87.03","3.53M","-2.33%"
"21.09.2018","89.94","89.57","90.25","87.11","4.69M","0.92%"
"20.09.2018","89.12","89.84","89.92","88.91","2.41M","-0.26%"
"19.09.2018","89.35","90.02","90.61","89.18","2.55M","-0.84%"
"18.09.2018","90.11","89.34","90.53","88.65","1.93M","-0.06%"
"17.09.2018","90.16","90.50","91.39","89.94","1.65M","-0.19%"
"14.09.2018","90.33","89.74","90.48","89.49","2.45M","0.84%"
"13.09.2018","89.58","87.98","90.20","87.83","3.57M","2.03%"
"12.09.2018","87.80","88.90","89.21","87.44","2.47M","-1.48%"
"11.09.2018","89.12","87.96","89.35","87.83","3.51M","1.17%"
"10.09.2018","88.09","87.68","88.45","87.15","3.21M","0.47%"
"07.09.2018","87.68","87.01","89.48","86.50","2.44M","0.63%"
"06.09.2018","87.13","88.16","88.44","86.50","5.63M","-1.20%"
"05.09.2018","88.19","88.64","89.08","86.26","4.09M","-0.12%"
"04.09.2018","88.30","87.84","88.84","87.66","3.08M","1.01%"
"31.08.2018","87.42","86.90","87.67","86.67","3.08M","0.58%"
"30.08.2018","86.92","86.86","87.59","86.51","1.85M","-0.22%"
"29.08.2018","87.11","86.99","87.44","86.40","1.91M","0.33%"
"28.08.2018","86.82","86.04","87.37","85.89","2.78M","1.02%"
"27.08.2018","85.94","85.70","86.32","85.57","1.90M","0.94%"
"24.08.2018","85.14","84.49","85.52","83.71","2.39M","0.47%"
"23.08.2018","84.74","84.60","85.59","84.36","1.37M","0.25%"
"22.08.2018","84.53","85.23","85.46","84.36","1.30M","-1.32%"
"21.08.2018","85.66","85.47","86.60","85.08","3.15M","0.52%"
"20.08.2018","85.22","82.41","85.33","82.13","5.63M","3.91%"
"17.08.2018","82.01","81.69","82.21","81.52","1.67M","0.13%"
"16.08.2018","81.90","82.14","82.74","81.04","2.04M","0.04%"
"15.08.2018","81.87","81.26","82.00","80.35","2.54M","0.53%"
"14.08.2018","81.44","81.05","82.44","81.02","1.80M","0.28%"
"13.08.2018","81.21","81.81","82.18","80.72","1.83M","-0.62%"
"10.08.2018","81.72","82.25","82.33","80.65","2.35M","-1.24%"
"09.08.2018","82.75","82.91","83.66","82.49","1.56M","-0.05%"
"08.08.2018","82.79","82.64","83.45","82.41","1.50M","0.57%"
"07.08.2018","82.32","82.32","82.85","82.02","1.82M","0.60%"
"06.08.2018","81.83","81.27","82.26","81.04","2.08M","0.60%"
"03.08.2018","81.34","80.89","81.64","80.54","2.01M","0.61%"
"02.08.2018","80.85","79.20","80.93","78.70","2.46M","1.04%"
"01.08.2018","80.02","80.77","81.26","79.83","4.61M","-0.47%"
"31.07.2018","80.40","80.26","81.06","80.07","2.57M","0.41%"
"30.07.2018","80.07","79.62","80.92","79.50","3.45M","0.07%"
"27.07.2018","80.01","81.03","81.78","79.60","3.51M","-1.51%"
"26.07.2018","81.24","80.45","82.04","80.13","3.92M","0.84%"
"25.07.2018","80.56","80.40","81.01","79.94","3.85M","0.65%"
"24.07.2018","80.04","81.75","81.80","79.55","3.85M","-1.90%"
"23.07.2018","81.59","80.77","81.91","80.42","3.54M","0.84%"
"20.07.2018","80.91","80.55","81.55","80.22","4.55M","0.40%"
"19.07.2018","80.59","80.00","80.92","79.31","10.21M","2.01%"
"18.07.2018","79.00","75.60","79.49","75.56","15.64M","8.79%"
"17.07.2018","72.62","72.21","73.17","71.98","5.68M","0.50%"
"16.07.2018","72.26","72.33","72.75","71.52","3.85M","0.22%"
"13.07.2018","72.10","70.93","72.24","70.93","3.07M","1.49%"
"12.07.2018","71.04","69.53","71.34","68.86","4.58M","3.14%"
"11.07.2018","68.88","70.40","70.70","67.94","6.26M","-3.39%"
"10.07.2018","71.30","71.77","71.77","70.25","2.68M","-0.68%"
"09.07.2018","71.79","71.23","72.19","70.69","2.24M","1.17%"
"06.07.2018","70.96","71.01","71.37","70.56","2.29M","0.06%"
"05.07.2018","70.92","70.55","71.16","70.42","3.86M","1.08%"
"03.07.2018","70.16","69.78","70.97","69.40","1.63M","-1.07%"
"02.07.2018","70.92","69.40","70.99","69.21","1.93M","1.71%"
"29.06.2018","69.73","69.76","70.37","69.64","2.17M","0.42%"
"28.06.2018","69.44","69.68","69.82","68.49","2.24M","-0.19%"
"27.06.2018","69.57","71.08","71.23","69.53","2.63M","-2.04%"
"26.06.2018","71.02","71.39","71.77","70.57","2.37M","-0.43%"
"25.06.2018","71.33","72.80","72.80","70.82","3.31M","-2.21%"
"22.06.2018","72.94","74.19","75.53","72.80","3.98M","-1.99%"
"21.06.2018","74.42","73.78","75.44","73.78","2.00M","0.47%"
"20.06.2018","74.07","73.12","74.61","72.88","2.02M","1.47%"
"19.06.2018","73.00","73.80","74.25","72.38","3.48M","-2.00%"
"18.06.2018","74.49","73.34","74.75","72.75","4.32M","0.81%"
"15.06.2018","73.89","72.97","74.00","72.28","5.15M","1.19%"
"14.06.2018","73.02","73.00","74.04","72.63","2.69M","0.72%"
"13.06.2018","72.50","72.87","73.52","72.38","2.39M","0.15%"
"12.06.2018","72.39","72.40","72.75","71.42","2.49M","0.33%"
"11.06.2018","72.15","70.83","73.29","70.56","4.26M","3.09%"
"08.06.2018","69.99","69.37","70.15","69.07","2.71M","0.65%"
"07.06.2018","69.54","70.20","70.21","68.92","2.88M","-1.17%"
"06.06.2018","70.36","68.14","70.53","67.93","2.70M","1.50%"
"05.06.2018","69.32","69.72","69.92","68.57","2.40M","-0.94%"
"04.06.2018","69.98","69.36","70.50","69.36","2.45M","1.05%"
"01.06.2018","69.25","70.00","70.44","69.10","2.33M","-0.49%"
"31.05.2018","69.59","69.96","70.53","69.20","2.28M","-0.30%"
"30.05.2018","69.80","69.58","69.86","68.98","2.95M","0.40%"
"29.05.2018","69.52","70.99","71.52","69.04","2.54M","-3.01%"
"25.05.2018","71.68","70.76","72.74","70.64","3.97M","1.72%"
"24.05.2018","70.47","69.62","70.67","69.45","2.09M","1.34%"
"23.05.2018","69.54","69.75","69.89","68.87","1.96M","-0.64%"
"22.05.2018","69.99","70.60","71.41","69.71","3.24M","-0.11%"
"21.05.2018","70.07","69.01","70.66","68.92","3.53M","2.41%"
"18.05.2018","68.42","68.94","69.64","68.40","3.73M","-1.54%"
"17.05.2018","69.49","69.75","70.39","69.31","2.73M","-0.36%"
"16.05.2018","69.74","68.03","70.14","67.72","3.39M","2.51%"
"15.05.2018","68.03","66.55","68.36","66.10","3.26M","2.09%"
"14.05.2018","66.64","67.34","67.60","66.14","2.78M","-0.42%"
"11.05.2018","66.92","66.11","67.19","66.11","2.89M","1.36%"
"10.05.2018","66.02","65.85","66.52","65.57","2.69M","0.33%"
"09.05.2018","65.80","67.28","67.59","65.57","4.42M","-2.84%"
"08.05.2018","67.72","67.66","69.20","67.24","2.71M","0.30%"
"07.05.2018","67.52","68.48","68.67","66.98","2.10M","-1.17%"
"04.05.2018","68.32","67.15","68.84","67.15","2.17M","1.18%"
"03.05.2018","67.52","67.92","67.92","66.53","2.21M","-0.59%"
"02.05.2018","67.92","68.16","69.35","67.80","3.01M","-0.67%"
"01.05.2018","68.38","67.59","68.44","67.07","2.12M","1.24%"
"30.04.2018","67.54","67.85","68.78","67.44","2.47M","-0.47%"
"27.04.2018","67.86","66.84","68.23","66.84","2.66M","1.86%"
"26.04.2018","66.62","67.36","67.36","65.45","5.47M","-2.76%"
"25.04.2018","68.51","68.71","68.88","67.14","3.73M","-0.64%"
"24.04.2018","68.95","70.65","70.83","67.72","3.82M","-1.96%"
"23.04.2018","70.33","72.18","72.25","69.71","3.65M","-1.98%"
"20.04.2018","71.75","70.42","72.60","70.42","6.26M","2.16%"
"19.04.2018","70.23","70.62","71.19","69.13","6.38M","-0.50%"
"18.04.2018","70.58","69.50","72.10","67.63","10.27M","4.81%"
"17.04.2018","67.34","67.74","68.24","66.75","4.75M","0.04%"
"16.04.2018","67.31","66.75","68.18","66.71","2.83M","1.16%"
"13.04.2018","66.54","66.72","67.32","66.13","2.67M","0.67%"
"12.04.2018","66.10","65.64","66.88","65.32","4.80M","1.90%"
"11.04.2018","64.87","67.02","67.87","64.80","5.37M","-4.02%"
"10.04.2018","67.59","69.26","69.50","66.58","5.35M","-1.36%"
"09.04.2018","68.52","69.28","69.73","68.28","5.26M","-0.16%"
"06.04.2018","68.63","70.29","70.55","68.00","3.70M","-2.91%"
"05.04.2018","70.69","70.23","71.21","69.86","3.15M","1.00%"
"04.04.2018","69.99","68.25","70.13","67.94","3.15M","1.16%"
"03.04.2018","69.19","67.16","69.61","67.07","4.39M","3.62%"
"02.04.2018","66.77","69.12","69.30","65.60","3.99M","-3.89%"
"29.03.2018","69.47","68.07","70.04","68.07","3.00M","2.30%"
"28.03.2018","67.91","68.37","68.69","67.23","3.06M","-0.40%"
"27.03.2018","68.18","68.72","69.91","67.81","3.48M","-0.44%"
"26.03.2018","68.48","68.39","68.68","67.32","2.69M","1.62%"
"23.03.2018","67.39","68.75","68.98","67.33","2.90M","-1.55%"
"22.03.2018","68.45","69.46","70.49","68.44","3.48M","-2.13%"
"21.03.2018","69.94","69.12","70.64","68.81","2.62M","-0.77%"
"20.03.2018","70.48","70.43","70.96","70.08","2.02M","0.50%"
"19.03.2018","70.13","71.03","71.10","69.51","2.24M","-1.06%"
"16.03.2018","70.88","70.42","71.45","70.10","5.09M","1.06%"
"15.03.2018","70.14","70.98","71.42","69.93","3.46M","-0.85%"
"14.03.2018","70.74","72.35","73.24","70.44","4.14M","-2.56%"
"13.03.2018","72.60","72.87","73.41","72.47","4.83M","0.83%"
"12.03.2018","72.00","71.82","72.10","70.40","3.74M","0.63%"
"09.03.2018","71.55","70.50","71.64","69.73","5.65M","2.40%"
"08.03.2018","69.87","68.32","70.55","68.05","7.13M","3.04%"
"07.03.2018","67.81","66.81","67.91","66.53","2.73M","0.43%"
"06.03.2018","67.52","67.21","67.81","66.29","2.47M","0.46%"
"05.03.2018","67.21","66.82","67.92","66.41","3.04M","-0.44%"
"02.03.2018","67.51","66.87","67.69","65.67","3.23M","-0.04%"
"01.03.2018","67.54","67.78","69.34","67.02","4.11M","-0.37%"
"28.02.2018","67.79","68.00","68.61","67.33","3.04M","-0.10%"
"27.02.2018","67.86","69.00","69.40","67.79","3.53M","-2.02%"
"26.02.2018","69.26","68.26","69.48","68.25","4.63M","2.50%"
"23.02.2018","67.57","67.01","67.68","66.74","2.66M","1.30%"
"22.02.2018","66.70","67.50","67.73","66.45","2.53M","-0.45%"
"21.02.2018","67.00","66.39","68.52","66.36","3.38M","0.62%"
"20.02.2018","66.59","66.10","66.72","65.78","3.39M","0.11%"
"16.02.2018","66.52","67.05","67.51","66.51","3.31M","-0.33%"
"15.02.2018","66.74","66.00","66.75","65.64","3.72M","1.61%"
"14.02.2018","65.68","65.40","66.32","65.16","2.75M","-0.03%"
"13.02.2018","65.70","63.83","65.75","63.66","3.15M","2.43%"
"12.02.2018","64.14","63.33","64.83","62.97","3.28M","1.84%"
"09.02.2018","62.98","64.24","64.52","60.44","6.07M","-0.62%"
"08.02.2018","63.37","65.17","65.67","63.33","4.63M","-3.04%"
"07.02.2018","65.36","63.84","66.58","63.75","5.69M","2.20%"
"06.02.2018","63.95","62.16","64.22","61.96","4.67M","0.87%"
"05.02.2018","63.40","65.00","65.44","63.28","5.43M","-3.47%"
"02.02.2018","65.68","66.63","66.89","65.48","4.19M","-2.19%"
"01.02.2018","67.15","67.22","67.95","66.23","5.60M","-0.99%"
"31.01.2018","67.82","67.74","69.09","67.32","6.23M","1.21%"
"30.01.2018","67.01","66.26","67.52","65.78","7.80M","1.87%"
"29.01.2018","65.78","66.22","66.75","65.46","5.41M","-1.17%"
"26.01.2018","66.56","66.33","66.77","65.44","6.50M","0.73%"
"25.01.2018","66.08","69.36","69.40","65.80","16.96M","-4.30%"
"24.01.2018","69.05","71.43","72.00","68.07","27.12M","-11.44%"
"23.01.2018","77.97","77.10","78.21","76.40","5.12M","1.43%"
"22.01.2018","76.87","76.60","76.88","75.50","3.01M","0.48%"
"19.01.2018","76.50","76.82","76.84","75.80","3.99M","0.26%"
"18.01.2018","76.30","76.60","77.10","75.99","3.44M","-0.37%"
"17.01.2018","76.58","77.53","77.61","76.48","2.95M","-1.17%"
"16.01.2018","77.49","78.35","79.00","76.80","3.91M","-1.16%"
"12.01.2018","78.40","76.74","78.84","76.48","4.48M","2.55%"
"11.01.2018","76.45","73.61","77.09","73.25","6.91M","4.61%"
"10.01.2018","73.08","70.98","73.15","70.45","9.38M","6.72%"
"09.01.2018","68.48","68.50","69.76","68.39","3.06M","-0.04%"
"08.01.2018","68.51","69.37","69.37","68.01","4.28M","-1.23%"
"05.01.2018","69.36","69.40","69.40","68.77","2.68M","0.14%"
"04.01.2018","69.26","68.69","69.37","67.64","3.92M","1.12%"
"03.01.2018","68.49","68.94","69.37","67.82","4.59M","-0.65%"
"02.01.2018","68.94","67.90","69.01","67.38","3.39M","2.28%"
"29.12.2017","67.40","67.68","67.99","67.37","3.08M","-0.21%"
"28.12.2017","67.54","67.12","67.57","66.88","2.45M","0.63%"
"27.12.2017","67.12","67.62","67.62","66.61","2.94M","-0.34%"
"26.12.2017","67.35","66.94","67.72","66.48","2.35M","0.15%"
"22.12.2017","67.25","67.44","67.48","67.11","2.15M","-0.04%"
"21.12.2017","67.28","66.17","67.62","66.15","4.55M","2.09%"
"20.12.2017","65.90","65.33","66.27","65.04","4.57M","2.28%"
"19.12.2017","64.43","64.83","64.99","64.33","3.34M","-0.20%"
"18.12.2017","64.56","64.12","64.76","63.71","3.71M","1.25%"
"15.12.2017","63.76","63.62","64.47","63.26","6.74M","1.00%"
"14.12.2017","63.13","63.50","64.04","62.71","5.83M","0.16%"
"13.12.2017","63.03","63.52","63.74","62.45","3.73M","-0.52%"
"12.12.2017","63.36","64.45","64.52","63.36","2.83M","-1.37%"
"11.12.2017","64.24","63.69","64.69","63.48","4.07M","1.09%"
"08.12.2017","63.55","65.23","65.29","63.38","5.16M","0.03%"
"07.12.2017","63.53","62.01","63.78","61.84","3.79M","2.15%"
"06.12.2017","62.19","62.16","62.60","61.78","3.08M","-0.02%"
"05.12.2017","62.20","62.59","62.72","61.84","2.64M","-0.62%"
"04.12.2017","62.59","63.69","64.33","62.55","5.05M","0.03%"
"01.12.2017","62.57","63.20","63.49","61.84","4.46M","-1.18%"
"30.11.2017","63.32","62.25","63.84","62.08","4.99M","1.98%"
"29.11.2017","62.09","60.60","62.29","60.38","6.09M","3.16%"
"28.11.2017","60.19","59.16","60.38","59.00","4.15M","1.86%"
"27.11.2017","59.09","59.44","59.54","58.93","2.90M","-0.57%"
"24.11.2017","59.43","59.62","59.75","59.25","1.20M","-0.44%"
"22.11.2017","59.69","59.39","60.00","59.27","1.80M","-0.03%"
"21.11.2017","59.71","58.86","59.77","58.78","2.87M","1.62%"
"20.11.2017","58.76","58.26","58.83","57.82","3.11M","0.96%"
"17.11.2017","58.20","58.41","58.59","57.80","4.26M","-0.82%"
"16.11.2017","58.68","58.07","58.76","57.59","3.13M","2.07%"
"15.11.2017","57.49","56.99","57.69","56.51","4.94M","0.51%"
"14.11.2017","57.20","57.70","57.99","56.60","5.19M","-1.06%"
"13.11.2017","57.81","58.22","58.55","57.72","4.48M","-1.21%"
"10.11.2017","58.52","58.34","59.18","58.29","3.18M","0.22%"
"09.11.2017","58.39","58.42","58.98","57.93","3.57M","-0.90%"
"08.11.2017","58.92","58.55","59.30","58.39","2.65M","0.36%"
"07.11.2017","58.71","60.01","60.19","58.64","3.68M","-2.02%"
"06.11.2017","59.92","59.44","60.79","59.26","3.95M","0.45%"
"03.11.2017","59.65","58.41","59.82","58.15","4.92M","2.37%"
"02.11.2017","58.27","58.44","58.87","58.13","3.87M","-0.63%"
"01.11.2017","58.64","58.20","58.94","58.11","4.80M","0.27%"
"31.10.2017","58.48","59.03","59.20","58.46","5.16M","-0.95%"
"30.10.2017","59.04","59.78","59.99","58.65","5.28M","-2.01%"
"27.10.2017","60.25","60.15","60.79","59.62","4.89M","0.50%"
"26.10.2017","59.95","60.26","61.33","59.47","9.85M","0.05%"
"25.10.2017","59.92","60.41","60.58","59.42","6.60M","0.02%"
"24.10.2017","59.91","58.90","60.07","58.04","8.76M","1.37%"
"23.10.2017","59.10","60.04","60.07","58.87","6.91M","-1.34%"
"20.10.2017","59.90","60.00","61.15","59.34","10.40M","0.20%"
"19.10.2017","59.78","66.39","66.72","59.56","29.91M","-12.08%"
"18.10.2017","67.99","67.55","68.48","67.44","5.31M","0.71%"
"17.10.2017","67.51","67.12","67.94","66.80","4.81M","0.84%"
"16.10.2017","66.95","67.64","67.71","66.73","3.90M","-0.92%"
"13.10.2017","67.57","66.59","67.61","66.59","4.08M","1.40%"
"12.10.2017","66.64","67.17","67.55","66.59","3.43M","-1.13%"
"11.10.2017","67.40","67.80","68.76","67.14","6.70M","-0.47%"
"10.10.2017","67.72","67.82","69.62","67.41","10.30M","4.67%"
"09.10.2017","64.70","65.26","65.47","64.39","2.73M","-0.84%"
"06.10.2017","65.25","64.33","65.98","64.14","3.98M","1.45%"
"05.10.2017","64.32","64.36","64.58","63.72","4.06M","-0.23%"
"04.10.2017","64.47","64.64","65.78","64.34","5.47M","0.51%"
"03.10.2017","64.14","60.38","64.23","60.20","6.82M","6.14%"
"02.10.2017","60.43","60.90","61.10","59.99","4.46M","-0.74%"
"29.09.2017","60.88","61.22","61.49","60.76","4.00M","-0.46%"
"28.09.2017","61.16","60.82","61.89","60.79","4.06M","0.39%"
"27.09.2017","60.92","59.99","61.00","59.69","4.89M","2.08%"
"26.09.2017","59.68","59.56","60.09","59.30","3.98M","0.40%"
"25.09.2017","59.44","58.69","59.48","58.52","4.73M","1.09%"
"22.09.2017","58.80","58.56","59.31","58.30","4.28M","0.46%"
"21.09.2017","58.53","58.18","58.95","57.70","4.22M","0.81%"
"20.09.2017","58.06","57.58","58.83","57.34","5.52M","0.90%"
"19.09.2017","57.54","58.09","58.74","57.50","5.33M","-0.98%"
"18.09.2017","58.11","59.85","59.98","58.05","6.51M","-2.83%"
"15.09.2017","59.80","59.80","60.24","59.13","10.11M","-2.37%"
"14.09.2017","61.25","61.67","61.67","60.90","4.07M","-0.66%"
"13.09.2017","61.66","61.20","61.98","60.60","4.82M","0.69%"
"12.09.2017","61.24","60.62","61.40","60.03","5.37M","1.29%"
"11.09.2017","60.46","59.06","60.67","58.83","6.73M","3.56%"
"08.09.2017","58.38","58.48","59.09","58.33","4.09M","-0.34%"
"07.09.2017","58.58","60.38","60.88","58.45","6.94M","-2.90%"
"06.09.2017","60.33","58.93","60.38","57.74","10.85M","-1.26%"
"05.09.2017","61.10","62.00","63.08","61.10","5.52M","-2.13%"
"01.09.2017","62.43","62.54","62.73","61.66","3.87M","0.76%"
"31.08.2017","61.96","62.49","63.04","61.89","3.91M","-0.10%"
"30.08.2017","62.02","62.73","62.76","61.94","4.69M","-1.38%"
"29.08.2017","62.89","62.11","63.36","62.05","5.21M","-0.41%"
"28.08.2017","63.15","63.21","63.24","62.37","4.14M","-0.33%"
"25.08.2017","63.36","61.70","63.53","61.57","4.62M","3.06%"
"24.08.2017","61.48","63.29","63.29","61.31","4.64M","-2.15%"
"23.08.2017","62.83","64.36","64.53","62.62","4.92M","-2.89%"
"22.08.2017","64.70","64.92","65.32","64.18","3.70M","-0.23%"
"21.08.2017","64.85","64.73","65.33","64.50","2.90M","0.15%"
"18.08.2017","64.75","64.77","65.49","64.27","3.20M","0.08%"
"17.08.2017","64.70","66.70","66.84","64.59","3.91M","-3.32%"
"16.08.2017","66.92","66.77","67.44","66.77","1.97M","-0.06%"
"15.08.2017","66.96","67.02","67.30","66.48","2.16M","0.37%"
"14.08.2017","66.71","66.50","67.28","66.41","3.37M","1.28%"
"11.08.2017","65.87","65.57","66.23","65.03","3.51M","0.97%"
"10.08.2017","65.24","66.82","66.96","65.11","4.97M","-2.71%"
"09.08.2017","67.06","67.38","67.97","66.80","3.53M","-1.08%"
"08.08.2017","67.79","68.15","68.72","67.53","2.64M","-0.88%"
"07.08.2017","68.39","69.09","69.29","68.36","3.10M","-0.75%"
"04.08.2017","68.91","68.37","69.31","68.18","3.28M","1.06%"
"03.08.2017","68.19","67.44","68.49","67.31","3.75M","1.11%"
"02.08.2017","67.44","68.01","68.27","66.93","3.19M","-0.62%"
"01.08.2017","67.86","68.15","68.55","67.55","2.77M","0.27%"
"31.07.2017","67.68","68.48","68.65","67.57","2.51M","-0.29%"
"28.07.2017","67.88","67.88","68.27","67.13","4.99M","-0.31%"
"27.07.2017","68.09","69.02","69.02","66.45","7.93M","-3.06%"
"26.07.2017","70.24","69.50","70.36","69.00","4.44M","1.09%"
"25.07.2017","69.48","71.14","71.28","69.35","4.70M","-1.35%"
"24.07.2017","70.43","71.23","71.88","70.34","4.31M","-1.59%"
"21.07.2017","71.57","72.19","72.43","71.34","6.00M","-0.71%"
"20.07.2017","72.08","74.10","74.25","72.03","8.10M","-2.91%"
"19.07.2017","74.24","76.23","76.70","73.70","15.49M","-5.91%"
"18.07.2017","78.90","79.30","79.68","78.29","4.12M","-1.10%"
"17.07.2017","79.78","79.66","80.12","79.18","2.36M","-0.09%"
"14.07.2017","79.85","80.00","80.17","79.05","2.13M","-0.40%"
"13.07.2017","80.17","80.50","81.39","79.67","3.48M","-0.45%"
"12.07.2017","80.53","78.70","80.81","78.61","5.05M","4.69%"
"11.07.2017","76.92","78.09","78.19","76.91","3.52M","-1.71%"
"10.07.2017","78.26","78.49","79.12","77.77","4.08M","-0.86%"
"07.07.2017","78.94","77.98","79.29","77.53","4.20M","1.58%"
"06.07.2017","77.71","76.00","78.53","75.70","4.31M","1.53%"
"05.07.2017","76.54","75.35","76.86","74.43","4.52M","1.94%"
"03.07.2017","75.08","75.85","76.65","75.06","2.39M","-0.23%"
"30.06.2017","75.25","76.19","76.19","75.22","3.46M","-0.25%"
"29.06.2017","75.44","76.82","77.48","74.97","3.52M","-1.64%"
"28.06.2017","76.70","76.51","77.37","76.30","2.63M","0.92%"
"27.06.2017","76.00","77.08","77.45","75.94","2.77M","-1.34%"
"26.06.2017","77.03","76.87","78.40","76.55","2.55M","0.31%"
"23.06.2017","76.79","77.48","77.53","76.55","4.62M","-0.85%"
"22.06.2017","77.45","78.37","78.91","77.08","3.16M","-0.18%"
"21.06.2017","77.59","77.62","78.08","76.97","2.13M","0.40%"
"20.06.2017","77.28","79.04","79.34","77.25","2.39M","-1.72%"
"19.06.2017","78.63","77.13","78.76","76.79","3.34M","2.41%"
"16.06.2017","76.78","77.51","77.72","76.49","3.16M","-0.72%"
"15.06.2017","77.34","77.17","77.38","76.11","3.56M","-0.28%"
"14.06.2017","77.56","77.87","77.92","76.35","2.48M","0.10%"
"13.06.2017","77.48","77.83","78.60","76.33","4.07M","-0.32%"
"12.06.2017","77.73","79.02","79.08","76.00","5.15M","-1.40%"
"09.06.2017","78.83","80.96","81.50","78.15","5.29M","-2.10%"
"08.06.2017","80.52","81.87","81.87","80.20","4.01M","-1.40%"
"07.06.2017","81.66","79.67","81.86","78.35","6.26M","0.52%"
"06.06.2017","81.24","81.07","81.81","80.65","2.17M","-0.53%"
"05.06.2017","81.67","82.04","82.34","81.21","1.84M","-0.44%"
"02.06.2017","82.03","81.49","83.04","81.46","3.21M","1.30%"
"01.06.2017","80.98","79.99","80.99","79.46","2.46M","1.64%"
"31.05.2017","79.67","79.73","79.96","78.56","2.52M","0.53%"
"30.05.2017","79.25","80.90","80.95","79.01","3.43M","-2.46%"
"26.05.2017","81.25","81.17","81.96","80.74","2.54M","-0.20%"
"25.05.2017","81.41","79.18","81.54","79.03","3.65M","3.13%"
"24.05.2017","78.94","79.14","79.73","78.58","1.94M","-0.11%"
"23.05.2017","79.03","79.11","79.25","78.42","1.82M","0.14%"
"22.05.2017","78.92","78.44","79.20","78.37","2.47M","1.21%"
"19.05.2017","77.98","76.42","78.34","76.18","4.14M","2.63%"
"18.05.2017","75.98","76.32","77.18","75.62","3.56M","-0.26%"
"17.05.2017","76.18","78.06","78.63","75.94","5.67M","-3.64%"
"16.05.2017","79.06","78.22","79.10","77.44","3.32M","1.63%"
"15.05.2017","77.79","76.20","78.34","76.19","3.46M","1.81%"
"12.05.2017","76.41","76.75","77.45","76.20","2.05M","-1.23%"
"11.05.2017","77.36","78.18","78.19","76.53","2.78M","-1.51%"
"10.05.2017","78.55","78.48","78.96","78.02","3.31M","0.00%"
"09.05.2017","78.55","75.64","79.15","75.64","5.84M","4.76%"
"08.05.2017","74.98","75.34","75.85","74.77","3.08M","-0.42%"
"05.05.2017","75.30","74.97","75.36","74.65","2.17M","0.52%"
"04.05.2017","74.91","74.56","75.17","73.92","2.89M","0.94%"
"03.05.2017","74.21","73.30","74.45","73.10","2.69M","0.37%"
"02.05.2017","73.94","70.43","73.99","70.40","5.43M","5.22%"
"01.05.2017","70.27","70.56","71.48","70.24","3.32M","0.09%"
"28.04.2017","70.21","70.87","71.26","70.00","2.91M","-0.69%"
"27.04.2017","70.70","69.77","70.76","68.62","5.51M","-0.88%"
"26.04.2017","71.33","71.09","71.92","70.66","4.74M","0.51%"
"25.04.2017","70.97","71.40","72.07","70.76","3.52M","-0.04%"
"24.04.2017","71.00","70.50","71.03","70.15","4.64M","2.07%"
"21.04.2017","69.56","69.70","69.89","68.88","3.27M","-0.34%"
"20.04.2017","69.80","69.81","70.09","69.51","4.10M","0.74%"
"19.04.2017","69.29","68.47","69.79","67.77","6.77M","2.27%"
"18.04.2017","67.75","70.97","70.98","67.55","11.00M","-4.27%"
"17.04.2017","70.77","69.51","70.81","69.01","4.76M","2.46%"
"13.04.2017","69.07","69.90","70.14","69.07","5.19M","-1.23%"
"12.04.2017","69.93","71.65","71.73","69.69","7.62M","-1.10%"
"11.04.2017","70.71","70.15","70.72","68.36","17.70M","-1.13%"
"10.04.2017","71.52","70.55","72.10","70.25","3.46M","0.90%"
"07.04.2017","70.88","69.97","71.02","69.72","2.47M","0.94%"
"06.04.2017","70.22","70.16","70.93","69.56","1.87M","0.23%"
"05.04.2017","70.06","70.23","71.35","69.81","2.64M","0.43%"
"04.04.2017","69.76","70.76","71.08","69.58","2.66M","-2.23%"
"03.04.2017","71.35","70.69","71.42","69.42","2.95M","1.01%"
"31.03.2017","70.64","70.68","71.19","70.45","2.41M","-0.20%"
"30.03.2017","70.78","69.66","70.96","69.66","2.46M","1.33%"
"29.03.2017","69.85","70.45","71.00","69.53","3.41M","-1.26%"
"28.03.2017","70.74","68.41","71.09","68.18","4.97M","3.47%"
"27.03.2017","68.37","66.72","68.74","66.26","2.94M","0.65%"
"24.03.2017","67.93","67.55","68.51","67.53","2.63M","0.64%"
"23.03.2017","67.50","67.02","68.56","66.90","4.44M","0.82%"
"22.03.2017","66.95","64.92","66.96","64.16","4.93M","2.56%"
"21.03.2017","65.28","67.76","67.87","65.15","4.92M","-3.27%"
"20.03.2017","67.49","67.15","68.05","66.60","4.33M","1.05%"
"17.03.2017","66.79","67.82","67.91","66.65","5.84M","-1.14%"
"16.03.2017","67.56","67.90","67.97","66.44","8.79M","-0.89%"
"15.03.2017","68.17","65.00","68.37","64.32","11.32M","2.43%"
"14.03.2017","66.55","69.38","69.42","66.34","8.26M","-4.72%"
"13.03.2017","69.85","72.19","72.70","69.66","6.74M","-3.44%"
"10.03.2017","72.34","72.33","73.20","71.64","4.55M","-0.28%"
"09.03.2017","72.54","73.21","74.60","72.43","3.73M","-1.23%"
"08.03.2017","73.44","72.97","73.65","72.31","3.51M","1.10%"
"07.03.2017","72.64","72.69","73.23","72.15","3.76M","-0.68%"
"06.03.2017","73.14","74.85","74.85","71.90","5.90M","-3.24%"
"03.03.2017","75.59","73.70","75.99","73.44","4.26M","3.15%"
"02.03.2017","73.28","74.35","74.74","73.21","2.86M","-2.80%"
"01.03.2017","75.39","74.64","76.65","74.63","3.73M","1.75%"
"28.02.2017","74.09","75.37","75.37","73.61","3.00M","-1.58%"
"27.02.2017","75.28","74.91","75.52","74.35","1.90M","0.27%"
"24.02.2017","75.08","73.96","75.11","73.54","2.06M","0.70%"
"23.02.2017","74.56","75.87","76.46","73.88","4.97M","-1.15%"
"22.02.2017","75.43","75.21","75.57","74.35","1.70M","0.03%"
"21.02.2017","75.41","75.90","76.23","74.42","2.66M","-0.72%"
"17.02.2017","75.96","75.49","75.97","74.60","1.89M","0.38%"
"16.02.2017","75.67","75.93","76.30","75.10","2.20M","-0.11%"
"15.02.2017","75.75","75.29","76.23","74.82","5.00M","2.73%"
"14.02.2017","73.74","73.44","73.88","72.00","2.54M","-0.14%"
"13.02.2017","73.84","72.85","74.16","72.84","3.28M","1.71%"
"10.02.2017","72.60","73.37","73.37","72.20","1.94M","-0.52%"
"09.02.2017","72.98","71.38","73.30","71.23","3.76M","1.79%"
"08.02.2017","71.70","71.50","71.77","70.73","2.97M","0.58%"
"07.02.2017","71.29","73.96","74.00","71.25","4.97M","-3.01%"
"06.02.2017","73.50","73.40","74.78","72.78","3.93M","0.60%"
"03.02.2017","73.06","72.53","73.25","72.05","2.52M","1.28%"
"02.02.2017","72.14","70.73","72.34","70.55","3.10M","0.92%"
"01.02.2017","71.48","70.95","71.86","70.69","3.41M","1.43%"
"31.01.2017","70.47","71.78","71.78","69.34","5.46M","-1.74%"
"30.01.2017","71.72","72.99","72.99","70.00","3.91M","-3.63%"
"27.01.2017","74.42","75.75","75.98","74.04","4.38M","-1.27%"
"26.01.2017","75.38","74.47","76.00","74.12","5.43M","2.43%"
"25.01.2017","73.59","73.58","74.60","73.04","2.79M","0.56%"
"24.01.2017","73.18","73.08","73.58","72.66","2.67M","0.59%"
"23.01.2017","72.75","74.66","75.09","72.64","4.42M","-3.31%"
"20.01.2017","75.24","74.30","75.48","74.09","2.97M","1.65%"
"19.01.2017","74.02","74.06","74.84","73.25","2.77M","0.03%"
"18.01.2017","74.00","73.00","74.93","72.41","4.57M","0.35%"
"17.01.2017","73.74","73.94","75.09","73.55","4.15M","-0.78%"
"13.01.2017","74.32","74.03","74.75","73.89","2.95M","0.43%"
"12.01.2017","74.00","74.64","75.64","72.90","4.14M","-1.39%"
"11.01.2017","75.04","75.51","76.75","74.94","5.19M","1.87%"
"10.01.2017","73.66","71.47","74.34","71.44","3.55M","3.34%"
"09.01.2017","71.28","71.06","72.00","70.88","1.94M","-0.13%"
"06.01.2017","71.37","70.98","71.89","69.75","3.65M","0.62%"
"05.01.2017","70.93","71.99","73.00","70.31","3.58M","-2.86%"
"04.01.2017","73.02","72.45","73.79","72.45","2.20M","0.43%"
"03.01.2017","72.71","74.02","74.02","72.15","2.52M","-0.23%"
"30.12.2016","72.88","73.43","73.43","72.37","1.72M","-0.55%"
"29.12.2016","73.28","73.53","74.19","72.93","1.27M","-0.34%"
"28.12.2016","73.53","75.00","75.18","73.35","1.95M","-1.53%"
"27.12.2016","74.67","74.78","75.22","74.50","1.09M","-0.16%"
"23.12.2016","74.79","74.40","74.83","74.13","1.62M","0.81%"
"22.12.2016","74.19","75.62","75.73","73.80","2.29M","-2.02%"
"21.12.2016","75.72","75.73","76.10","75.16","1.56M","-0.43%"
"20.12.2016","76.05","75.32","76.31","74.78","2.82M","2.11%"
"19.12.2016","74.48","74.25","75.38","73.77","2.59M","0.08%"
"16.12.2016","74.42","74.91","76.20","74.06","6.57M","-0.49%"
"15.12.2016","74.79","73.82","76.80","73.82","4.75M","2.54%"
"14.12.2016","72.94","72.60","74.00","72.00","3.83M","0.54%"
"13.12.2016","72.55","73.38","73.98","72.14","2.78M","-0.94%"
"12.12.2016","73.24","74.30","74.36","72.69","3.12M","-2.57%"
"09.12.2016","75.17","75.02","76.13","74.44","5.15M","3.34%"
"08.12.2016","72.74","72.46","73.08","71.50","2.88M","0.43%"
"07.12.2016","72.43","70.68","73.00","70.25","4.06M","2.06%"
"06.12.2016","70.97","69.41","71.04","69.01","4.38M","3.97%"
"05.12.2016","68.26","69.91","69.95","68.00","3.40M","-1.46%"
"02.12.2016","69.27","69.12","69.76","68.54","2.58M","1.17%"
"01.12.2016","68.47","68.67","69.87","68.30","3.21M","-0.70%"
"30.11.2016","68.95","68.51","69.69","67.58","4.17M","-1.10%"
"29.11.2016","69.72","69.17","70.15","68.94","2.53M","0.68%"
"28.11.2016","69.25","69.95","70.15","68.61","4.97M","-1.20%"
"25.11.2016","70.09","69.81","70.18","69.55","1.41M","0.30%"
"23.11.2016","69.88","69.35","69.98","68.83","3.76M","0.55%"
"22.11.2016","69.50","69.08","70.15","69.00","4.99M","0.74%"
"21.11.2016","68.99","68.22","69.29","67.76","9.00M","1.03%"
"18.11.2016","68.29","68.05","68.47","67.24","4.96M","0.63%"
"17.11.2016","67.86","65.62","68.02","65.51","4.91M","3.60%"
"16.11.2016","65.50","65.75","66.66","64.90","4.94M","-0.85%"
"15.11.2016","66.06","65.47","67.70","63.47","10.42M","4.96%"
"14.11.2016","62.94","60.54","62.94","60.37","6.66M","4.46%"
"11.11.2016","60.25","59.85","60.58","58.78","5.15M","0.52%"
"10.11.2016","59.94","60.43","61.60","59.78","5.72M","-0.32%"
"09.11.2016","60.13","58.24","60.36","57.80","5.34M","1.38%"
"08.11.2016","59.31","58.52","59.45","57.84","4.08M","1.33%"
"07.11.2016","58.53","57.96","58.77","57.55","4.50M","2.27%"
"04.11.2016","57.23","56.01","57.69","55.75","5.02M","2.31%"
"03.11.2016","55.94","56.66","57.24","55.79","3.70M","-0.36%"
"02.11.2016","56.14","55.95","56.86","55.76","3.96M","0.25%"
"01.11.2016","56.00","56.25","56.97","55.53","4.71M","-0.41%"
"31.10.2016","56.23","55.62","56.25","54.97","5.33M","2.03%"
"28.10.2016","55.11","54.59","55.45","54.38","5.09M","1.27%"
"27.10.2016","54.42","54.30","55.20","53.59","4.90M","0.82%"
"26.10.2016","53.98","53.11","55.34","52.21","6.12M","-1.19%"
"25.10.2016","54.63","54.93","55.89","54.54","3.15M","-0.74%"
"24.10.2016","55.04","55.91","56.25","54.95","2.88M","-1.01%"
"21.10.2016","55.60","56.21","56.58","55.17","3.94M","-1.71%"
"20.10.2016","56.57","55.29","56.81","55.11","9.57M","2.04%"
"19.10.2016","55.44","53.99","55.49","53.75","7.54M","3.28%"
"18.10.2016","53.68","52.54","55.01","52.44","11.30M","1.23%"
"17.10.2016","53.03","53.45","54.53","52.93","6.40M","-0.32%"
"14.10.2016","53.20","54.16","54.57","52.98","7.42M","-0.91%"
"13.10.2016","53.69","52.05","54.03","51.34","8.07M","1.53%"
"12.10.2016","52.88","53.76","54.07","52.33","5.33M","-1.20%"
"11.10.2016","53.52","54.81","54.94","53.18","5.94M","-1.25%"
"10.10.2016","54.20","53.06","54.50","53.06","3.99M","2.61%"
"07.10.2016","52.82","53.79","54.00","52.67","2.58M","-2.15%"
"06.10.2016","53.98","53.60","54.06","52.87","2.73M","0.30%"
"05.10.2016","53.82","53.82","54.14","53.48","2.57M","0.17%"
"04.10.2016","53.73","54.21","55.25","53.55","5.66M","0.90%"
"03.10.2016","53.25","52.24","53.40","52.00","4.45M","1.49%"
"30.09.2016","52.47","51.39","52.93","51.38","5.37M","2.60%"
"29.09.2016","51.14","50.58","51.67","50.41","5.86M","0.95%"
"28.09.2016","50.66","50.67","51.89","50.42","3.76M","0.50%"
"27.09.2016","50.41","49.50","50.79","49.40","3.75M","1.94%"
"26.09.2016","49.45","50.53","50.89","49.28","4.69M","-2.94%"
"23.09.2016","50.95","50.89","51.33","50.49","3.41M","-0.18%"
"22.09.2016","51.04","50.68","52.03","50.37","5.48M","1.61%"
"21.09.2016","50.23","50.47","50.75","49.30","4.56M","-0.16%"
"20.09.2016","50.31","51.09","51.66","50.25","3.72M","-1.28%"
"19.09.2016","50.96","51.14","51.93","50.91","3.67M","-0.08%"
"16.09.2016","51.00","51.31","51.70","50.90","10.48M","-1.37%"
"15.09.2016","51.71","50.99","51.95","50.37","4.73M","1.39%"
"14.09.2016","51.00","51.40","51.89","50.72","4.55M","-1.24%"
"13.09.2016","51.64","52.70","53.26","51.48","4.74M","-3.02%"
"12.09.2016","53.25","51.69","53.44","50.67","5.22M","1.53%"
"09.09.2016","52.45","53.99","54.11","52.42","4.99M","-3.51%"
"08.09.2016","54.36","53.23","54.40","53.23","5.59M","1.27%"
"07.09.2016","53.68","51.62","54.53","51.62","7.21M","4.97%"
"06.09.2016","51.14","50.97","51.24","50.77","3.84M","0.10%"
"02.09.2016","51.09","50.68","51.53","50.45","3.73M","0.39%"
"01.09.2016","50.89","50.54","51.48","50.12","4.01M","0.95%"
"31.08.2016","50.41","50.79","51.00","49.35","5.21M","-1.14%"
"30.08.2016","50.99","49.28","51.52","48.76","12.92M","8.60%"
"29.08.2016","46.95","47.06","47.32","46.81","2.40M","0.17%"
"26.08.2016","46.87","47.62","47.87","46.67","3.35M","-1.39%"
"25.08.2016","47.53","47.46","47.76","47.30","2.08M","-0.15%"
"24.08.2016","47.60","47.29","47.94","47.27","2.20M","0.23%"
"23.08.2016","47.49","47.27","47.96","47.27","2.27M","1.15%"
"22.08.2016","46.95","46.95","47.09","46.56","2.61M","-0.30%"
"19.08.2016","47.09","47.25","47.59","46.94","3.27M","-1.07%"
"18.08.2016","47.60","48.16","48.22","47.18","4.92M","-1.20%"
"17.08.2016","48.18","47.91","48.21","47.68","3.30M","0.40%"
"16.08.2016","47.99","47.82","48.38","47.60","3.46M","-0.04%"
"15.08.2016","48.01","47.16","48.48","47.00","3.03M","1.93%"
"12.08.2016","47.10","47.20","47.34","46.53","2.17M","-0.36%"
"11.08.2016","47.27","47.00","47.57","46.80","4.02M","0.32%"
"10.08.2016","47.12","47.72","47.80","46.67","3.08M","-1.44%"
"09.08.2016","47.81","49.00","49.47","47.78","3.89M","-1.40%"
"08.08.2016","48.49","48.39","49.32","47.90","4.31M","0.17%"
"05.08.2016","48.41","46.25","48.48","46.24","5.99M","5.47%"
"04.08.2016","45.90","44.94","45.96","44.81","3.88M","2.23%"
"03.08.2016","44.90","44.28","45.20","44.15","4.62M","1.13%"
"02.08.2016","44.40","46.90","46.90","44.24","7.29M","-6.25%"
"01.08.2016","47.36","46.77","47.38","46.42","2.93M","1.00%"
"29.07.2016","46.89","47.49","48.11","46.89","3.45M","-1.08%"
"28.07.2016","47.40","47.17","47.63","46.81","2.50M","-0.08%"
"27.07.2016","47.44","47.63","47.75","47.16","3.21M","-0.61%"
"26.07.2016","47.73","46.87","48.00","46.87","4.23M","1.79%"
"25.07.2016","46.89","47.52","47.78","46.73","3.75M","-1.43%"
"22.07.2016","47.57","47.25","47.69","46.55","4.90M","1.95%"
"21.07.2016","46.66","47.11","47.40","46.02","5.88M","-3.40%"
"20.07.2016","48.30","48.28","49.87","47.54","8.42M","0.94%"
"19.07.2016","47.85","47.30","47.96","46.67","4.72M","0.29%"
"18.07.2016","47.71","47.58","48.02","47.13","3.69M","0.59%"
"15.07.2016","47.43","47.51","47.76","46.92","5.18M","-0.88%"
"14.07.2016","47.85","46.73","47.94","46.42","7.70M","4.34%"
"13.07.2016","45.86","46.55","46.73","45.41","5.49M","-0.65%"
"12.07.2016","46.16","44.19","46.36","44.19","9.78M","8.84%"
"11.07.2016","42.41","41.88","42.74","41.72","4.66M","2.24%"
"08.07.2016","41.48","40.70","41.73","40.70","5.26M","3.47%"
"07.07.2016","40.09","39.32","40.41","39.31","4.61M","1.98%"
"06.07.2016","39.31","39.14","39.41","37.64","8.22M","-2.43%"
"05.07.2016","40.29","40.80","40.92","39.41","5.21M","-2.61%"
"01.07.2016","41.37","41.02","41.80","40.83","5.09M","0.80%"
"30.06.2016","41.04","40.72","41.04","40.20","6.05M","1.16%"
"29.06.2016","40.57","39.19","40.92","39.15","7.37M","4.16%"
"28.06.2016","38.95","38.82","39.06","38.01","7.82M","3.18%"
"27.06.2016","37.75","40.64","40.69","37.41","12.91M","-8.06%"
"24.06.2016","41.06","42.67","43.22","41.04","12.31M","-9.10%"
"23.06.2016","45.17","45.75","45.91","44.46","4.91M","0.18%"
"22.06.2016","45.09","45.00","45.64","44.94","4.82M","0.51%"
"21.06.2016","44.86","45.01","45.59","44.40","7.75M","3.36%"
"20.06.2016","43.40","43.07","44.03","43.00","4.43M","1.83%"
"17.06.2016","42.62","41.90","43.07","41.50","8.18M","1.89%"
"16.06.2016","41.83","42.23","42.90","41.68","7.70M","-2.47%"
"15.06.2016","42.89","42.55","43.72","42.51","6.33M","1.90%"
"14.06.2016","42.09","43.98","44.30","41.46","8.16M","-4.47%"
"13.06.2016","44.06","45.59","45.88","43.64","7.13M","-4.38%"
"10.06.2016","46.08","46.09","46.69","45.63","4.21M","-1.33%"
"09.06.2016","46.70","45.59","46.91","45.44","4.65M","2.21%"
"08.06.2016","45.69","45.94","46.53","45.29","4.88M","-0.26%"
"07.06.2016","45.81","44.50","46.46","44.01","5.86M","2.87%"
"06.06.2016","44.53","44.20","44.54","43.53","5.25M","0.52%"
"03.06.2016","44.30","45.01","45.16","43.60","5.64M","-1.93%"
"02.06.2016","45.17","44.92","45.59","44.86","3.36M","-0.18%"
"01.06.2016","45.25","45.25","45.46","44.70","3.98M","0.35%"
"31.05.2016","45.09","45.13","45.30","44.30","6.08M","-0.20%"
"27.05.2016","45.18","44.56","45.46","44.53","3.62M","1.53%"
"26.05.2016","44.50","45.20","45.33","44.14","4.89M","-1.40%"
"25.05.2016","45.13","45.12","45.94","45.07","3.65M","0.31%"
"24.05.2016","44.99","44.46","45.08","44.39","3.70M","1.79%"
"23.05.2016","44.20","44.54","45.00","44.15","3.75M","-0.65%"
"20.05.2016","44.49","44.39","45.29","44.22","3.28M","1.09%"
"19.05.2016","44.01","44.73","45.29","43.65","5.58M","-2.78%"
"18.05.2016","45.27","44.91","46.28","44.83","4.48M","0.49%"
"17.05.2016","45.05","44.35","46.08","44.32","5.92M","1.03%"
"16.05.2016","44.59","44.32","44.87","43.51","6.08M","1.71%"
"13.05.2016","43.84","43.70","44.94","43.62","5.77M","0.14%"
"12.05.2016","43.78","46.03","46.03","43.33","7.91M","-4.41%"
"11.05.2016","45.80","46.73","47.40","45.79","5.07M","-2.55%"
"10.05.2016","47.00","46.07","47.12","45.79","4.80M","2.82%"
"09.05.2016","45.71","45.88","46.81","45.68","4.62M","0.02%"
"06.05.2016","45.70","44.80","45.73","44.01","9.25M","1.58%"
"05.05.2016","44.99","45.60","46.07","44.96","6.04M","-1.23%"
"04.05.2016","45.55","46.71","46.76","45.15","7.18M","-3.35%"
"03.05.2016","47.13","47.00","47.54","46.15","6.73M","1.01%"
"02.05.2016","46.66","46.61","46.81","45.81","6.63M","1.86%"
"29.04.2016","45.81","47.89","47.93","45.58","10.25M","-4.68%"
"28.04.2016","48.06","48.84","49.21","47.90","5.66M","-1.80%"
"27.04.2016","48.94","49.05","49.70","48.70","5.21M","-0.41%"
"26.04.2016","49.14","49.75","50.06","48.05","7.55M","-0.47%"
"25.04.2016","49.37","51.06","51.45","49.30","6.86M","-2.70%"
"22.04.2016","50.74","51.20","51.59","50.20","11.34M","-3.83%"
"21.04.2016","52.76","55.32","56.00","51.33","25.28M","-9.97%"
"20.04.2016","58.60","57.96","58.90","57.96","4.12M","0.95%"
"19.04.2016","58.05","57.12","58.33","57.12","3.55M","1.88%"
"18.04.2016","56.98","57.78","57.78","56.35","2.41M","0.14%"
"15.04.2016","56.90","56.97","57.11","56.08","2.85M","0.30%"
"14.04.2016","56.73","55.86","57.84","55.80","3.80M","2.07%"
"13.04.2016","55.58","54.48","55.68","54.34","3.79M","2.79%"
"12.04.2016","54.07","53.89","54.78","53.83","3.39M","0.67%"
"11.04.2016","53.71","53.38","55.20","53.28","4.58M","1.19%"
"08.04.2016","53.08","53.65","53.81","52.95","3.55M","-0.15%"
"07.04.2016","53.16","54.55","54.66","52.93","6.75M","-3.59%"
"06.04.2016","55.14","55.60","55.65","54.59","3.22M","-0.79%"
"05.04.2016","55.58","55.49","55.85","55.10","2.73M","-0.48%"
"04.04.2016","55.85","56.59","57.60","55.70","4.62M","-1.53%"
"01.04.2016","56.72","57.43","57.67","56.19","7.41M","-5.25%"
"31.03.2016","59.86","59.92","61.39","59.82","5.74M","0.07%"
"30.03.2016","59.82","58.99","60.39","58.89","3.40M","1.98%"
"29.03.2016","58.66","57.78","58.75","57.59","4.04M","1.30%"
"28.03.2016","57.91","57.95","58.18","57.41","3.40M","0.12%"
"24.03.2016","57.84","58.76","58.96","57.20","6.62M","-3.18%"
"23.03.2016","59.74","60.43","60.61","59.29","4.02M","-1.24%"
"22.03.2016","60.49","59.51","60.96","59.41","4.47M","-1.14%"
"21.03.2016","61.19","60.38","61.41","60.35","3.63M","1.29%"
"18.03.2016","60.41","58.90","60.67","58.86","7.38M","2.67%"
"17.03.2016","58.84","58.71","59.16","58.21","3.28M","0.12%"
"16.03.2016","58.77","57.66","59.03","57.42","3.67M","1.24%"
"15.03.2016","58.05","58.57","59.30","57.94","4.73M","-1.58%"
"14.03.2016","58.98","58.00","59.09","57.84","3.94M","1.05%"
"11.03.2016","58.37","57.96","58.41","57.72","3.12M","1.94%"
"10.03.2016","57.26","57.60","57.87","56.65","3.51M","-0.31%"
"09.03.2016","57.44","56.74","57.59","56.47","4.76M","1.95%"
"08.03.2016","56.34","56.36","57.45","55.29","7.85M","-2.20%"
"07.03.2016","57.61","57.55","58.09","56.84","4.92M","-0.67%"
"04.03.2016","58.00","58.65","58.95","57.66","5.77M","-0.58%"
"03.03.2016","58.34","57.93","58.80","57.80","5.19M","0.73%"
"02.03.2016","57.92","57.90","58.48","57.27","4.85M","-0.82%"
"01.03.2016","58.40","57.63","58.84","57.26","5.22M","1.99%"
"29.02.2016","57.26","56.38","57.80","56.01","5.61M","1.20%"
"26.02.2016","56.58","56.89","57.17","56.12","4.50M","-0.49%"
"25.02.2016","56.86","56.44","56.91","55.73","4.66M","1.07%"
"24.02.2016","56.26","54.82","56.30","54.67","5.59M","1.46%"
"23.02.2016","55.45","55.09","55.89","54.62","4.32M","-0.07%"
"22.02.2016","55.49","54.13","55.84","53.96","6.67M","3.10%"
"19.02.2016","53.82","51.79","55.06","51.13","9.73M","3.62%"
"18.02.2016","51.94","51.07","52.20","50.72","5.58M","2.63%"
"17.02.2016","50.61","49.42","50.93","49.29","4.21M","3.56%"
"16.02.2016","48.87","48.72","49.24","47.80","4.59M","1.08%"
"12.02.2016","48.35","47.29","48.42","46.58","4.10M","2.92%"
"11.02.2016","46.98","46.54","47.85","46.48","4.93M","-1.53%"
"10.02.2016","47.71","47.41","48.80","47.07","7.83M","2.65%"
"09.02.2016","46.48","44.97","47.03","44.00","9.30M","1.75%"
"08.02.2016","45.68","45.90","46.42","45.16","7.69M","-2.52%"
"05.02.2016","46.86","48.41","49.16","46.48","5.16M","-3.20%"
"04.02.2016","48.41","47.18","48.62","47.07","5.71M","1.77%"
"03.02.2016","47.57","46.63","48.30","45.05","6.49M","2.41%"
"02.02.2016","46.45","48.27","48.48","46.05","7.11M","-4.93%"
"01.02.2016","48.86","47.71","49.20","47.52","6.72M","1.20%"
"29.01.2016","48.28","45.31","48.54","45.27","9.06M","4.71%"
"28.01.2016","46.11","47.97","48.14","45.77","7.77M","-3.35%"
"27.01.2016","47.71","47.70","49.41","47.37","8.13M","1.02%"
"26.01.2016","47.23","46.83","47.27","46.31","5.60M","1.70%"
"25.01.2016","46.44","46.91","47.26","46.34","5.58M","-0.60%"
"22.01.2016","46.72","45.93","47.73","45.93","8.29M","3.07%"
"21.01.2016","45.33","45.11","46.66","44.25","10.29M","0.47%"
"20.01.2016","45.12","44.77","46.20","42.17","11.77M","-0.13%"
"19.01.2016","45.18","46.51","46.97","44.64","8.60M","-1.07%"
"15.01.2016","45.67","46.42","46.89","44.93","10.92M","-4.52%"
"14.01.2016","47.83","48.34","48.59","45.89","9.80M","-0.48%"
"13.01.2016","48.06","51.16","51.28","47.76","8.04M","-5.51%"
"12.01.2016","50.86","51.66","51.70","49.71","10.05M","-1.47%"
"11.01.2016","51.62","52.20","52.55","50.35","8.45M","-0.52%"
"08.01.2016","51.89","53.62","53.86","51.76","6.37M","-1.41%"
"07.01.2016","52.63","54.40","54.81","52.34","6.10M","-4.66%"
"06.01.2016","55.20","54.24","55.47","54.04","4.90M","0.25%"
"05.01.2016","55.06","55.90","56.33","54.00","6.98M","-0.99%"
"04.01.2016","55.61","55.79","56.34","54.86","5.69M","-2.95%"