"Fecha","Cierre","Apertura","Máximo","Mínimo","Vol.","% var."
"22.09.2026","567.89","554.16","568.50","554.04","3.86M","1.53%"
"21.09.2026","559.34","545.08","562.20","541.47","7.97M","4.93%"
"18.09.2026","533.07","522.71","533.32","522.38","6.35M","2.69%"
"17.09.2026","519.10","517.09","520.42","514.80","6.79M","3.39%"
"16.09.2026","502.06","506.71","510.37","496.81","8.36M","0.64%"
"15.09.2026","498.85","502.55","504.74","496.58","6.01M","0.29%"
"14.09.2026","497.40","497.17","503.18","495.15","11.27M","-5.63%"
"11.09.2026","527.07","525.23","531.04","521.13","5.67M","1.86%"
"10.09.2026","517.43","518.32","522.50","514.31","6.65M","-2.74%"
"09.09.2026","532.00","524.85","535.48","524.85","6.44M","0.68%"
"08.09.2026","528.40","530.49","534.28","525.49","8.83M","1.64%"
"04.09.2026","519.86","509.31","520.56","507.25","9.23M","3.52%"
"03.09.2026","502.20","496.64","503.32","489.21","6.45M","0.15%"
"02.09.2026","501.44","498.18","504.02","493.31","5.81M","0.23%"
"01.09.2026","500.31","501.43","504.71","495.09","8.05M","-2.10%"
"31.08.2026","511.04","509.82","514.33","507.03","6.25M","0.48%"
"28.08.2026","508.62","521.20","522.65","506.82","8.47M","-3.20%"
"27.08.2026","525.43","526.06","527.78","517.00","9.05M","1.95%"
"26.08.2026","515.40","512.09","516.39","509.26","4.32M","0.26%"
"25.08.2026","514.06","515.91","520.10","509.66","6.45M","1.56%"
"24.08.2026","506.18","511.97","512.10","498.93","7.83M","-2.67%"
"21.08.2026","520.05","528.15","528.99","514.66","6.26M","-0.44%"
"20.08.2026","522.35","518.38","525.43","515.26","6.27M","0.52%"
"19.08.2026","519.67","536.26","538.00","514.49","8.41M","-2.21%"
"18.08.2026","531.39","537.42","541.70","523.03","9.99M","-4.96%"
"17.08.2026","559.12","557.92","566.02","555.84","5.74M","1.58%"
"14.08.2026","550.42","549.58","552.89","542.93","4.31M","-0.06%"
"13.08.2026","550.74","547.14","562.25","546.40","5.94M","0.76%"
"12.08.2026","546.61","553.40","554.11","546.47","7.72M","2.32%"
"11.08.2026","534.20","537.91","539.05","530.10","7.18M","0.91%"
"10.08.2026","529.39","545.85","547.22","529.39","8.76M","-2.55%"
"07.08.2026","543.27","545.20","547.90","531.27","5.26M","2.02%"
"06.08.2026","532.52","522.66","542.56","516.41","7.65M","0.34%"
"05.08.2026","530.70","536.40","547.57","528.88","9.65M","-2.12%"
"04.08.2026","542.21","529.31","545.39","526.57","10.90M","6.80%"
"03.08.2026","507.68","491.92","510.95","485.71","10.30M","0.55%"
"31.07.2026","504.89","527.10","532.67","501.30","13.11M","0.07%"
"30.07.2026","504.53","491.57","509.98","488.01","17.48M","8.50%"
"29.07.2026","465.00","488.65","496.06","464.08","18.82M","-5.38%"
"28.07.2026","491.46","496.74","498.48","480.50","14.90M","-4.80%"
"27.07.2026","516.23","532.64","534.30","500.00","13.47M","-2.05%"
"24.07.2026","527.01","544.36","548.00","522.21","10.95M","-4.40%"
"23.07.2026","551.24","545.50","558.09","543.79","6.69M","-0.77%"
"22.07.2026","555.52","538.75","561.18","538.72","6.27M","0.51%"
"21.07.2026","552.69","549.09","555.16","540.15","10.08M","5.45%"
"20.07.2026","524.14","534.00","539.54","522.84","6.53M","0.45%"
"17.07.2026","521.81","508.55","533.19","498.54","15.58M","-1.64%"
"16.07.2026","530.50","539.05","545.55","525.43","10.34M","-4.46%"
"15.07.2026","555.27","575.12","575.88","538.53","10.20M","-2.23%"
"14.07.2026","567.92","580.51","580.67","560.24","7.37M","2.58%"
"13.07.2026","553.61","563.58","566.65","550.26","8.31M","-4.77%"
"10.07.2026","581.34","571.99","585.79","566.67","5.86M","-0.06%"
"09.07.2026","581.70","589.50","594.99","579.14","10.03M","3.50%"
"08.07.2026","562.03","544.66","564.50","543.87","7.20M","1.87%"
"07.07.2026","551.69","551.92","558.06","536.12","12.29M","-5.13%"
"06.07.2026","581.51","583.15","598.00","580.48","8.42M","2.68%"
"02.07.2026","566.32","601.23","608.11","554.91","16.15M","-5.57%"
"01.07.2026","599.70","616.82","622.89","597.88","9.98M","-6.41%"
"30.06.2026","640.76","616.15","644.94","616.15","10.11M","4.30%"
"29.06.2026","614.35","593.71","615.35","571.60","11.04M","4.14%"
"26.06.2026","589.94","601.44","605.89","588.51","11.02M","-5.64%"
"25.06.2026","625.20","637.33","638.47","598.83","12.79M","3.94%"
"24.06.2026","601.50","606.19","609.69","586.66","9.23M","-0.31%"
"23.06.2026","603.39","607.64","619.94","598.19","12.71M","-7.88%"
"22.06.2026","655.01","653.96","655.95","643.93","7.78M","2.43%"
"18.06.2026","639.45","626.52","644.43","626.15","9.67M","6.62%"
"17.06.2026","599.73","611.56","621.99","598.95","8.95M","1.44%"
"16.06.2026","591.24","623.84","629.64","590.63","11.20M","-5.92%"
"15.06.2026","628.45","622.61","629.72","618.45","8.17M","5.40%"
"12.06.2026","596.25","584.11","602.69","578.53","9.95M","1.59%"
"11.06.2026","586.93","555.42","588.00","554.81","12.30M","8.39%"
"10.06.2026","541.51","551.66","572.51","539.38","16.67M","-3.67%"
"09.06.2026","562.14","585.45","588.58","522.24","24.55M","-1.63%"
"08.06.2026","571.45","569.77","581.38","560.79","12.84M","5.87%"
"05.06.2026","539.77","577.86","580.50","539.57","22.38M","-10.44%"
"04.06.2026","602.72","587.64","611.26","577.54","11.45M","-2.10%"
"03.06.2026","615.68","616.21","618.84","598.01","8.56M","1.76%"
"02.06.2026","605.02","585.17","605.44","581.92","7.48M","5.79%"
"01.06.2026","571.93","563.67","577.99","557.38","7.00M","0.50%"
"29.05.2026","569.08","576.44","582.23","564.60","7.32M","-0.07%"
"28.05.2026","569.47","564.32","575.80","554.83","6.76M","0.97%"
"27.05.2026","563.98","584.38","584.50","551.89","11.41M","-1.07%"
"26.05.2026","570.09","556.99","572.95","555.41","8.93M","6.10%"
"22.05.2026","537.33","531.88","541.89","530.17","7.67M","2.41%"
"21.05.2026","524.71","518.17","526.78","515.00","6.75M","0.85%"
"20.05.2026","520.31","507.73","520.54","506.55","9.46M","4.74%"
"19.05.2026","496.74","484.40","506.04","477.95","12.22M","0.18%"
"18.05.2026","495.87","518.02","519.96","486.92","10.00M","-2.49%"
"15.05.2026","508.52","511.67","518.79","506.26","9.39M","-4.06%"
"14.05.2026","530.03","526.49","533.13","522.21","5.21M","0.33%"
"13.05.2026","528.29","527.61","532.25","515.94","7.35M","2.38%"
"12.05.2026","515.99","520.85","525.15","495.71","14.66M","-3.15%"
"11.05.2026","532.76","524.08","533.74","521.66","7.49M","2.39%"
"08.05.2026","520.30","504.24","520.46","502.75","7.75M","5.67%"
"07.05.2026","492.36","502.93","503.68","488.13","9.91M","-2.86%"
"06.05.2026","506.87","497.96","506.94","487.86","9.77M","5.00%"
"05.05.2026","482.73","471.14","486.18","470.23","7.20M","4.47%"
"04.05.2026","462.06","467.93","469.61","457.81","5.23M","-0.79%"
"01.05.2026","465.75","458.47","466.91","455.07","4.16M","0.93%"
"30.04.2026","461.44","455.70","462.14","449.34","5.17M","2.54%"
"29.04.2026","449.99","445.26","450.37","442.41","5.97M","2.57%"
"28.04.2026","438.71","437.63","446.14","431.74","11.01M","-3.67%"
"27.04.2026","455.41","461.75","463.00","448.93","8.92M","-1.34%"
"24.04.2026","461.60","457.59","463.87","450.97","9.07M","4.67%"
"23.04.2026","441.00","435.34","446.64","434.04","10.81M","2.14%"
"22.04.2026","431.77","427.26","432.16","422.82","6.56M","2.63%"
"21.04.2026","420.70","420.40","423.35","416.67","3.68M","0.75%"
"20.04.2026","417.55","417.43","418.86","411.79","3.49M","0.44%"
"17.04.2026","415.71","413.38","415.73","409.58","5.73M","2.40%"
"16.04.2026","405.95","400.60","407.48","397.99","4.40M","1.02%"
"15.04.2026","401.86","400.31","402.09","392.39","5.57M","0.15%"
"14.04.2026","401.24","397.83","401.44","393.51","5.20M","2.01%"
"13.04.2026","393.34","384.88","393.57","384.37","4.38M","1.74%"
"10.04.2026","386.60","382.67","389.60","382.67","5.60M","2.10%"
"09.04.2026","378.63","371.30","378.95","371.30","6.04M","2.22%"
"08.04.2026","370.40","367.89","371.15","362.13","9.87M","6.51%"
"07.04.2026","347.76","343.04","347.94","338.47","4.03M","1.06%"
"06.04.2026","344.10","341.52","345.77","339.92","3.11M","1.32%"
"02.04.2026","339.61","325.11","340.39","325.03","6.52M","0.32%"
"01.04.2026","338.54","333.49","342.65","332.35","10.13M","3.01%"
"31.03.2026","328.66","315.60","329.18","314.88","14.04M","6.09%"
"30.03.2026","309.79","326.75","327.63","307.26","13.20M","-4.23%"
"27.03.2026","323.48","326.84","329.95","322.16","6.33M","-1.63%"
"26.03.2026","328.85","339.45","339.89","328.52","10.17M","-4.75%"
"25.03.2026","345.25","344.17","347.68","342.14","5.87M","1.24%"
"24.03.2026","341.02","333.79","343.22","333.62","5.29M","1.32%"
"23.03.2026","336.59","340.11","344.93","335.12","8.15M","1.23%"
"20.03.2026","332.51","339.71","341.25","327.94","9.44M","-2.26%"
"19.03.2026","340.20","328.76","342.77","326.76","8.29M","0.56%"
"18.03.2026","338.29","340.52","343.44","338.29","6.36M","-0.58%"
"17.03.2026","340.25","340.56","341.16","336.79","4.47M","0.72%"
"16.03.2026","337.83","338.89","342.04","336.32","8.02M","1.96%"
"13.03.2026","331.32","333.88","338.40","329.79","6.45M","0.34%"
"12.03.2026","330.19","337.34","337.55","328.64","8.01M","-3.48%"
"11.03.2026","342.09","340.50","345.40","340.45","6.22M","0.97%"
"10.03.2026","338.81","336.31","345.56","336.31","7.47M","0.73%"
"09.03.2026","336.37","318.31","337.17","316.22","9.82M","3.98%"
"06.03.2026","323.51","328.40","335.04","321.49","8.73M","-4.22%"
"05.03.2026","337.76","338.90","343.72","330.57","7.24M","-1.11%"
"04.03.2026","341.54","339.96","343.81","336.79","10.65M","2.02%"
"03.03.2026","334.78","338.09","339.31","330.89","17.95M","-4.91%"
"02.03.2026","352.05","343.79","352.33","343.34","7.28M","-0.07%"
"27.02.2026","352.29","349.60","354.03","348.34","6.25M","-1.26%"
"26.02.2026","356.80","366.38","366.48","350.41","13.33M","-3.04%"
"25.02.2026","368.00","366.20","368.82","365.51","4.54M","1.65%"
"24.02.2026","362.04","361.60","364.74","358.04","6.21M","1.46%"
"23.02.2026","356.82","357.57","360.38","352.85","6.34M","-0.73%"
"20.02.2026","359.43","353.59","361.33","352.80","6.01M","1.01%"
"19.02.2026","355.84","354.17","356.32","351.77","5.58M","-0.58%"
"18.02.2026","357.92","355.82","361.67","353.60","5.68M","1.08%"
"17.02.2026","354.10","349.80","357.10","345.32","4.07M","-0.16%"
"13.02.2026","354.66","352.80","357.61","348.67","5.96M","0.90%"
"12.02.2026","351.50","363.45","365.38","351.05","9.49M","-2.42%"
"11.02.2026","360.20","358.82","362.28","351.40","7.50M","2.50%"
"10.02.2026","351.43","353.52","355.04","348.12","6.25M","-0.38%"
"09.02.2026","352.77","344.84","354.74","343.88","7.09M","1.22%"
"06.02.2026","348.51","337.39","349.56","335.87","9.10M","5.34%"
"05.02.2026","330.83","326.54","335.47","324.04","10.41M","0.14%"
"04.02.2026","330.38","342.18","345.39","323.33","15.23M","-4.42%"
"03.02.2026","345.64","355.90","357.12","338.09","8.37M","-2.00%"
"02.02.2026","352.69","342.37","356.11","341.90","7.76M","1.85%"
"30.01.2026","346.30","356.00","360.19","343.71","8.72M","-4.11%"
"29.01.2026","361.13","361.18","363.80","347.72","8.45M","0.19%"
"28.01.2026","360.46","358.53","362.04","356.71","5.36M","2.67%"
"27.01.2026","351.08","348.16","353.20","346.65","5.29M","2.33%"
"26.01.2026","343.07","343.29","345.50","341.13","4.46M","-0.48%"
"23.01.2026","344.71","346.39","348.03","342.17","4.34M","-1.14%"
"22.01.2026","348.67","354.36","354.60","347.37","4.66M","0.15%"
"21.01.2026","348.14","341.84","351.33","340.30","7.20M","3.20%"
"20.01.2026","337.35","336.20","343.19","335.96","6.23M","-1.50%"
"16.01.2026","342.47","343.51","345.41","340.22","5.13M","1.56%"
"15.01.2026","337.22","343.10","344.55","337.22","6.53M","1.60%"
"14.01.2026","331.90","331.03","331.99","327.17","5.47M","-0.42%"
"13.01.2026","333.30","332.85","336.42","331.89","3.84M","0.89%"
"12.01.2026","330.35","325.70","331.38","325.53","5.16M","0.48%"
"09.01.2026","328.78","322.80","330.67","321.11","7.32M","2.88%"
"08.01.2026","319.58","324.19","324.19","316.40","5.41M","-1.63%"
"07.01.2026","324.89","325.05","325.95","322.11","4.53M","-1.05%"
"06.01.2026","328.35","322.07","329.15","322.00","7.58M","3.24%"
"05.01.2026","318.06","320.70","322.64","316.88","7.92M","1.39%"
"02.01.2026","313.69","308.56","315.81","308.56","8.49M","4.16%"
"31.12.2025","301.15","305.64","306.12","301.11","2.95M","-1.24%"
"30.12.2025","304.92","306.08","307.48","304.70","2.98M","-0.13%"
"29.12.2025","305.32","303.37","306.46","301.89","3.62M","-0.24%"
"26.12.2025","306.04","307.40","307.54","305.29","1.86M","-0.03%"
"24.12.2025","306.14","304.99","306.50","304.71","1.72M","0.39%"
"23.12.2025","304.96","302.21","305.12","301.37","2.71M","0.37%"
"22.12.2025","303.84","306.73","306.94","302.55","4.02M","1.34%"
"19.12.2025","299.81","294.67","301.69","294.50","5.07M","2.66%"
"18.12.2025","292.04","295.72","296.96","290.83","6.74M","2.39%"
"17.12.2025","285.23","297.32","298.18","284.43","10.42M","-3.70%"
"16.12.2025","296.20","296.70","298.92","293.08","5.85M","-0.61%"
"15.12.2025","298.01","302.60","303.50","297.23","5.24M","-0.49%"
"12.12.2025","299.48","310.80","311.60","297.96","13.81M","-4.78%"
"11.12.2025","314.52","312.80","314.77","305.79","6.50M","-0.57%"
"10.12.2025","316.33","312.01","317.35","310.56","5.09M","1.33%"
"09.12.2025","312.18","310.78","312.85","309.43","2.78M","-0.19%"
"08.12.2025","312.76","311.92","314.08","309.86","3.62M","1.09%"
"05.12.2025","309.40","309.30","312.83","308.93","4.34M","1.02%"
"04.12.2025","306.28","307.84","308.27","304.59","4.64M","-1.00%"
"03.12.2025","309.36","304.50","309.57","301.46","3.87M","2.15%"
"02.12.2025","302.84","300.45","304.84","298.69","5.09M","1.99%"
"01.12.2025","296.92","292.87","299.42","292.53","3.93M","0.06%"
"28.11.2025","296.74","293.25","296.99","291.83","3.04M","1.84%"
"26.11.2025","291.39","286.72","294.08","286.61","5.82M","2.75%"
"25.11.2025","283.58","278.95","284.34","272.76","5.94M","0.31%"
"24.11.2025","282.70","273.78","284.05","273.61","6.42M","4.38%"
"21.11.2025","270.83","268.27","274.76","260.44","15.36M","1.02%"
"20.11.2025","268.10","288.90","289.99","267.00","13.40M","-4.80%"
"19.11.2025","281.61","278.14","285.14","276.82","5.11M","1.67%"
"18.11.2025","276.98","279.54","281.40","274.09","11.10M","-2.32%"
"17.11.2025","283.56","286.07","291.53","280.24","8.19M","-1.72%"
"14.11.2025","288.52","280.62","292.80","279.41","7.14M","-0.30%"
"13.11.2025","289.38","295.94","297.13","286.45","10.98M","-3.43%"
"12.11.2025","299.67","300.22","301.69","297.50","4.14M","1.53%"
"11.11.2025","295.15","299.04","300.02","294.69","5.88M","-2.27%"
"10.11.2025","302.00","302.44","303.36","298.54","6.03M","2.59%"
"07.11.2025","294.38","292.64","294.45","283.59","13.80M","-1.05%"
"06.11.2025","297.50","305.00","305.89","295.35","8.55M","-2.61%"
"05.11.2025","305.47","297.21","309.17","296.89","4.95M","3.11%"
"04.11.2025","296.26","300.34","304.74","295.55","5.29M","-3.93%"
"03.11.2025","308.38","310.40","311.75","307.13","3.75M","0.60%"
"31.10.2025","306.55","308.70","311.32","304.26","5.16M","0.37%"
"30.10.2025","305.41","307.94","311.12","305.38","4.63M","-1.35%"
"29.10.2025","309.60","309.86","312.79","306.97","4.50M","1.69%"
"28.10.2025","304.45","303.46","305.97","302.38","4.16M","0.12%"
"27.10.2025","304.08","301.43","305.01","300.40","5.17M","2.78%"
"24.10.2025","295.86","296.33","298.22","295.44","4.62M","1.65%"
"23.10.2025","291.06","282.49","291.86","282.25","5.37M","2.44%"
"22.10.2025","284.13","288.11","289.83","278.46","7.88M","-2.47%"
"21.10.2025","291.33","292.50","292.70","289.22","3.97M","-0.56%"
"20.10.2025","292.97","290.61","295.00","290.49","5.83M","1.67%"
"17.10.2025","288.17","286.89","289.64","283.72","6.26M","-0.28%"
"16.10.2025","288.98","291.08","292.26","285.94","7.41M","0.47%"
"15.10.2025","287.64","286.25","288.02","281.84","7.60M","3.09%"
"14.10.2025","279.03","278.50","284.77","277.36","8.48M","-2.05%"
"13.10.2025","284.87","282.78","285.95","280.34","8.70M","4.74%"
"10.10.2025","271.99","290.82","291.63","271.46","26.69M","-6.27%"
"09.10.2025","290.19","291.08","291.61","287.47","7.60M","-0.46%"
"08.10.2025","291.54","281.99","291.86","281.48","9.30M","3.42%"
"07.10.2025","281.91","290.98","291.48","281.53","9.95M","-2.24%"
"06.10.2025","288.36","290.99","292.51","288.35","11.27M","3.00%"
"03.10.2025","279.96","282.95","284.34","278.48","8.63M","-0.61%"
"02.10.2025","281.69","281.50","282.54","279.61","7.25M","1.94%"
"01.10.2025","276.34","269.38","276.70","268.88","9.34M","1.93%"
"30.09.2025","271.12","268.85","271.45","267.76","7.09M","0.81%"
"29.09.2025","268.93","271.72","272.80","268.86","5.95M","0.04%"
"26.09.2025","268.83","268.53","269.42","265.74","7.24M","0.22%"
"25.09.2025","268.24","264.58","268.94","261.80","11.16M","-0.32%"
"24.09.2025","269.10","268.74","269.76","265.61","7.83M","-0.15%"
"23.09.2025","269.51","270.79","272.13","267.91","6.07M","-0.12%"
"22.09.2025","269.83","266.65","270.66","266.58","5.72M","1.49%"
"19.09.2025","265.86","267.30","267.40","263.60","5.84M","-0.64%"
"18.09.2025","267.57","265.06","268.98","264.14","12.60M","3.50%"
"17.09.2025","258.53","257.94","260.74","254.83","6.57M","-0.02%"
"16.09.2025","258.58","258.29","259.05","256.58","7.54M","0.30%"
"15.09.2025","257.80","255.20","257.84","254.53","7.24M","0.84%"
"12.09.2025","255.64","255.81","256.40","254.16","7.14M","0.18%"
"11.09.2025","255.19","254.81","256.51","254.62","10.29M","0.69%"
"10.09.2025","253.45","253.03","254.21","251.86","13.40M","1.76%"
"09.09.2025","249.06","249.10","249.68","247.23","9.31M","0.08%"
"08.09.2025","248.85","248.40","249.92","247.56","10.29M","0.73%"
"05.09.2025","247.05","247.85","248.50","244.13","17.11M","1.18%"
"04.09.2025","244.17","240.06","244.52","238.75","11.84M","1.03%"
"03.09.2025","241.68","243.23","243.42","239.23","5.47M","-0.47%"
"02.09.2025","242.83","238.67","242.93","238.15","6.66M","-1.02%"
"29.08.2025","245.32","248.94","248.94","244.17","8.67M","-2.86%"
"28.08.2025","252.55","252.32","254.32","250.90","5.06M","0.48%"
"27.08.2025","251.34","249.88","251.66","248.82","4.20M","0.20%"
"26.08.2025","250.85","249.57","251.61","249.51","3.76M","0.94%"
"25.08.2025","248.51","248.85","249.63","247.27","3.65M","-0.23%"
"22.08.2025","249.09","243.12","251.99","242.44","6.53M","2.78%"
"21.08.2025","242.36","242.47","244.12","241.00","4.58M","-0.57%"
"20.08.2025","243.74","244.63","244.63","237.10","9.42M","-0.58%"
"19.08.2025","245.15","249.07","250.04","244.72","3.51M","-1.57%"
"18.08.2025","249.05","247.54","249.34","247.48","4.98M","0.29%"
"15.08.2025","248.32","252.19","252.27","247.62","6.84M","-2.29%"
"14.08.2025","254.14","250.36","255.06","250.05","5.32M","0.10%"
"13.08.2025","253.88","252.13","254.10","251.04","6.02M","1.49%"
"12.08.2025","250.16","244.24","250.38","242.71","10.10M","3.20%"
"11.08.2025","242.41","243.78","246.51","241.95","4.13M","-0.19%"
"08.08.2025","242.87","241.01","243.18","240.29","5.30M","0.84%"
"07.08.2025","240.84","242.04","243.37","238.89","6.07M","1.65%"
"06.08.2025","236.93","236.56","237.46","233.67","4.97M","-0.75%"
"05.08.2025","238.73","241.76","242.45","235.88","5.15M","-0.69%"
"04.08.2025","240.40","238.76","240.85","237.77","6.19M","1.33%"
"01.08.2025","237.24","235.51","239.61","232.33","8.55M","-1.16%"
"31.07.2025","240.03","245.04","245.29","237.66","9.42M","-3.19%"
"30.07.2025","247.95","248.36","249.50","245.87","5.30M","0.71%"
"29.07.2025","246.19","247.29","249.53","244.50","5.30M","0.18%"
"28.07.2025","245.75","244.21","246.00","243.91","6.43M","1.74%"
"25.07.2025","241.54","240.10","241.67","239.10","3.51M","-0.01%"
"24.07.2025","241.56","241.59","242.09","239.46","4.17M","-0.21%"
"23.07.2025","242.06","241.71","242.40","239.06","5.95M","-0.61%"
"22.07.2025","243.54","246.04","246.50","240.69","6.87M","-1.38%"
"21.07.2025","246.95","247.35","250.19","246.95","4.67M","0.09%"
"18.07.2025","246.73","247.95","248.37","244.88","3.76M","0.08%"
"17.07.2025","246.53","245.54","247.13","243.90","4.80M","0.38%"
"16.07.2025","245.59","244.28","245.67","239.21","8.35M","-0.27%"
"15.07.2025","246.26","248.79","249.96","246.10","6.04M","1.00%"
"14.07.2025","243.83","244.15","244.74","240.35","5.52M","-0.95%"
"11.07.2025","246.17","245.01","247.07","244.05","2.65M","-0.15%"
"10.07.2025","246.55","246.41","247.52","244.27","4.87M","1.00%"
"09.07.2025","244.12","244.01","246.53","241.88","4.42M","0.32%"
"08.07.2025","243.34","241.06","245.40","240.11","7.28M","1.91%"
"07.07.2025","238.78","241.29","242.13","237.75","4.86M","-1.87%"
"03.07.2025","243.34","243.15","244.20","242.70","3.07M","0.50%"
"02.07.2025","242.14","237.09","243.12","237.00","5.98M","1.90%"
"01.07.2025","237.62","236.70","239.18","234.08","10.89M","-0.45%"
"30.06.2025","238.70","240.16","240.16","237.56","4.93M","-0.07%"
"27.06.2025","238.86","239.31","241.23","236.37","4.52M","-0.09%"
"26.06.2025","239.07","239.04","239.65","237.18","4.35M","0.78%"
"25.06.2025","237.21","236.66","237.24","234.80","5.25M","0.90%"
"24.06.2025","235.10","230.57","235.36","230.46","7.02M","3.79%"
"23.06.2025","226.51","225.01","227.89","221.86","7.12M","0.62%"
"20.06.2025","225.11","228.79","229.08","222.16","8.20M","-0.64%"
"18.06.2025","226.56","226.85","229.19","225.10","6.66M","0.41%"
"17.06.2025","225.64","226.45","229.64","225.48","7.29M","-0.79%"
"16.06.2025","227.44","223.59","228.58","223.24","5.77M","2.93%"
"13.06.2025","220.96","221.99","224.58","220.30","10.48M","-2.61%"
"12.06.2025","226.87","224.94","228.00","224.60","5.15M","0.14%"
"11.06.2025","226.56","228.90","229.80","224.27","10.41M","-0.33%"
"10.06.2025","227.32","223.54","228.08","222.99","7.68M","2.18%"
"09.06.2025","222.46","219.32","224.41","219.13","7.71M","2.36%"
"06.06.2025","217.34","218.00","220.23","217.21","7.58M","0.67%"
"05.06.2025","215.89","218.47","220.28","214.41","10.94M","-0.42%"
"04.06.2025","216.80","215.39","217.62","213.54","7.34M","1.49%"
"03.06.2025","213.62","208.15","214.14","206.71","8.91M","2.69%"
"02.06.2025","208.03","204.42","208.83","204.29","6.03M","1.51%"
"30.05.2025","204.94","207.82","207.87","201.12","10.78M","-1.98%"
"29.05.2025","209.09","213.02","213.17","207.75","8.60M","0.41%"
"28.05.2025","208.24","209.84","210.46","207.75","6.77M","-0.50%"
"27.05.2025","209.29","206.96","210.23","205.27","6.06M","3.32%"
"23.05.2025","202.56","200.47","203.66","199.93","9.53M","-1.55%"
"22.05.2025","205.75","207.52","209.47","205.58","5.40M","-0.92%"
"21.05.2025","207.67","209.75","213.90","206.35","5.01M","-1.83%"
"20.05.2025","211.54","210.04","211.62","209.41","2.97M","-0.15%"
"19.05.2025","211.85","208.22","212.39","208.17","5.33M","-0.60%"
"16.05.2025","213.13","213.56","213.56","210.68","2.52M","-0.13%"
"15.05.2025","213.41","212.69","215.00","210.91","4.22M","-0.64%"
"14.05.2025","214.79","215.21","216.70","213.21","4.16M","0.48%"
"13.05.2025","213.76","208.70","214.82","208.41","5.69M","2.83%"
"12.05.2025","207.87","206.80","209.39","204.99","10.68M","7.18%"
"09.05.2025","193.94","194.48","195.63","192.28","2.81M","1.15%"
"08.05.2025","191.74","192.51","195.04","190.47","3.46M","0.89%"
"07.05.2025","190.04","186.58","190.58","184.81","3.00M","1.75%"
"06.05.2025","186.77","185.26","188.25","184.27","2.84M","-0.95%"
"05.05.2025","188.57","188.19","190.46","187.93","3.32M","-0.77%"
"02.05.2025","190.03","187.95","191.87","187.83","4.58M","3.51%"
"01.05.2025","183.59","186.00","187.35","183.47","4.00M","-0.14%"
"30.04.2025","183.84","178.00","184.38","176.77","3.58M","0.73%"
"29.04.2025","182.51","182.24","184.54","181.25","3.53M","-1.07%"
"28.04.2025","184.48","183.89","185.76","180.44","2.88M","-0.18%"
"25.04.2025","184.81","181.20","186.12","180.66","4.22M","0.97%"
"24.04.2025","183.03","177.80","183.56","176.54","6.87M","5.75%"
"23.04.2025","173.07","175.25","177.14","172.35","7.32M","3.75%"
"22.04.2025","166.82","165.23","168.02","164.62","5.00M","1.94%"
"21.04.2025","163.64","163.14","163.90","160.26","4.77M","-1.75%"
"17.04.2025","166.55","168.57","168.75","164.81","4.92M","-0.50%"
"16.04.2025","167.39","166.33","169.58","161.83","10.20M","-3.86%"
"15.04.2025","174.11","174.32","176.63","173.25","3.20M","0.41%"
"14.04.2025","173.40","177.55","177.55","170.79","5.66M","0.66%"
"11.04.2025","172.26","166.98","173.11","164.42","9.89M","2.16%"
"10.04.2025","168.61","174.56","175.65","162.39","14.50M","-8.17%"
"09.04.2025","183.62","156.10","185.56","154.94","23.54M","18.57%"
"08.04.2025","154.86","167.64","169.85","151.11","11.02M","-3.97%"
"07.04.2025","161.27","152.03","170.42","148.31","18.69M","2.31%"
"04.04.2025","157.63","163.92","165.76","154.61","13.99M","-7.47%"
"03.04.2025","170.36","179.75","181.14","169.99","9.98M","-10.09%"
"02.04.2025","189.48","185.39","192.02","184.73","2.78M","0.64%"
"01.04.2025","188.27","187.45","188.34","183.80","3.11M","0.05%"
"31.03.2025","188.17","184.70","188.30","182.12","3.84M","-0.27%"
"28.03.2025","188.68","193.29","194.24","187.44","4.12M","-3.02%"
"27.03.2025","194.56","195.87","197.04","193.38","3.55M","-1.97%"
"26.03.2025","198.47","203.22","204.06","196.44","3.69M","-2.80%"
"25.03.2025","204.19","205.05","205.71","203.56","1.42M","-0.54%"
"24.03.2025","205.30","203.57","206.66","203.33","3.95M","2.97%"
"21.03.2025","199.38","197.94","200.14","196.37","2.87M","-1.05%"
"20.03.2025","201.49","200.52","203.72","200.36","2.27M","-0.80%"
"19.03.2025","203.11","201.49","206.43","200.00","2.33M","0.81%"
"18.03.2025","201.47","202.11","203.05","200.18","2.47M","-1.45%"
"17.03.2025","204.44","200.31","206.26","200.21","2.74M","1.65%"
"14.03.2025","201.12","198.50","201.71","198.32","3.70M","3.09%"
"13.03.2025","195.10","196.07","199.24","193.18","2.50M","-0.50%"
"12.03.2025","196.08","196.70","198.69","194.32","3.14M","2.06%"
"11.03.2025","192.12","194.52","196.31","189.11","3.78M","-1.18%"
"10.03.2025","194.42","198.82","200.28","191.56","5.41M","-4.63%"
"07.03.2025","203.85","198.80","204.54","196.48","3.71M","2.93%"
"06.03.2025","198.04","199.58","203.72","197.33","5.09M","-4.16%"
"05.03.2025","206.63","204.54","207.29","200.57","3.31M","2.16%"
"04.03.2025","202.27","200.80","207.62","196.70","5.49M","0.56%"
"03.03.2025","201.15","211.51","211.65","199.32","5.07M","-3.53%"
"28.02.2025","208.52","205.37","210.05","203.12","3.72M","1.59%"
"27.02.2025","205.25","219.18","219.50","204.92","4.35M","-5.82%"
"26.02.2025","217.94","216.95","219.80","215.58","2.56M","1.74%"
"25.02.2025","214.21","218.45","219.22","213.58","3.51M","-2.06%"
"24.02.2025","218.72","224.97","225.34","218.54","3.37M","-2.35%"
"21.02.2025","223.98","231.76","231.85","223.13","2.95M","-3.07%"
"20.02.2025","231.07","231.99","233.44","228.75","2.64M","0.23%"
"19.02.2025","230.53","227.15","231.62","226.26","2.64M","1.66%"
"18.02.2025","226.76","224.70","227.47","223.47","3.61M","1.65%"
"14.02.2025","223.07","222.82","223.77","221.92","1.57M","0.10%"
"13.02.2025","222.84","219.95","222.99","219.88","2.55M","1.23%"
"12.02.2025","220.14","216.44","220.22","215.95","2.02M","0.11%"
"11.02.2025","219.90","217.89","221.17","217.89","1.55M","0.09%"
"10.02.2025","219.70","218.45","220.25","218.42","2.70M","1.30%"
"07.02.2025","216.87","220.81","222.08","215.39","3.30M","-1.56%"
"06.02.2025","220.30","219.05","220.70","217.88","3.11M","-0.13%"
"05.02.2025","220.59","215.83","221.04","214.48","2.20M","1.94%"
"04.02.2025","216.40","213.72","217.27","213.43","3.74M","1.03%"
"03.02.2025","214.20","212.39","216.85","210.96","3.65M","-1.80%"
"31.01.2025","218.13","219.99","224.29","217.47","3.87M","-0.28%"
"30.01.2025","218.74","217.01","219.99","215.76","4.65M","2.03%"
"29.01.2025","214.38","215.56","216.18","212.15","2.43M","0.41%"
"28.01.2025","213.50","213.62","214.77","208.98","9.12M","0.45%"
"27.01.2025","212.55","219.00","219.61","209.74","16.94M","-7.84%"
"24.01.2025","230.64","235.48","235.48","229.71","2.23M","-2.01%"
"23.01.2025","235.37","232.03","235.38","231.18","2.57M","-0.19%"
"22.01.2025","235.81","234.83","238.34","234.32","3.46M","1.45%"
"21.01.2025","232.45","231.81","234.58","229.80","3.20M","1.18%"
"17.01.2025","229.74","228.58","230.32","227.36","3.79M","2.77%"
"16.01.2025","223.54","227.25","227.79","223.53","3.03M","0.15%"
"15.01.2025","223.21","222.48","224.65","221.67","2.90M","1.94%"
"14.01.2025","218.96","219.35","220.75","216.12","1.49M","0.66%"
"13.01.2025","217.53","213.85","217.84","213.66","2.31M","-0.31%"
"10.01.2025","218.20","220.74","220.88","216.78","4.04M","-2.39%"
"08.01.2025","223.54","225.05","225.46","221.11","3.14M","-1.00%"
"07.01.2025","225.79","231.70","231.89","224.56","3.69M","-1.36%"
"06.01.2025","228.91","227.26","231.80","227.26","4.18M","2.89%"
"03.01.2025","222.47","218.25","223.04","217.96","2.62M","2.61%"
"02.01.2025","216.82","217.68","220.22","214.96","2.41M","0.62%"
"31.12.2024","215.49","217.93","218.82","214.64","1.35M","-0.82%"
"30.12.2024","217.28","217.84","219.31","215.67","2.57M","-1.97%"
"27.12.2024","221.64","222.19","222.72","218.85","1.93M","-0.85%"
"26.12.2024","223.53","221.98","224.95","221.69","1.31M","-0.03%"
"24.12.2024","223.60","222.78","223.68","221.35","1.25M","1.03%"
"23.12.2024","221.32","216.47","221.60","216.47","3.04M","3.03%"
"20.12.2024","214.82","210.81","217.78","210.30","4.68M","1.34%"
"19.12.2024","211.97","216.09","216.56","211.45","3.26M","-1.68%"
"18.12.2024","215.59","225.35","227.16","213.95","4.43M","-3.70%"
"17.12.2024","223.87","224.84","226.18","222.56","2.40M","-1.57%"
"16.12.2024","227.44","224.01","228.58","222.39","4.77M","1.85%"
"13.12.2024","223.30","222.30","224.66","220.01","3.72M","2.79%"
"12.12.2024","217.24","217.39","218.18","215.46","2.68M","-0.78%"
"11.12.2024","218.94","216.73","220.23","215.40","3.23M","2.51%"
"10.12.2024","213.57","219.43","219.57","212.19","2.57M","-2.38%"
"09.12.2024","218.77","218.50","221.54","217.38","1.57M","-0.48%"
"06.12.2024","219.83","218.60","220.38","218.00","1.82M","0.60%"
"05.12.2024","218.51","222.33","222.66","217.89","2.42M","-1.89%"
"04.12.2024","222.72","224.15","224.32","221.14","2.68M","1.32%"
"03.12.2024","219.81","219.65","221.06","219.02","1.91M","-0.57%"
"02.12.2024","221.06","216.70","222.47","216.52","3.71M","2.63%"
"29.11.2024","215.40","214.12","218.02","214.08","2.51M","1.34%"
"27.11.2024","212.56","214.25","214.41","208.89","3.12M","-1.34%"
"26.11.2024","215.45","220.00","220.59","213.77","2.78M","-1.30%"
"25.11.2024","218.28","218.97","220.30","216.88","2.79M","0.98%"
"22.11.2024","216.17","215.62","216.70","214.56","2.67M","0.04%"
"21.11.2024","216.08","215.05","217.26","210.90","4.25M","1.58%"
"20.11.2024","212.71","213.07","213.68","209.65","4.00M","-0.77%"
"19.11.2024","214.35","213.33","214.81","212.47","2.36M","0.19%"
"18.11.2024","213.94","211.15","214.33","210.24","2.44M","1.29%"
"15.11.2024","211.21","214.57","215.67","210.59","4.75M","-3.22%"
"14.11.2024","218.24","220.50","221.37","217.84","2.52M","-0.06%"
"13.11.2024","218.37","221.50","222.13","217.97","3.06M","-2.12%"
"12.11.2024","223.11","224.78","225.15","220.15","3.26M","-1.09%"
"11.11.2024","225.57","229.18","229.18","222.78","4.25M","-2.50%"
"08.11.2024","231.36","231.83","233.19","230.14","1.77M","-0.75%"
"07.11.2024","233.10","231.83","233.40","231.32","3.15M","2.08%"
"06.11.2024","228.34","226.36","229.17","224.31","3.64M","2.92%"
"05.11.2024","221.87","219.41","222.07","219.14","2.27M","1.17%"
"04.11.2024","219.31","219.93","222.46","218.50","1.73M","-0.58%"
"01.11.2024","220.58","220.02","222.76","219.31","2.13M","1.06%"
"31.10.2024","218.26","224.90","224.99","216.56","6.12M","-3.88%"
"30.10.2024","227.07","229.29","230.74","226.98","4.32M","-3.53%"
"29.10.2024","235.37","229.92","236.46","228.86","3.14M","2.46%"
"28.10.2024","229.72","229.50","231.30","228.37","1.51M","0.06%"
"25.10.2024","229.58","229.45","233.07","229.37","2.21M","1.00%"
"24.10.2024","227.30","228.07","228.21","225.58","2.25M","0.56%"
"23.10.2024","226.04","227.65","228.51","222.87","2.26M","-0.89%"
"22.10.2024","228.08","227.68","228.81","226.28","2.48M","-0.37%"
"21.10.2024","228.93","228.44","229.54","225.98","2.03M","-0.19%"
"18.10.2024","229.36","231.30","231.31","228.42","1.64M","0.09%"
"17.10.2024","229.15","233.30","233.87","229.15","2.41M","0.79%"
"16.10.2024","227.36","230.12","230.12","226.40","3.78M","0.00%"
"15.10.2024","227.36","239.24","240.47","225.72","6.42M","-5.19%"
"14.10.2024","239.80","236.96","240.29","236.81","2.14M","1.84%"
"11.10.2024","235.46","231.79","236.19","231.67","4.57M","0.84%"
"10.10.2024","233.50","231.99","234.79","230.65","1.89M","-0.70%"
"09.10.2024","235.15","232.49","235.48","230.88","2.02M","1.04%"
"08.10.2024","232.72","230.45","233.54","228.94","2.51M","0.99%"
"07.10.2024","230.45","229.60","232.26","228.77","2.01M","-0.27%"
"04.10.2024","231.08","232.49","232.88","228.38","2.69M","1.37%"
"03.10.2024","227.96","225.36","230.83","225.21","2.11M","0.36%"
"02.10.2024","227.15","224.57","229.65","223.26","1.76M","1.35%"
"01.10.2024","224.13","230.50","231.20","222.33","3.93M","-2.80%"
"30.09.2024","230.59","229.79","232.11","227.30","2.69M","-0.90%"
"27.09.2024","232.68","237.15","237.18","231.47","2.30M","-1.59%"
"26.09.2024","236.43","237.72","238.38","230.29","5.54M","3.57%"
"25.09.2024","228.27","225.98","229.77","225.85","2.19M","0.44%"
"24.09.2024","227.26","226.55","228.63","223.97","4.31M","1.21%"
"23.09.2024","224.54","224.75","225.55","222.95","2.45M","0.39%"
"20.09.2024","223.67","224.71","225.57","220.44","4.55M","-1.46%"
"19.09.2024","226.99","225.97","230.06","224.16","4.62M","4.26%"
"18.09.2024","217.72","221.18","224.21","217.50","4.67M","-1.10%"
"17.09.2024","220.15","222.65","223.17","218.23","2.30M","0.12%"
"16.09.2024","219.88","219.67","221.00","217.04","2.47M","-1.33%"
"13.09.2024","222.85","220.85","223.45","220.32","5.27M","1.79%"
"12.09.2024","218.94","218.70","220.97","215.63","4.74M","-0.44%"
"11.09.2024","219.91","211.59","220.34","207.17","6.52M","4.64%"
"10.09.2024","210.15","208.34","210.38","204.96","2.39M","1.05%"
"09.09.2024","207.96","207.24","208.68","204.56","4.08M","1.98%"
"06.09.2024","203.93","211.45","211.61","202.86","5.60M","-4.28%"
"05.09.2024","213.05","211.20","216.38","210.86","3.99M","-0.54%"
"04.09.2024","214.20","211.11","217.49","210.52","4.44M","0.33%"
"03.09.2024","213.50","226.80","226.83","212.28","7.21M","-7.63%"
"30.08.2024","231.14","230.56","231.75","227.28","3.25M","2.61%"
"29.08.2024","225.25","227.10","231.02","224.21","4.08M","-0.29%"
"28.08.2024","225.90","229.09","230.70","223.62","3.48M","-1.80%"
"27.08.2024","230.05","225.88","230.81","223.81","2.02M","1.11%"
"26.08.2024","227.53","232.47","233.21","226.70","2.15M","-2.51%"
"23.08.2024","233.39","230.92","235.00","229.70","3.45M","2.68%"
"22.08.2024","227.30","236.70","237.50","226.62","2.97M","-3.42%"
"21.08.2024","235.34","233.21","236.51","232.64","1.83M","1.42%"
"20.08.2024","232.05","233.95","235.55","230.27","2.59M","-1.32%"
"19.08.2024","235.16","230.33","235.20","227.66","2.20M","1.70%"
"16.08.2024","231.23","229.59","232.22","228.03","3.97M","-0.21%"
"15.08.2024","231.72","226.07","232.62","225.04","4.33M","4.81%"
"14.08.2024","221.09","223.65","224.54","217.49","3.77M","-0.25%"
"13.08.2024","221.65","215.99","221.98","214.67","4.53M","4.06%"
"12.08.2024","213.00","212.10","215.55","210.30","4.37M","0.58%"
"09.08.2024","211.78","211.49","213.68","208.75","3.45M","-0.59%"
"08.08.2024","213.04","205.47","213.26","201.24","6.24M","6.90%"
"07.08.2024","199.29","211.50","213.18","198.85","5.29M","-2.79%"
"06.08.2024","205.00","205.06","210.48","201.74","6.60M","0.91%"
"05.08.2024","203.16","193.09","208.68","192.87","9.25M","-1.76%"
"02.08.2024","206.81","209.06","211.45","204.21","13.11M","-5.32%"
"01.08.2024","218.42","231.40","233.21","215.59","8.58M","-7.21%"
"31.07.2024","235.38","230.72","235.60","228.97","7.49M","6.71%"
"30.07.2024","220.58","230.00","230.56","219.82","8.08M","-3.63%"
"29.07.2024","228.89","231.60","234.83","228.03","2.93M","-0.21%"
"26.07.2024","229.37","229.67","231.21","226.91","3.81M","2.15%"
"25.07.2024","224.55","227.71","232.05","220.63","8.44M","-2.23%"
"24.07.2024","229.67","239.26","239.89","229.35","5.74M","-5.32%"
"23.07.2024","242.57","242.89","245.08","241.84","2.42M","-1.49%"
"22.07.2024","246.24","241.52","246.44","239.50","4.94M","4.14%"
"19.07.2024","236.44","243.56","243.70","236.04","4.98M","-3.06%"
"18.07.2024","243.90","247.41","247.52","239.65","5.27M","0.30%"
"17.07.2024","243.17","252.74","253.66","242.78","9.10M","-7.11%"
"16.07.2024","261.79","261.53","262.14","257.59","2.60M","0.62%"
"15.07.2024","260.18","261.35","263.63","258.59","3.20M","0.11%"
"12.07.2024","259.89","257.84","264.42","256.56","2.93M","1.22%"
"11.07.2024","256.76","267.15","267.24","255.97","4.70M","-3.29%"
"10.07.2024","265.49","261.87","266.00","260.58","3.08M","2.32%"
"09.07.2024","259.47","260.75","262.08","257.13","2.38M","-0.05%"
"08.07.2024","259.59","256.71","259.90","256.69","2.30M","1.90%"
"05.07.2024","254.76","256.28","256.83","253.28","1.82M","0.20%"
"03.07.2024","254.26","250.72","255.58","249.38","1.39M","1.67%"
"02.07.2024","250.09","245.20","250.17","245.00","1.62M","1.41%"
"01.07.2024","246.62","246.49","246.91","241.97","2.33M","0.00%"
"28.06.2024","246.63","245.85","251.46","244.67","3.85M","1.01%"
"27.06.2024","244.16","244.94","246.75","242.70","2.36M","-0.51%"
"26.06.2024","245.42","246.21","247.66","242.71","1.93M","-0.39%"
"25.06.2024","246.38","244.60","246.52","241.79","2.60M","1.54%"
"24.06.2024","242.65","247.53","249.04","242.52","3.96M","-2.85%"
"21.06.2024","249.78","250.14","252.69","246.94","3.20M","-0.98%"
"20.06.2024","252.24","259.66","260.12","250.82","3.92M","-2.72%"
"18.06.2024","259.28","257.00","260.65","256.49","3.07M","1.27%"
"17.06.2024","256.02","253.73","256.50","250.62","3.06M","1.58%"
"14.06.2024","252.04","250.80","252.78","249.73","2.57M","-0.36%"
"13.06.2024","252.95","252.06","254.08","249.51","3.47M","1.09%"
"12.06.2024","250.23","247.70","251.16","247.17","3.10M","2.82%"
"11.06.2024","243.37","241.90","243.71","239.50","1.66M","-0.05%"
"10.06.2024","243.48","238.16","244.17","237.82","1.83M","1.44%"
"07.06.2024","240.02","240.84","241.55","238.35","2.05M","-0.30%"
"06.06.2024","240.74","242.97","242.97","238.94","2.26M","-0.82%"
"05.06.2024","242.73","236.70","242.89","235.86","3.75M","4.37%"
"04.06.2024","232.56","234.00","234.36","230.79","2.25M","-0.78%"
"03.06.2024","234.39","237.80","237.95","230.20","1.82M","0.16%"
"31.05.2024","234.01","236.78","237.35","227.50","2.99M","-0.81%"
"30.05.2024","235.93","237.65","238.33","234.69","1.54M","-0.69%"
"29.05.2024","237.58","238.13","239.18","237.26","2.06M","-2.07%"
"28.05.2024","242.59","241.35","243.63","238.85","2.82M","1.69%"
"24.05.2024","238.56","236.04","239.35","235.00","2.45M","1.98%"
"23.05.2024","233.92","240.83","240.92","232.16","4.70M","-0.56%"
"22.05.2024","235.24","234.67","235.85","232.80","3.49M","1.17%"
"21.05.2024","232.51","230.18","232.89","230.07","2.18M","-0.32%"
"20.05.2024","233.26","229.27","234.72","228.85","2.56M","2.20%"
"17.05.2024","228.24","231.00","231.40","226.42","1.81M","-0.57%"
"16.05.2024","229.54","230.62","232.44","229.46","2.88M","-0.49%"
"15.05.2024","230.67","226.75","230.82","225.50","3.11M","2.81%"
"14.05.2024","224.37","220.53","224.56","220.32","2.15M","1.66%"
"13.05.2024","220.70","221.20","222.08","220.33","1.84M","0.21%"
"10.05.2024","220.24","220.49","222.42","219.27","3.08M","0.98%"
"09.05.2024","218.10","218.93","219.34","217.06","1.87M","-0.37%"
"08.05.2024","218.92","216.60","219.13","216.37","3.21M","0.10%"
"07.05.2024","218.71","220.98","221.57","218.71","2.86M","-0.88%"
"06.05.2024","220.66","218.01","220.68","217.16","2.44M","2.08%"
"03.05.2024","216.17","215.85","217.41","214.48","3.47M","2.25%"
"02.05.2024","211.41","210.30","212.16","206.52","3.96M","2.25%"
"01.05.2024","206.76","210.01","213.84","205.59","7.02M","-3.38%"
"30.04.2024","213.99","217.60","220.00","213.93","3.58M","-2.09%"
"29.04.2024","218.55","216.52","218.76","214.97","3.25M","0.76%"
"26.04.2024","216.90","212.15","217.82","211.66","3.81M","2.11%"
"25.04.2024","212.41","208.04","213.83","206.93","3.90M","1.86%"
"24.04.2024","208.54","211.38","212.50","206.74","4.08M","1.30%"
"23.04.2024","205.87","203.05","206.86","202.50","3.65M","2.09%"
"22.04.2024","201.66","200.44","203.11","198.02","4.49M","1.65%"
"19.04.2024","198.39","204.80","206.12","197.43","6.41M","-3.99%"
"18.04.2024","206.63","208.86","210.23","205.97","5.37M","-1.77%"
"17.04.2024","210.36","217.10","217.44","209.90","4.80M","-3.03%"
"16.04.2024","216.94","215.40","218.00","214.51","2.45M","0.76%"
"15.04.2024","215.31","221.05","221.86","214.24","3.17M","-1.27%"
"12.04.2024","218.07","221.49","221.76","217.64","3.21M","-3.28%"
"11.04.2024","225.47","221.88","225.87","220.06","2.46M","2.26%"
"10.04.2024","220.49","220.84","223.43","219.23","3.61M","-1.83%"
"09.04.2024","224.59","224.44","225.30","220.76","3.17M","1.08%"
"08.04.2024","222.20","222.94","224.11","221.31","1.87M","0.26%"
"05.04.2024","221.63","220.00","223.00","218.58","2.43M","1.19%"
"04.04.2024","219.03","228.51","229.17","218.56","3.74M","-2.83%"
"03.04.2024","225.41","222.17","226.99","222.14","1.86M","0.28%"
"02.04.2024","224.78","224.54","225.26","222.40","2.38M","-1.54%"
"01.04.2024","228.30","226.06","231.45","226.06","3.00M","1.05%"
"28.03.2024","225.92","225.42","227.00","224.91","1.79M","0.11%"
"27.03.2024","225.68","225.39","225.76","221.40","4.16M","1.26%"
"26.03.2024","222.88","226.19","226.88","222.83","4.41M","-0.75%"
"25.03.2024","224.57","222.25","226.61","221.71","2.28M","-0.39%"
"22.03.2024","225.45","224.16","227.10","223.45","2.66M","0.12%"
"21.03.2024","225.18","227.37","229.28","224.76","4.06M","2.15%"
"20.03.2024","220.45","217.28","221.03","215.53","3.39M","1.70%"
"19.03.2024","216.76","215.74","217.69","212.65","3.56M","-0.84%"
"18.03.2024","218.59","222.50","223.34","218.37","3.14M","-0.08%"
"15.03.2024","218.76","217.40","221.37","217.10","4.11M","-0.72%"
"14.03.2024","220.34","223.57","224.84","218.12","4.66M","-1.71%"
"13.03.2024","224.17","227.05","227.37","222.81","3.26M","-2.44%"
"12.03.2024","229.77","227.98","229.89","223.99","3.60M","2.07%"
"11.03.2024","225.10","225.50","226.79","222.52","4.50M","-1.33%"
"08.03.2024","228.13","238.55","240.01","227.97","10.48M","-4.05%"
"07.03.2024","237.75","232.79","238.71","232.65","4.80M","3.43%"
"06.03.2024","229.87","229.03","232.28","227.31","5.53M","2.46%"
"05.03.2024","224.35","226.07","227.64","221.89","7.26M","-1.96%"
"04.03.2024","228.84","229.13","231.34","227.58","7.33M","0.98%"
"01.03.2024","226.61","219.88","227.59","219.63","6.12M","4.26%"
"29.02.2024","217.36","214.25","217.80","213.58","3.38M","2.71%"
"28.02.2024","211.63","211.67","212.76","210.64","2.92M","-1.12%"
"27.02.2024","214.04","215.28","215.83","213.48","4.56M","-0.10%"
"26.02.2024","214.25","214.30","215.21","212.76","3.76M","0.99%"
"23.02.2024","212.16","215.55","216.66","211.03","5.11M","-1.08%"
"22.02.2024","214.47","212.44","215.63","211.50","6.68M","4.93%"
"21.02.2024","204.40","202.55","204.45","201.48","4.49M","-0.23%"
"20.02.2024","204.87","206.42","207.16","201.71","5.55M","-1.68%"
"16.02.2024","208.37","211.13","212.75","207.75","4.10M","-0.57%"
"15.02.2024","209.56","211.12","211.38","208.63","2.85M","-0.10%"
"14.02.2024","209.76","207.76","209.87","206.85","3.24M","2.26%"
"13.02.2024","205.13","203.36","207.35","202.37","6.55M","-2.05%"
"12.02.2024","209.43","209.83","213.30","208.59","4.30M","-0.18%"
"09.02.2024","209.81","206.97","210.14","205.75","3.52M","1.99%"
"08.02.2024","205.71","202.87","207.20","202.80","2.76M","1.72%"
"07.02.2024","202.24","200.60","202.43","198.51","4.84M","1.53%"
"06.02.2024","199.19","202.11","202.27","196.95","3.62M","-1.17%"
"05.02.2024","201.54","200.52","202.54","198.31","4.74M","1.37%"
"02.02.2024","198.82","196.31","199.28","195.78","4.80M","1.28%"
"01.02.2024","196.32","196.14","196.80","193.74","3.46M","0.49%"
"31.01.2024","195.35","195.14","198.92","193.61","6.57M","-1.45%"
"30.01.2024","198.22","200.13","201.35","197.39","3.06M","-1.54%"
"29.01.2024","201.33","199.65","201.33","198.19","3.47M","1.04%"
"26.01.2024","199.26","200.59","201.95","198.57","5.78M","-2.70%"
"25.01.2024","204.78","209.13","209.26","203.74","3.92M","-0.28%"
"24.01.2024","205.35","204.74","208.08","203.13","6.28M","1.46%"
"23.01.2024","202.40","201.14","202.64","199.23","3.28M","0.66%"
"22.01.2024","201.07","202.07","203.69","199.22","5.29M","0.33%"
"19.01.2024","200.41","195.30","200.67","194.30","5.33M","3.91%"
"18.01.2024","192.87","191.89","193.12","189.81","3.55M","3.30%"
"17.01.2024","186.70","186.51","186.92","183.54","4.97M","-0.92%"
"16.01.2024","188.43","186.03","189.70","185.07","4.15M","1.42%"
"12.01.2024","185.80","186.87","187.78","184.90","2.28M","-0.44%"
"11.01.2024","186.62","186.20","187.83","182.97","3.69M","0.37%"
"10.01.2024","185.93","186.98","187.02","183.58","2.82M","-0.34%"
"09.01.2024","186.56","184.39","187.99","184.12","2.94M","0.03%"
"08.01.2024","186.50","181.86","186.98","181.81","3.20M","3.26%"
"05.01.2024","180.61","179.95","182.20","179.38","3.89M","0.55%"
"04.01.2024","179.62","178.28","181.44","177.88","3.74M","-0.84%"
"03.01.2024","181.14","181.84","182.87","180.42","4.07M","-2.15%"
"02.01.2024","185.12","188.78","188.78","183.54","3.26M","-3.60%"
"29.12.2023","192.03","193.49","193.88","191.00","1.45M","-0.73%"
"28.12.2023","193.45","194.27","194.64","193.20","1.05M","-0.19%"
"27.12.2023","193.82","194.20","194.53","192.75","1.88M","0.26%"
"26.12.2023","193.32","190.83","194.09","190.83","1.91M","1.77%"
"22.12.2023","189.96","190.26","191.10","188.61","2.36M","0.32%"
"21.12.2023","189.36","188.24","189.70","187.36","2.59M","2.77%"
"20.12.2023","184.26","188.47","189.56","184.26","3.36M","-3.16%"
"19.12.2023","190.26","189.52","190.64","189.28","1.91M","0.53%"
"18.12.2023","189.25","189.77","190.09","187.53","2.27M","-0.28%"
"15.12.2023","189.78","189.63","191.91","189.37","3.96M","0.37%"
"14.12.2023","189.07","185.46","189.61","185.46","3.37M","2.77%"
"13.12.2023","183.97","181.21","185.02","180.54","5.72M","1.54%"
"12.12.2023","181.18","178.98","181.21","178.66","2.23M","0.72%"
"11.12.2023","179.89","175.58","180.45","175.40","3.98M","3.41%"
"08.12.2023","173.95","172.18","174.71","172.11","4.21M","0.79%"
"07.12.2023","172.59","169.67","173.12","168.99","1.92M","2.68%"
"06.12.2023","168.08","171.58","171.68","167.89","2.68M","-0.62%"
"05.12.2023","169.13","168.46","169.58","167.72","2.57M","-0.57%"
"04.12.2023","170.09","170.27","170.44","167.64","1.81M","-1.12%"
"01.12.2023","172.02","170.33","172.34","169.00","1.72M","0.47%"
"30.11.2023","171.22","172.69","172.86","169.84","2.42M","-0.70%"
"29.11.2023","172.42","172.98","175.01","172.13","3.67M","1.08%"
"28.11.2023","170.57","170.59","171.47","169.20","1.85M","-0.58%"
"27.11.2023","171.57","171.18","173.03","170.75","1.82M","-0.14%"
"24.11.2023","171.81","171.68","172.01","171.07","516.48K","0.07%"
"22.11.2023","171.69","172.29","174.40","171.21","2.04M","0.32%"
"21.11.2023","171.14","172.97","172.97","170.26","3.02M","-1.87%"
"20.11.2023","174.40","171.68","175.00","171.63","1.49M","1.47%"
"17.11.2023","171.87","170.14","172.20","169.86","1.82M","0.70%"
"16.11.2023","170.67","169.87","171.18","169.30","2.28M","0.05%"
"15.11.2023","170.59","170.41","171.86","169.30","5.11M","0.73%"
"14.11.2023","169.36","167.45","169.86","167.16","2.77M","3.70%"
"13.11.2023","163.32","163.63","163.88","162.25","1.96M","-0.97%"
"10.11.2023","164.92","160.52","165.44","159.85","2.23M","4.03%"
"09.11.2023","158.53","160.33","162.24","158.21","2.38M","-0.48%"
"08.11.2023","159.29","159.28","160.04","158.19","2.23M","0.10%"
"07.11.2023","159.13","157.78","159.83","157.54","1.56M","0.64%"
"06.11.2023","158.13","158.68","159.12","156.63","1.74M","-0.19%"
"03.11.2023","158.42","156.07","159.57","155.78","2.33M","2.63%"
"02.11.2023","154.36","153.93","155.47","152.35","2.73M","2.27%"
"01.11.2023","150.93","147.48","151.07","147.48","3.54M","2.35%"
"31.10.2023","147.46","146.25","147.84","144.40","1.91M","0.91%"
"30.10.2023","146.13","147.05","148.00","144.54","2.74M","-1.34%"
"27.10.2023","148.11","148.61","149.51","147.43","2.44M","1.08%"
"26.10.2023","146.53","148.06","149.80","145.87","4.51M","-0.59%"
"25.10.2023","147.41","151.59","152.10","146.64","3.24M","-4.04%"
"24.10.2023","153.62","152.49","153.92","151.77","2.23M","1.36%"
"23.10.2023","151.56","151.53","154.17","149.92","2.85M","-0.57%"
"20.10.2023","152.43","154.66","155.75","152.15","3.01M","-1.45%"
"19.10.2023","154.67","158.52","158.94","154.11","4.40M","-1.54%"
"18.10.2023","157.09","157.24","158.43","156.26","2.87M","-1.80%"
"17.10.2023","159.97","157.93","161.11","156.11","2.45M","-0.73%"
"16.10.2023","161.15","159.43","161.74","159.28","1.73M","1.42%"
"13.10.2023","158.90","163.67","163.86","158.59","2.55M","-2.72%"
"12.10.2023","163.34","163.20","165.69","161.77","3.05M","0.26%"
"11.10.2023","162.93","162.26","163.25","160.99","2.98M","0.75%"
"10.10.2023","161.71","160.16","163.15","159.50","1.86M","1.28%"
"09.10.2023","159.66","158.34","160.11","157.17","2.08M","-0.25%"
"06.10.2023","160.06","155.89","160.84","154.86","3.82M","2.15%"
"05.10.2023","156.70","157.50","158.11","155.25","1.90M","-0.48%"
"04.10.2023","157.46","156.15","157.93","155.01","3.28M","1.33%"
"03.10.2023","155.40","157.20","159.41","154.30","2.69M","-2.07%"
"02.10.2023","158.68","158.23","159.93","156.76","2.47M","0.50%"
"29.09.2023","157.88","159.59","160.17","157.40","2.80M","0.36%"
"28.09.2023","157.31","154.13","158.97","153.50","3.67M","1.85%"
"27.09.2023","154.45","154.36","155.62","152.16","2.73M","0.88%"
"26.09.2023","153.10","154.67","155.06","152.42","2.35M","-2.16%"
"25.09.2023","156.49","154.63","156.63","153.91","1.59M","0.73%"
"22.09.2023","155.35","155.54","156.90","154.74","2.40M","0.83%"
"21.09.2023","154.07","155.09","156.08","154.00","2.54M","-1.85%"
"20.09.2023","156.97","160.31","160.99","156.91","2.12M","-1.64%"
"19.09.2023","159.59","160.46","160.55","158.74","1.55M","-0.84%"
"18.09.2023","160.94","159.17","161.53","158.84","1.72M","0.34%"
"15.09.2023","160.40","164.18","164.18","159.58","2.90M","-2.89%"
"14.09.2023","165.16","165.58","165.86","163.60","2.02M","0.72%"
"13.09.2023","163.99","163.11","165.65","162.93","2.93M","0.51%"
"12.09.2023","163.15","163.46","165.94","163.04","1.72M","-0.85%"
"11.09.2023","164.55","166.71","166.74","162.33","1.42M","-0.06%"
"08.09.2023","164.64","165.15","166.35","163.96","1.33M","-0.52%"
"07.09.2023","165.50","165.49","165.97","163.41","3.88M","-2.29%"
"06.09.2023","169.38","170.13","171.26","167.47","2.01M","-0.72%"
"05.09.2023","170.61","170.06","171.95","169.15","1.87M","-0.03%"
"01.09.2023","170.67","171.36","171.75","169.43","1.89M","0.26%"
"31.08.2023","170.22","168.44","171.20","168.44","2.11M","0.69%"
"30.08.2023","169.05","167.76","169.75","166.56","3.07M","0.47%"
"29.08.2023","168.26","163.13","168.81","162.90","2.73M","2.63%"
"28.08.2023","163.95","163.50","164.41","162.28","1.69M","1.27%"
"25.08.2023","161.90","161.17","163.29","158.67","3.44M","0.43%"
"24.08.2023","161.21","169.87","169.96","160.84","4.85M","-3.30%"
"23.08.2023","166.72","162.44","167.31","162.25","3.03M","2.04%"
"22.08.2023","163.38","166.85","167.05","162.82","2.06M","-0.88%"
"21.08.2023","164.83","160.99","165.08","160.73","2.76M","2.87%"
"18.08.2023","160.23","157.64","160.80","157.31","2.32M","0.54%"
"17.08.2023","159.37","161.25","161.61","158.87","2.62M","-0.98%"
"16.08.2023","160.95","163.95","164.11","160.82","2.84M","-1.94%"
"15.08.2023","164.12","166.05","166.58","163.93","2.28M","-1.67%"
"14.08.2023","166.91","161.61","166.95","161.05","3.13M","2.88%"
"11.08.2023","162.23","164.22","164.33","161.94","3.88M","-2.42%"
"10.08.2023","166.26","168.27","170.05","165.13","3.83M","-0.40%"
"09.08.2023","166.93","169.94","170.00","166.60","3.23M","-1.83%"
"08.08.2023","170.05","170.10","170.25","167.77","2.77M","-1.59%"
"07.08.2023","172.80","172.23","173.02","171.19","2.26M","1.05%"
"04.08.2023","171.00","170.65","173.38","169.12","4.14M","-0.16%"
"03.08.2023","171.27","169.66","172.51","169.02","4.37M","-0.26%"
"02.08.2023","171.71","176.28","176.32","170.69","4.68M","-3.83%"
"01.08.2023","178.55","176.80","178.92","176.25","1.36M","0.06%"
"31.07.2023","178.43","178.35","178.96","177.33","1.63M","0.41%"
"28.07.2023","177.70","177.21","178.30","175.48","2.82M","2.18%"
"27.07.2023","173.90","175.13","177.54","172.93","3.83M","1.88%"
"26.07.2023","170.69","170.92","172.13","168.82","2.62M","-1.38%"
"25.07.2023","173.08","171.20","174.11","171.20","1.87M","1.68%"
"24.07.2023","170.22","170.22","171.43","169.33","1.54M","0.00%"
"21.07.2023","170.22","170.54","171.81","169.27","2.53M","0.90%"
"20.07.2023","168.70","171.94","172.54","167.93","5.09M","-3.64%"
"19.07.2023","175.07","177.40","177.53","174.63","2.48M","-1.19%"
"18.07.2023","177.17","176.08","177.75","174.70","2.67M","0.18%"
"17.07.2023","176.84","172.77","177.72","171.71","2.93M","2.39%"
"14.07.2023","172.71","174.92","176.48","172.00","5.12M","-1.25%"
"13.07.2023","174.90","173.17","175.29","172.51","2.79M","2.07%"
"12.07.2023","171.36","170.66","171.67","169.69","4.27M","1.86%"
"11.07.2023","168.22","168.80","169.11","165.80","2.37M","0.00%"
"10.07.2023","168.22","165.30","168.36","165.14","1.83M","2.08%"
"07.07.2023","164.79","165.03","167.41","164.52","1.82M","0.04%"
"06.07.2023","164.72","163.99","164.99","162.64","3.45M","-1.26%"
"05.07.2023","166.82","169.45","169.80","166.77","2.82M","-2.21%"
"03.07.2023","170.59","169.86","171.00","168.72","809.47K","0.89%"
"30.06.2023","169.09","168.35","169.76","167.75","1.62M","1.55%"
"29.06.2023","166.51","167.14","167.26","165.13","1.67M","0.03%"
"28.06.2023","166.47","165.05","167.88","164.87","2.91M","-0.77%"
"27.06.2023","167.76","162.67","168.04","162.05","2.76M","3.49%"
"26.06.2023","162.10","162.71","165.20","162.09","2.43M","0.32%"
"23.06.2023","161.57","161.82","162.60","160.84","2.06M","-1.76%"
"22.06.2023","164.47","162.59","165.15","162.37","3.66M","0.47%"
"21.06.2023","163.71","166.74","167.58","163.52","4.13M","-2.44%"
"20.06.2023","167.80","168.39","169.87","166.32","2.02M","-0.81%"
"16.06.2023","169.17","172.46","172.48","168.92","4.96M","-0.92%"
"15.06.2023","170.74","170.18","172.00","169.52","6.56M","-0.83%"
"14.06.2023","172.17","169.12","172.25","168.14","8.50M","1.42%"
"13.06.2023","169.76","170.21","170.86","167.83","4.16M","1.34%"
"12.06.2023","167.51","164.19","167.67","163.99","2.65M","3.22%"
"09.06.2023","162.29","163.69","164.80","161.52","2.52M","0.26%"
"08.06.2023","161.86","160.69","162.26","159.86","2.73M","1.02%"
"07.06.2023","160.22","161.52","163.79","159.86","3.91M","-0.28%"
"06.06.2023","160.67","157.64","161.45","157.40","3.24M","1.21%"
"05.06.2023","158.76","160.66","160.75","157.94","2.71M","-1.55%"
"02.06.2023","161.25","162.87","163.33","160.08","3.32M","-0.24%"
"01.06.2023","161.63","159.87","163.01","158.23","7.34M","1.72%"
"31.05.2023","158.90","160.33","162.54","158.83","5.36M","-2.57%"
"30.05.2023","163.09","167.00","167.67","162.42","7.86M","-0.08%"
"26.05.2023","163.22","155.55","164.06","155.49","8.01M","6.54%"
"25.05.2023","153.21","150.25","153.80","148.62","12.97M","6.66%"
"24.05.2023","143.64","143.32","144.24","142.13","4.34M","-1.79%"
"23.05.2023","146.26","147.10","148.07","145.94","1.55M","-1.24%"
"22.05.2023","148.09","146.25","148.48","146.19","2.30M","0.35%"
"19.05.2023","147.58","147.91","148.25","146.66","2.88M","-0.51%"
"18.05.2023","148.34","144.44","148.70","144.33","3.43M","3.16%"
"17.05.2023","143.80","141.62","144.35","140.73","1.99M","2.47%"
"16.05.2023","140.33","140.14","141.93","140.14","2.05M","-0.19%"
"15.05.2023","140.60","137.27","140.62","136.87","1.80M","2.72%"
"12.05.2023","136.88","137.50","138.07","135.59","1.38M","-0.09%"
"11.05.2023","137.01","137.95","138.25","135.71","1.85M","-0.66%"
"10.05.2023","137.91","138.05","138.89","136.58","2.77M","1.02%"
"09.05.2023","136.52","136.91","137.09","135.96","2.35M","-1.70%"
"08.05.2023","138.88","138.15","138.98","137.00","1.37M","0.42%"
"05.05.2023","138.30","135.46","138.88","134.77","1.62M","2.22%"
"04.05.2023","135.29","134.98","136.45","134.08","2.10M","-0.56%"
"03.05.2023","136.05","136.86","138.51","135.95","2.53M","-1.15%"
"02.05.2023","137.63","138.68","139.47","136.29","2.12M","-0.71%"
"01.05.2023","138.62","137.93","139.03","137.57","1.80M","0.91%"
"28.04.2023","137.38","135.57","137.41","134.97","2.36M","1.80%"
"27.04.2023","134.95","134.21","135.12","131.53","3.12M","0.42%"
"26.04.2023","134.38","135.06","135.76","133.69","1.93M","0.53%"
"25.04.2023","133.67","137.49","137.50","133.58","2.48M","-3.36%"
"24.04.2023","138.31","138.69","139.48","137.38","2.07M","-0.45%"
"21.04.2023","138.94","139.48","139.48","137.71","2.16M","-0.73%"
"20.04.2023","139.96","138.69","142.06","138.55","2.39M","-0.09%"
"19.04.2023","140.09","139.76","140.43","139.23","1.26M","-1.09%"
"18.04.2023","141.64","142.13","143.36","140.57","2.77M","0.43%"
"17.04.2023","141.03","139.52","141.12","139.10","2.21M","0.00%"
"14.04.2023","141.03","141.12","142.83","139.50","1.96M","-0.16%"
"13.04.2023","141.25","140.42","142.08","139.29","3.01M","0.82%"
"12.04.2023","140.10","144.12","144.17","139.96","2.60M","-1.83%"
"11.04.2023","142.71","144.26","144.36","142.44","1.82M","-0.53%"
"10.04.2023","143.46","139.76","143.56","139.54","1.93M","1.77%"
"06.04.2023","140.97","140.41","142.01","139.32","1.89M","-0.52%"
"05.04.2023","141.70","142.66","142.78","140.21","3.34M","-1.73%"
"04.04.2023","144.20","147.21","147.25","143.40","2.32M","-1.86%"
"03.04.2023","146.94","147.36","147.92","145.13","1.88M","-0.86%"
"31.03.2023","148.22","146.19","148.45","145.95","2.15M","0.62%"
"30.03.2023","147.31","146.76","148.27","146.27","2.60M","1.65%"
"29.03.2023","144.92","142.75","145.93","142.49","3.14M","3.21%"
"28.03.2023","140.41","141.14","141.26","138.27","2.74M","-0.75%"
"27.03.2023","141.47","143.67","144.11","140.97","1.81M","-1.17%"
"24.03.2023","143.15","144.50","144.89","141.70","3.12M","-1.73%"
"23.03.2023","145.68","144.28","147.63","143.13","4.04M","2.47%"
"22.03.2023","142.17","143.60","147.42","142.13","3.31M","-0.99%"
"21.03.2023","143.60","144.48","146.00","141.47","2.90M","0.20%"
"20.03.2023","143.31","142.09","143.77","140.92","2.16M","1.06%"
"17.03.2023","141.81","142.97","144.08","141.04","2.83M","-0.62%"
"16.03.2023","142.70","136.73","143.01","136.14","3.84M","3.91%"
"15.03.2023","137.33","136.97","137.65","134.43","3.53M","-1.17%"
"14.03.2023","138.95","137.36","139.81","136.71","2.74M","2.92%"
"13.03.2023","135.01","133.56","136.67","132.16","3.51M","0.03%"
"10.03.2023","134.97","138.37","138.72","134.33","3.32M","-1.93%"
"09.03.2023","137.63","140.24","142.41","137.41","3.89M","-1.99%"
"08.03.2023","140.42","137.33","140.57","137.33","2.09M","2.66%"
"07.03.2023","136.78","138.38","138.97","136.23","1.90M","-1.05%"
"06.03.2023","138.24","140.25","141.46","137.91","2.18M","-1.16%"
"03.03.2023","139.86","137.71","140.02","136.67","2.41M","1.54%"
"02.03.2023","137.74","134.52","138.40","133.48","3.11M","0.80%"
"01.03.2023","136.65","137.11","138.31","136.11","1.92M","0.03%"
"28.02.2023","136.61","135.83","138.46","135.53","1.58M","0.34%"
"27.02.2023","136.14","137.69","137.71","136.09","2.04M","0.53%"
"24.02.2023","135.43","135.45","136.14","134.41","2.84M","-1.79%"
"23.02.2023","137.90","138.00","138.55","135.19","4.62M","3.29%"
"22.02.2023","133.51","134.46","135.47","132.70","2.29M","-0.48%"
"21.02.2023","134.15","136.48","138.09","133.89","2.21M","-3.24%"
"17.02.2023","138.64","140.00","140.41","137.38","3.06M","-1.56%"
"16.02.2023","140.83","141.77","143.26","140.60","3.44M","-2.45%"
"15.02.2023","144.37","142.29","144.45","141.24","2.15M","0.41%"
"14.02.2023","143.79","139.98","144.22","138.93","3.25M","1.82%"
"13.02.2023","141.22","139.83","141.63","138.61","2.12M","1.47%"
"10.02.2023","139.18","139.98","140.39","137.66","2.95M","-1.59%"
"09.02.2023","141.43","143.58","145.19","140.38","3.02M","0.26%"
"08.02.2023","141.07","143.21","144.38","140.74","3.52M","-2.15%"
"07.02.2023","144.17","140.26","144.86","139.91","3.29M","3.18%"
"06.02.2023","139.72","139.81","141.87","139.10","2.50M","-1.62%"
"03.02.2023","142.03","141.64","145.29","141.28","5.56M","-1.95%"
"02.02.2023","144.86","143.03","146.04","142.21","7.46M","2.32%"
"01.02.2023","141.58","135.23","143.01","135.11","7.24M","5.21%"
"31.01.2023","134.56","131.84","134.62","131.72","3.10M","1.86%"
"30.01.2023","132.10","133.85","134.66","131.99","4.38M","-2.66%"
"27.01.2023","135.70","134.21","136.87","133.86","4.29M","-0.64%"
"26.01.2023","136.57","135.85","136.74","133.60","3.90M","1.69%"
"25.01.2023","134.31","131.59","134.55","130.58","3.30M","0.27%"
"24.01.2023","133.94","133.32","135.20","133.13","2.37M","-0.76%"
"23.01.2023","134.96","129.71","135.41","129.50","5.73M","5.02%"
"20.01.2023","128.51","125.95","128.59","124.67","3.35M","3.13%"
"19.01.2023","124.61","127.07","127.13","124.21","3.78M","-2.81%"
"18.01.2023","128.21","130.33","131.24","128.16","3.51M","-0.53%"
"17.01.2023","128.88","128.30","130.19","127.69","3.02M","0.11%"
"13.01.2023","128.74","126.54","128.75","126.39","2.08M","0.41%"
"12.01.2023","128.21","127.35","128.98","124.72","3.32M","1.22%"
"11.01.2023","126.67","125.13","126.72","124.08","2.68M","1.29%"
"10.01.2023","125.05","123.03","125.22","122.39","2.83M","1.29%"
"09.01.2023","123.46","123.45","126.26","122.66","4.58M","1.84%"
"06.01.2023","121.22","117.40","121.86","115.81","4.90M","4.65%"
"05.01.2023","115.83","116.66","117.49","115.64","2.67M","-1.69%"
"04.01.2023","117.82","117.05","118.47","115.70","3.26M","2.57%"
"03.01.2023","114.86","117.96","118.17","114.17","2.85M","-0.97%"
"30.12.2022","115.99","114.44","116.19","113.61","2.01M","-0.09%"
"29.12.2022","116.10","114.34","116.64","113.92","3.26M","3.19%"
"28.12.2022","112.51","113.46","114.85","112.05","2.68M","-1.47%"
"27.12.2022","114.19","115.37","115.48","113.67","3.49M","-1.81%"
"23.12.2022","116.29","115.19","116.30","114.01","2.57M","0.09%"
"22.12.2022","116.19","118.73","118.92","113.75","5.40M","-4.04%"
"21.12.2022","121.09","119.25","121.49","119.02","2.29M","2.25%"
"20.12.2022","118.42","117.66","119.51","117.39","2.28M","-0.61%"
"19.12.2022","119.15","120.51","120.79","117.92","2.23M","-1.24%"
"16.12.2022","120.64","120.91","121.96","119.45","2.47M","-0.76%"
"15.12.2022","121.56","124.26","124.80","121.39","3.88M","-4.23%"
"14.12.2022","126.93","128.55","130.09","125.45","3.97M","-1.50%"
"13.12.2022","128.86","132.40","132.98","127.25","4.52M","1.44%"
"12.12.2022","127.04","124.22","127.18","123.58","2.18M","1.77%"
"09.12.2022","124.83","125.44","127.04","124.38","1.75M","-0.93%"
"08.12.2022","126.00","123.20","126.09","122.38","2.69M","2.89%"
"07.12.2022","122.46","121.41","123.32","121.18","2.11M","-0.21%"
"06.12.2022","122.72","125.34","125.47","121.48","2.18M","-2.10%"
"05.12.2022","125.36","126.10","127.32","124.22","2.71M","-1.27%"
"02.12.2022","126.96","125.19","127.16","124.55","3.11M","-1.13%"
"01.12.2022","128.41","130.11","130.24","126.62","4.13M","-0.72%"
"30.11.2022","129.34","122.48","129.43","121.34","4.17M","6.00%"
"29.11.2022","122.02","122.86","123.55","121.28","1.83M","-0.39%"
"28.11.2022","122.50","124.08","125.39","121.65","3.22M","-2.50%"
"25.11.2022","125.64","126.56","127.00","125.64","1.16M","-1.33%"
"23.11.2022","127.33","125.68","128.56","125.66","3.91M","1.21%"
"22.11.2022","125.81","123.22","125.91","122.19","3.29M","2.98%"
"21.11.2022","122.17","122.88","123.32","121.79","1.82M","-1.66%"
"18.11.2022","124.23","126.03","126.06","122.89","3.11M","0.22%"
"17.11.2022","123.96","120.44","124.51","120.22","3.97M","0.78%"
"16.11.2022","122.99","125.37","125.62","122.22","4.78M","-4.13%"
"15.11.2022","128.29","129.84","130.20","126.55","4.90M","2.90%"
"14.11.2022","124.68","125.37","127.13","124.63","3.68M","-1.09%"
"11.11.2022","126.06","122.91","126.80","121.50","6.11M","3.06%"
"10.11.2022","122.31","117.18","122.62","116.21","5.35M","10.35%"
"09.11.2022","110.84","112.56","113.01","110.67","3.58M","-3.20%"
"08.11.2022","114.50","114.13","115.85","112.18","3.90M","2.20%"
"07.11.2022","112.04","110.68","112.47","109.24","3.55M","2.16%"
"04.11.2022","109.67","108.60","109.95","107.09","4.60M","4.63%"
"03.11.2022","104.82","104.25","106.44","103.16","3.75M","-1.34%"
"02.11.2022","106.24","110.40","112.33","106.10","3.19M","-3.16%"
"01.11.2022","109.70","111.01","111.38","109.05","2.81M","0.81%"
"31.10.2022","108.83","110.25","110.55","108.27","2.40M","-2.18%"
"28.10.2022","111.25","107.25","111.41","106.97","4.19M","3.92%"
"27.10.2022","107.05","109.70","110.73","106.91","3.59M","-1.77%"
"26.10.2022","108.99","107.80","111.57","107.27","4.81M","-0.98%"
"25.10.2022","110.07","108.07","110.81","107.89","2.77M","2.28%"
"24.10.2022","107.61","107.51","108.08","105.10","3.78M","0.43%"
"21.10.2022","107.15","103.04","107.42","102.59","3.70M","3.72%"
"20.10.2022","103.31","103.24","106.46","102.72","3.57M","0.62%"
"19.10.2022","102.67","101.29","103.65","100.98","3.04M","0.64%"
"18.10.2022","102.02","104.85","105.54","100.22","3.56M","0.34%"
"17.10.2022","101.67","102.21","103.07","100.87","3.76M","2.12%"
"14.10.2022","99.56","105.34","105.34","99.24","3.89M","-4.17%"
"13.10.2022","103.89","97.03","105.80","95.94","4.91M","2.88%"
"12.10.2022","100.98","101.84","102.38","100.66","3.11M","-0.97%"
"11.10.2022","101.97","103.05","104.01","100.54","4.82M","-2.81%"
"10.10.2022","104.92","108.19","108.32","103.42","4.67M","-3.40%"
"07.10.2022","108.62","112.11","112.42","107.97","3.97M","-6.00%"
"06.10.2022","115.55","115.89","118.03","115.12","2.85M","-0.40%"
"05.10.2022","116.01","113.17","117.19","112.16","2.51M","0.82%"
"04.10.2022","115.07","113.46","115.21","113.17","3.18M","4.69%"
"03.10.2022","109.92","107.45","111.15","106.68","3.75M","3.46%"
"30.09.2022","106.24","106.70","109.45","106.08","2.72M","-1.71%"
"29.09.2022","108.10","109.53","109.73","106.37","3.01M","-3.11%"
"28.09.2022","111.57","109.10","112.00","108.64","4.05M","1.42%"
"27.09.2022","110.01","110.97","111.79","108.43","2.98M","0.93%"
"26.09.2022","108.99","110.27","111.96","108.80","2.88M","-2.03%"
"23.09.2022","111.25","111.43","111.73","109.24","3.88M","-1.34%"
"22.09.2022","112.76","115.25","115.74","112.10","2.94M","-2.72%"
"21.09.2022","115.92","117.32","121.12","115.92","3.54M","-1.01%"
"20.09.2022","117.10","117.53","118.10","116.17","2.63M","-1.33%"
"19.09.2022","118.68","116.55","119.30","116.50","2.15M","0.53%"
"16.09.2022","118.06","116.06","118.18","115.18","3.39M","0.60%"
"15.09.2022","117.35","118.53","119.92","116.56","2.43M","-1.66%"
"14.09.2022","119.33","118.88","120.16","117.55","2.72M","1.14%"
"13.09.2022","117.99","121.02","122.06","117.64","4.06M","-6.21%"
"12.09.2022","125.81","125.74","126.43","124.30","2.61M","0.49%"
"09.09.2022","125.20","123.87","125.84","123.87","2.07M","2.40%"
"08.09.2022","122.26","119.07","122.72","118.33","2.82M","1.69%"
"07.09.2022","120.24","118.71","121.25","117.82","1.70M","1.69%"
"06.09.2022","118.24","119.60","120.25","117.33","2.69M","-1.15%"
"02.09.2022","119.62","122.81","123.66","119.09","3.84M","-1.10%"
"01.09.2022","120.94","120.09","120.96","117.19","4.54M","-1.86%"
"31.08.2022","123.23","125.08","125.09","122.15","2.97M","-1.05%"
"30.08.2022","124.53","127.36","127.41","123.00","3.21M","-1.16%"
"29.08.2022","126.00","127.23","128.70","125.79","2.58M","-2.02%"
"26.08.2022","128.60","136.02","136.34","128.39","2.84M","-5.67%"
"25.08.2022","136.33","131.64","136.49","131.56","2.68M","3.67%"
"24.08.2022","131.51","131.03","131.96","129.99","1.25M","0.25%"
"23.08.2022","131.18","130.62","133.18","130.47","2.43M","0.50%"
"22.08.2022","130.53","132.88","133.13","129.90","2.90M","-3.76%"
"19.08.2022","135.63","137.48","138.17","134.94","2.32M","-2.70%"
"18.08.2022","139.40","136.66","140.33","136.17","1.70M","2.28%"
"17.08.2022","136.29","137.52","137.59","134.38","2.64M","-2.42%"
"16.08.2022","139.66","140.38","141.00","138.10","1.57M","-1.02%"
"15.08.2022","141.11","139.96","141.50","139.00","1.33M","0.37%"
"12.08.2022","140.58","137.50","140.96","137.00","2.05M","2.93%"
"11.08.2022","136.59","137.92","140.62","136.29","2.40M","-0.13%"
"10.08.2022","136.76","134.81","137.02","133.02","3.46M","4.15%"
"09.08.2022","131.31","134.44","134.58","129.51","4.37M","-4.58%"
"08.08.2022","137.62","137.81","139.34","135.50","3.07M","-1.51%"
"05.08.2022","139.73","138.36","140.94","137.73","3.28M","-0.78%"
"04.08.2022","140.83","139.50","141.25","139.09","1.92M","0.72%"
"03.08.2022","139.82","136.02","140.09","135.93","2.86M","2.78%"
"02.08.2022","136.04","134.76","138.11","134.19","2.12M","-0.19%"
"01.08.2022","136.30","134.81","137.48","133.93","3.81M","0.39%"
"29.07.2022","135.78","132.79","136.16","132.33","3.84M","0.77%"
"28.07.2022","134.74","133.39","135.03","130.49","3.53M","1.23%"
"27.07.2022","133.10","129.56","134.17","129.17","3.21M","4.58%"
"26.07.2022","127.28","128.57","129.22","126.80","2.51M","-1.67%"
"25.07.2022","129.43","129.26","129.53","127.27","2.86M","-0.63%"
"22.07.2022","130.26","133.12","133.17","129.08","4.55M","-2.46%"
"21.07.2022","133.55","132.08","133.63","130.20","2.75M","1.63%"
"20.07.2022","131.40","127.94","132.02","127.15","4.85M","2.55%"
"19.07.2022","128.13","124.66","128.82","124.30","3.12M","4.41%"
"18.07.2022","122.72","125.16","126.12","121.94","2.96M","-0.32%"
"15.07.2022","123.12","122.08","123.31","120.17","2.98M","2.39%"
"14.07.2022","120.25","117.44","120.76","115.72","3.19M","2.12%"
"13.07.2022","117.75","114.70","118.69","114.47","3.56M","0.56%"
"12.07.2022","117.09","117.52","118.39","116.24","4.49M","0.28%"
"11.07.2022","116.76","117.71","118.29","116.00","2.49M","-2.30%"
"08.07.2022","119.52","117.23","120.33","116.87","2.33M","0.48%"
"07.07.2022","118.95","116.53","119.55","116.53","2.87M","4.48%"
"06.07.2022","113.85","113.41","115.19","112.17","2.67M","0.49%"
"05.07.2022","113.30","109.57","113.30","108.90","3.39M","0.79%"
"01.07.2022","112.41","114.60","115.22","110.96","3.88M","-3.54%"
"30.06.2022","116.54","116.43","118.86","114.70","3.29M","-1.31%"
"29.06.2022","118.08","119.28","119.42","116.62","3.39M","-2.36%"
"28.06.2022","120.94","124.69","126.15","120.75","3.05M","-2.44%"
"27.06.2022","123.96","125.42","125.73","123.01","2.50M","-0.27%"
"24.06.2022","124.30","120.89","124.30","120.63","3.78M","4.43%"
"23.06.2022","119.03","120.55","120.65","117.15","2.18M","-0.68%"
"22.06.2022","119.84","119.02","121.55","118.84","4.11M","-1.04%"
"21.06.2022","121.10","120.50","122.92","120.42","2.83M","2.62%"
"17.06.2022","118.01","117.80","118.87","115.31","3.40M","0.40%"
"16.06.2022","117.54","121.42","121.54","116.06","3.92M","-6.02%"
"15.06.2022","125.07","124.41","127.27","122.27","3.81M","1.72%"
"14.06.2022","122.96","123.62","124.17","121.52","2.83M","0.56%"
"13.06.2022","122.28","125.00","126.64","121.81","4.04M","-5.77%"
"10.06.2022","129.77","132.33","133.48","129.50","3.60M","-3.55%"
"09.06.2022","134.55","137.28","139.68","134.54","2.52M","-2.99%"
"08.06.2022","138.69","140.93","141.50","137.64","3.40M","-2.12%"
"07.06.2022","141.70","138.91","142.10","137.84","1.87M","0.80%"
"06.06.2022","140.58","143.29","143.76","139.65","2.24M","0.17%"
"03.06.2022","140.34","141.53","142.33","139.69","2.07M","-2.99%"
"02.06.2022","144.66","139.31","144.81","139.04","2.01M","3.49%"
"01.06.2022","139.79","142.77","143.49","137.86","2.47M","-1.59%"
"31.05.2022","142.05","142.53","143.31","139.87","2.81M","-0.51%"
"27.05.2022","142.78","139.30","143.02","139.30","3.17M","4.11%"
"26.05.2022","137.14","130.75","137.75","130.54","2.97M","3.91%"
"25.05.2022","131.98","128.77","133.22","128.65","2.51M","1.80%"
"24.05.2022","129.65","130.75","131.19","128.17","2.87M","-2.44%"
"23.05.2022","132.89","131.29","133.24","130.28","3.64M","0.43%"
"20.05.2022","132.32","134.99","135.00","126.39","4.08M","-0.05%"
"19.05.2022","132.39","132.54","135.79","131.23","3.30M","-0.60%"
"18.05.2022","133.19","137.95","139.86","132.63","3.58M","-5.04%"
"17.05.2022","140.26","137.26","140.62","136.74","3.19M","4.85%"
"16.05.2022","133.77","134.45","135.87","133.26","2.37M","-1.52%"
"13.05.2022","135.83","131.50","136.78","130.81","4.72M","5.10%"
"12.05.2022","129.24","126.87","130.31","125.78","5.35M","0.61%"
"11.05.2022","128.46","131.24","134.33","128.08","5.07M","-2.95%"
"10.05.2022","132.37","133.33","134.81","129.48","4.48M","2.28%"
"09.05.2022","129.42","133.42","135.05","128.66","5.06M","-5.10%"
"06.05.2022","136.37","136.33","139.40","133.79","3.95M","-0.89%"
"05.05.2022","137.59","142.00","142.22","135.54","4.60M","-4.85%"
"04.05.2022","144.60","140.23","144.84","135.90","4.26M","3.88%"
"03.05.2022","139.20","137.69","140.29","136.73","2.30M","0.83%"
"02.05.2022","138.05","133.72","138.21","132.67","4.64M","3.34%"
"29.04.2022","133.59","137.60","140.27","133.21","4.19M","-4.28%"
"28.04.2022","139.56","134.92","141.05","133.22","4.95M","5.51%"
"27.04.2022","132.27","131.53","135.57","131.23","4.35M","-0.54%"
"26.04.2022","132.99","137.28","137.52","132.84","5.84M","-4.43%"
"25.04.2022","139.16","135.73","139.20","135.33","6.35M","1.69%"
"22.04.2022","136.85","139.74","140.52","136.62","4.57M","-2.22%"
"21.04.2022","139.96","145.57","147.19","139.24","3.60M","-2.67%"
"20.04.2022","143.80","146.40","147.67","143.29","3.83M","-0.22%"
"19.04.2022","144.12","140.47","144.42","139.75","3.04M","2.19%"
"18.04.2022","141.03","137.94","142.28","137.77","3.63M","1.73%"
"14.04.2022","138.63","143.50","143.54","138.45","5.90M","-2.76%"
"13.04.2022","142.57","140.47","143.56","139.61","3.31M","2.15%"
"12.04.2022","139.57","142.96","144.01","138.84","5.89M","-0.31%"
"11.04.2022","140.00","140.82","142.00","139.67","4.29M","-2.05%"
"08.04.2022","142.93","145.35","145.41","142.70","4.50M","-2.48%"
"07.04.2022","146.57","146.05","147.88","143.50","3.51M","0.22%"
"06.04.2022","146.25","146.67","148.91","145.00","4.84M","-2.49%"
"05.04.2022","149.98","155.93","156.06","149.58","4.05M","-4.61%"
"04.04.2022","157.22","155.11","157.44","154.52","2.71M","1.63%"
"01.04.2022","154.70","158.43","158.80","152.39","5.39M","-1.94%"
"31.03.2022","157.76","161.31","162.03","157.34","3.37M","-2.27%"
"30.03.2022","161.43","165.48","166.06","160.58","3.27M","-3.20%"
"29.03.2022","166.77","165.63","167.03","163.40","3.09M","2.29%"
"28.03.2022","163.03","160.80","163.03","158.49","2.74M","0.78%"
"25.03.2022","161.77","161.96","162.40","159.09","3.11M","-0.23%"
"24.03.2022","162.14","155.94","162.27","155.30","5.00M","4.85%"
"23.03.2022","154.64","157.19","159.11","154.60","3.53M","-2.52%"
"22.03.2022","158.64","157.48","160.51","157.32","2.89M","0.56%"
"21.03.2022","157.76","157.47","159.06","154.94","4.80M","-0.20%"
"18.03.2022","158.08","153.97","158.72","153.02","5.00M","1.95%"
"17.03.2022","155.05","152.35","155.05","151.18","4.13M","0.62%"
"16.03.2022","154.10","149.04","154.12","147.42","4.87M","5.15%"
"15.03.2022","146.55","141.52","146.90","140.63","3.98M","4.60%"
"14.03.2022","140.11","144.37","145.12","139.45","5.68M","-3.24%"
"11.03.2022","144.80","150.12","150.40","144.51","6.52M","-2.15%"
"10.03.2022","147.98","148.40","148.55","145.07","4.81M","-2.05%"
"09.03.2022","151.08","149.88","152.22","148.17","4.70M","4.19%"
"08.03.2022","145.00","143.24","150.30","140.85","7.91M","1.92%"
"07.03.2022","142.27","150.23","151.30","142.24","5.87M","-5.02%"
"04.03.2022","149.79","152.37","153.71","148.10","4.44M","-2.65%"
"03.03.2022","153.87","158.13","158.17","152.93","4.18M","-2.10%"
"02.03.2022","157.17","153.59","158.26","153.23","2.85M","3.18%"
"01.03.2022","152.32","157.41","158.33","150.65","4.27M","-3.63%"
"28.02.2022","158.05","156.95","159.46","154.87","4.36M","-0.61%"
"25.02.2022","159.02","156.40","159.02","154.19","7.06M","1.67%"
"24.02.2022","156.41","145.03","156.66","144.68","8.67M","3.66%"
"23.02.2022","150.89","156.37","158.00","150.41","6.53M","-2.39%"
"22.02.2022","154.58","153.84","158.29","152.12","8.37M","-0.60%"
"18.02.2022","155.52","157.35","157.93","153.36","5.87M","-1.12%"
"17.02.2022","157.28","161.25","161.47","157.04","6.00M","-3.76%"
"16.02.2022","163.42","161.36","164.02","159.93","2.71M","0.04%"
"15.02.2022","163.36","158.17","163.79","157.75","4.88M","5.52%"
"14.02.2022","154.82","155.20","157.95","152.80","5.70M","0.10%"
"11.02.2022","154.67","163.24","164.43","153.56","7.88M","-5.09%"
"10.02.2022","162.97","164.11","169.29","162.04","4.61M","-3.12%"
"09.02.2022","168.21","165.01","168.23","162.95","5.06M","3.28%"
"08.02.2022","162.87","158.18","163.20","157.91","2.94M","2.53%"
"07.02.2022","158.85","159.33","161.50","158.25","3.50M","-0.06%"
"04.02.2022","158.94","157.30","160.30","155.17","5.06M","0.58%"
"03.02.2022","158.03","161.07","163.73","157.43","6.51M","-4.35%"
"02.02.2022","165.22","164.41","165.64","162.09","5.23M","2.53%"
"01.02.2022","161.15","161.39","161.65","157.13","4.07M","0.83%"
"31.01.2022","159.82","152.44","160.07","151.60","7.85M","5.37%"
"28.01.2022","151.68","148.70","151.68","144.43","7.17M","1.92%"
"27.01.2022","148.82","157.30","157.49","148.32","8.42M","-4.46%"
"26.01.2022","155.76","157.71","162.26","153.40","8.51M","1.54%"
"25.01.2022","153.40","155.25","157.16","152.52","10.71M","-3.73%"
"24.01.2022","159.35","154.25","159.64","148.98","15.47M","1.14%"
"21.01.2022","157.55","159.09","163.62","157.20","13.95M","-1.66%"
"20.01.2022","160.21","166.68","168.00","160.00","8.35M","-3.14%"
"19.01.2022","165.40","171.80","172.85","165.28","9.93M","-2.94%"
"18.01.2022","170.41","175.54","175.56","170.04","7.69M","-4.47%"
"14.01.2022","178.39","172.84","178.55","172.81","3.40M","2.39%"
"13.01.2022","174.22","181.11","182.62","173.77","3.27M","-2.33%"
"12.01.2022","178.38","178.79","180.02","176.60","3.57M","0.73%"
"11.01.2022","177.08","173.23","177.29","171.95","3.16M","1.88%"
"10.01.2022","173.81","171.60","174.19","168.00","5.38M","0.03%"
"07.01.2022","173.75","178.76","179.42","173.20","2.28M","-2.90%"
"06.01.2022","178.94","177.53","179.77","175.61","2.93M","0.78%"
"05.01.2022","177.56","182.39","183.96","177.40","3.75M","-3.39%"
"04.01.2022","183.80","185.19","186.34","179.37","3.50M","-0.31%"
"03.01.2022","184.37","181.99","184.55","181.27","1.70M","1.99%"
"31.12.2021","180.77","181.51","182.71","180.75","1.22M","-0.30%"
"30.12.2021","181.32","183.00","183.76","180.76","1.36M","-1.16%"
"29.12.2021","183.45","183.10","184.59","182.32","1.25M","0.15%"
"28.12.2021","183.17","186.07","186.09","182.32","1.98M","-1.10%"
"27.12.2021","185.21","180.93","185.25","180.89","2.51M","2.74%"
"23.12.2021","180.27","178.90","181.44","178.90","2.10M","0.97%"
"22.12.2021","178.54","175.80","178.54","174.88","2.13M","1.04%"
"21.12.2021","176.71","174.40","176.79","172.01","1.62M","3.61%"
"20.12.2021","170.55","169.40","171.88","168.69","2.15M","-0.79%"
"17.12.2021","171.90","170.61","174.64","170.04","2.70M","-0.24%"
"16.12.2021","172.31","180.90","181.41","171.27","2.80M","-4.36%"
"15.12.2021","180.17","174.14","180.33","171.80","2.34M","3.67%"
"14.12.2021","173.79","172.48","174.70","171.52","2.89M","-0.48%"
"13.12.2021","174.63","180.11","180.19","174.32","2.29M","-2.82%"
"10.12.2021","179.70","181.34","182.20","177.47","2.02M","0.94%"
"09.12.2021","178.02","181.13","182.94","177.86","1.67M","-2.30%"
"08.12.2021","182.21","182.43","182.58","180.33","1.67M","-0.65%"
"07.12.2021","183.40","178.49","183.76","178.49","2.69M","5.05%"
"06.12.2021","174.59","174.47","175.12","169.13","2.09M","-0.13%"
"03.12.2021","174.81","177.74","179.50","172.85","2.49M","-0.26%"
"02.12.2021","175.26","173.20","176.48","171.88","3.12M","0.15%"
"01.12.2021","175.00","179.00","182.16","174.99","3.12M","-0.80%"
"30.11.2021","176.41","178.85","180.53","174.91","3.26M","-1.75%"
"29.11.2021","179.56","175.48","179.96","174.82","2.41M","3.85%"
"26.11.2021","172.91","174.51","176.09","171.64","2.45M","-2.78%"
"24.11.2021","177.86","174.55","177.95","172.80","2.12M","1.10%"
"23.11.2021","175.93","176.45","177.64","172.97","2.43M","-0.40%"
"22.11.2021","176.64","180.27","182.71","176.40","4.42M","-1.45%"
"19.11.2021","179.24","178.77","180.45","177.88","3.41M","0.28%"
"18.11.2021","178.74","179.00","179.64","177.03","2.00M","1.67%"
"17.11.2021","175.80","177.12","177.12","174.94","1.58M","-0.69%"
"16.11.2021","177.03","173.63","177.35","173.42","2.02M","1.50%"
"15.11.2021","174.42","175.86","175.86","172.63","2.32M","-0.07%"
"12.11.2021","174.55","173.46","175.37","172.50","1.97M","0.98%"
"11.11.2021","172.86","172.08","173.27","170.75","2.28M","2.11%"
"10.11.2021","169.28","171.15","173.49","168.54","3.93M","-2.95%"
"09.11.2021","174.42","176.16","176.36","172.54","2.72M","0.00%"
"08.11.2021","174.42","173.16","175.56","172.54","2.92M","1.35%"
"05.11.2021","172.10","171.27","173.42","170.39","4.53M","1.11%"
"04.11.2021","170.21","166.53","170.97","165.62","4.08M","3.36%"
"03.11.2021","164.67","163.00","164.87","162.37","2.18M","1.15%"
"02.11.2021","162.79","160.70","162.80","160.70","2.23M","1.24%"
"01.11.2021","160.79","158.40","160.83","158.00","2.55M","1.63%"
"29.10.2021","158.21","156.18","158.23","156.00","2.14M","0.44%"
"28.10.2021","157.51","156.09","157.63","155.81","3.28M","2.26%"
"27.10.2021","154.03","154.20","155.84","153.49","3.23M","-0.72%"
"26.10.2021","155.15","156.24","156.80","154.60","1.88M","0.08%"
"25.10.2021","155.03","154.76","155.92","154.20","1.68M","0.69%"
"22.10.2021","153.97","154.90","156.50","153.71","3.28M","-1.12%"
"21.10.2021","155.72","153.18","155.92","153.11","1.30M","1.01%"
"20.10.2021","154.17","153.93","154.77","153.50","1.26M","-0.21%"
"19.10.2021","154.49","152.97","154.49","152.27","1.39M","1.23%"
"18.10.2021","152.62","150.50","152.67","149.63","1.35M","0.81%"
"15.10.2021","151.40","151.50","151.85","150.63","1.64M","0.67%"
"14.10.2021","150.39","148.55","150.41","148.14","2.49M","3.10%"
"13.10.2021","145.87","146.08","146.77","145.39","1.76M","0.58%"
"12.10.2021","145.03","147.79","148.01","144.42","3.20M","-1.25%"
"11.10.2021","146.86","147.27","149.35","146.81","1.53M","-0.67%"
"08.10.2021","147.85","149.92","150.11","147.73","1.67M","-1.02%"
"07.10.2021","149.38","149.56","151.36","149.19","1.91M","1.16%"
"06.10.2021","147.66","145.45","147.77","144.94","3.41M","0.39%"
"05.10.2021","147.08","145.58","148.10","145.34","3.16M","1.51%"
"04.10.2021","144.89","147.95","148.04","144.45","4.16M","-2.58%"
"01.10.2021","148.72","149.21","149.49","146.28","3.12M","0.07%"
"30.09.2021","148.62","150.09","151.07","148.58","4.53M","-0.04%"
"29.09.2021","148.68","151.40","151.85","148.39","6.78M","-1.58%"
"28.09.2021","151.07","154.25","155.14","151.07","5.45M","-3.91%"
"27.09.2021","157.22","155.91","157.83","154.99","1.34M","-0.24%"
"24.09.2021","157.60","156.58","157.94","156.33","1.19M","-0.36%"
"23.09.2021","158.17","156.83","158.67","156.26","2.41M","1.33%"
"22.09.2021","156.09","154.12","156.45","153.55","1.31M","2.08%"
"21.09.2021","152.91","153.60","154.06","151.52","2.21M","0.30%"
"20.09.2021","152.46","153.00","153.59","150.22","3.13M","-2.48%"
"17.09.2021","156.33","158.45","158.45","155.63","2.43M","-1.60%"
"16.09.2021","158.87","157.42","159.40","156.76","1.66M","0.20%"
"15.09.2021","158.56","157.78","158.57","156.44","3.77M","0.57%"
"14.09.2021","157.66","158.05","158.85","156.94","2.58M","0.01%"
"13.09.2021","157.65","157.73","157.98","155.52","2.84M","0.96%"
"10.09.2021","156.15","156.20","158.53","156.14","2.96M","0.79%"
"09.09.2021","154.92","154.28","155.84","154.18","3.92M","0.35%"
"08.09.2021","154.38","155.67","155.83","153.03","3.09M","-1.28%"
"07.09.2021","156.38","157.04","157.05","155.46","1.64M","-0.37%"
"03.09.2021","156.96","155.82","157.57","155.47","1.36M","0.75%"
"02.09.2021","155.79","155.95","156.27","155.19","1.50M","0.37%"
"01.09.2021","155.21","156.85","157.00","155.21","1.63M","-0.54%"
"31.08.2021","156.06","157.49","157.70","154.85","2.11M","-0.80%"
"30.08.2021","157.32","157.65","158.84","156.76","2.52M","0.20%"
"27.08.2021","157.01","154.15","157.19","153.94","2.40M","1.91%"
"26.08.2021","154.07","153.74","154.67","152.81","2.28M","0.10%"
"25.08.2021","153.92","153.36","155.06","153.28","2.27M","0.76%"
"24.08.2021","152.76","153.20","153.67","152.50","1.66M","0.00%"
"23.08.2021","152.76","150.12","152.96","150.12","2.18M","2.81%"
"20.08.2021","148.58","147.86","148.84","146.81","1.80M","0.75%"
"19.08.2021","147.47","145.35","148.28","144.23","2.18M","0.82%"
"18.08.2021","146.27","148.02","148.93","146.08","1.88M","-1.32%"
"17.08.2021","148.23","149.90","149.90","146.84","1.85M","-1.94%"
"16.08.2021","151.16","151.15","151.55","149.89","1.14M","-0.37%"
"13.08.2021","151.72","150.43","151.74","150.30","1.06M","0.63%"
"12.08.2021","150.77","151.91","151.91","149.52","1.53M","-1.08%"
"11.08.2021","152.41","153.35","153.56","150.62","1.30M","-0.34%"
"10.08.2021","152.93","154.96","155.23","151.82","2.70M","-1.16%"
"09.08.2021","154.73","155.88","155.97","154.08","1.07M","-0.34%"
"06.08.2021","155.26","155.12","156.04","154.85","1.23M","-0.49%"
"05.08.2021","156.03","156.76","157.13","155.15","1.42M","0.01%"
"04.08.2021","156.01","154.73","156.76","154.50","1.63M","1.02%"
"03.08.2021","154.43","153.61","154.43","151.81","1.77M","0.76%"
"02.08.2021","153.27","153.76","155.17","152.89","2.86M","0.64%"
"30.07.2021","152.30","149.70","152.61","149.70","2.32M","0.81%"
"29.07.2021","151.07","148.61","151.53","148.55","2.30M","2.04%"
"28.07.2021","148.05","146.20","148.67","145.49","2.29M","1.63%"
"27.07.2021","145.67","147.97","147.97","142.59","2.51M","-1.83%"
"26.07.2021","148.39","147.77","148.72","147.41","1.12M","0.03%"
"23.07.2021","148.34","148.28","148.49","146.51","1.31M","0.51%"
"22.07.2021","147.59","147.72","148.40","146.50","1.19M","-0.59%"
"21.07.2021","148.47","144.59","148.54","144.59","2.04M","3.08%"
"20.07.2021","144.04","142.79","145.14","141.00","3.20M","1.36%"
"19.07.2021","142.11","140.31","142.34","139.50","4.07M","-0.10%"
"16.07.2021","142.25","145.86","146.60","141.91","2.57M","-2.17%"
"15.07.2021","145.41","147.99","148.31","144.31","2.66M","-2.22%"
"14.07.2021","148.71","150.42","151.70","148.28","2.26M","-0.46%"
"13.07.2021","149.40","149.37","150.05","148.61","2.12M","-0.40%"
"12.07.2021","150.00","148.73","150.00","148.17","3.95M","1.28%"
"09.07.2021","148.10","146.20","148.38","145.15","1.83M","1.63%"
"08.07.2021","145.72","144.51","146.42","143.40","2.00M","-1.29%"
"07.07.2021","147.62","150.83","150.85","147.00","1.89M","-1.51%"
"06.07.2021","149.89","150.55","151.04","147.98","2.00M","-0.17%"
"02.07.2021","150.15","150.16","150.51","148.97","1.83M","0.61%"
"01.07.2021","149.24","151.25","151.25","148.73","2.26M","-1.43%"
"30.06.2021","151.41","151.14","151.70","150.40","1.32M","0.09%"
"29.06.2021","151.28","149.93","151.50","149.43","1.75M","0.79%"
"28.06.2021","150.10","147.51","150.73","147.51","2.65M","2.39%"
"25.06.2021","146.60","147.63","147.86","146.19","1.34M","-0.27%"
"24.06.2021","147.00","145.95","147.39","145.80","1.43M","1.69%"
"23.06.2021","144.55","144.31","145.36","144.26","1.89M","0.42%"
"22.06.2021","143.95","143.48","144.36","142.68","1.74M","0.47%"
"21.06.2021","143.27","142.91","143.52","141.69","2.23M","0.37%"
"18.06.2021","142.74","145.24","145.35","141.96","2.89M","-2.39%"
"17.06.2021","146.24","144.29","147.31","144.18","3.87M","1.08%"
"16.06.2021","144.68","146.51","146.93","143.53","3.61M","-0.94%"
"15.06.2021","146.06","146.87","147.77","145.58","2.39M","-0.81%"
"14.06.2021","147.26","145.57","147.26","144.71","3.67M","1.42%"
"11.06.2021","145.20","144.90","145.20","144.09","1.77M","0.51%"
"10.06.2021","144.47","143.06","145.03","142.76","2.17M","1.03%"
"09.06.2021","143.00","144.18","144.60","143.00","2.61M","-0.49%"
"08.06.2021","143.71","145.66","145.91","142.62","2.53M","-0.57%"
"07.06.2021","144.53","144.98","145.24","143.69","2.38M","-0.78%"
"04.06.2021","145.67","143.43","145.96","143.43","2.82M","2.43%"
"03.06.2021","142.21","143.08","143.70","141.55","3.25M","-1.72%"
"02.06.2021","144.70","143.71","145.29","143.26","2.14M","0.61%"
"01.06.2021","143.82","145.32","146.46","143.08","3.37M","-0.28%"
"28.05.2021","144.23","143.44","144.92","143.19","2.18M","0.93%"
"27.05.2021","142.90","142.04","143.62","141.67","3.30M","0.42%"
"26.05.2021","142.30","142.02","142.92","141.01","2.49M","0.27%"
"25.05.2021","141.92","142.54","142.99","141.12","4.36M","0.30%"
"24.05.2021","141.50","139.46","142.26","139.33","3.37M","2.53%"
"21.05.2021","138.01","139.76","139.81","137.78","5.25M","-0.55%"
"20.05.2021","138.78","136.23","139.35","136.13","5.02M","2.63%"
"19.05.2021","135.22","130.07","135.36","129.52","4.13M","1.95%"
"18.05.2021","132.64","134.97","135.23","132.56","2.35M","-0.80%"
"17.05.2021","133.71","133.64","133.83","131.48","3.37M","-0.87%"
"14.05.2021","134.89","132.75","136.11","131.46","4.66M","3.10%"
"13.05.2021","130.84","131.43","132.87","129.53","4.88M","1.28%"
"12.05.2021","129.19","131.86","132.64","128.67","7.76M","-4.08%"
"11.05.2021","134.68","130.40","135.05","129.93","6.72M","0.13%"
"10.05.2021","134.50","139.53","139.53","134.26","6.35M","-4.45%"
"07.05.2021","140.76","140.27","141.72","139.60","2.87M","1.38%"
"06.05.2021","138.85","137.47","138.89","135.90","3.66M","0.82%"
"05.05.2021","137.72","138.58","139.43","136.69","4.81M","0.62%"
"04.05.2021","136.87","137.40","137.45","134.34","6.06M","-1.68%"
"03.05.2021","139.21","141.68","141.82","138.44","3.22M","-1.04%"
"30.04.2021","140.68","142.59","143.43","140.34","3.90M","-2.78%"
"29.04.2021","144.71","145.82","145.91","142.61","3.24M","0.65%"
"28.04.2021","143.78","145.18","145.25","143.61","2.36M","-1.51%"
"27.04.2021","145.99","147.67","147.78","145.55","4.88M","-0.75%"
"26.04.2021","147.10","144.64","147.28","144.38","3.58M","1.83%"
"23.04.2021","144.45","142.44","145.05","142.27","4.00M","1.83%"
"22.04.2021","141.86","144.72","144.91","141.00","5.43M","-2.18%"
"21.04.2021","145.02","141.42","145.07","140.84","4.32M","2.63%"
"20.04.2021","141.31","142.89","143.48","140.48","5.37M","-1.43%"
"19.04.2021","143.36","146.14","146.63","142.04","8.92M","-2.63%"
"16.04.2021","147.23","147.92","148.22","146.90","2.71M","-0.47%"
"15.04.2021","147.92","146.98","148.23","145.85","5.67M","1.68%"
"14.04.2021","145.48","146.82","147.93","144.69","5.00M","-1.10%"
"13.04.2021","147.10","148.46","148.67","145.63","3.33M","-0.16%"
"12.04.2021","147.33","148.15","148.15","146.07","2.61M","-1.07%"
"09.04.2021","148.93","148.19","149.08","147.57","2.47M","-0.31%"
"08.04.2021","149.40","149.30","149.57","148.03","4.28M","1.14%"
"07.04.2021","147.72","147.97","148.47","146.60","3.30M","-0.06%"
"06.04.2021","147.81","148.60","149.52","146.34","5.91M","-1.12%"
"05.04.2021","149.48","148.94","149.92","147.15","6.50M","2.01%"
"01.04.2021","146.53","143.79","146.61","143.74","7.38M","3.68%"
"31.03.2021","141.33","139.26","142.40","138.99","5.97M","2.44%"
"30.03.2021","137.96","137.20","138.25","136.33","4.26M","-0.24%"
"29.03.2021","138.29","139.13","139.66","136.63","6.54M","-1.53%"
"26.03.2021","140.44","133.94","140.70","133.85","6.49M","4.93%"
"25.03.2021","133.84","131.63","134.49","130.27","5.58M","-0.08%"
"24.03.2021","133.95","138.07","138.63","133.88","6.61M","-1.37%"
"23.03.2021","135.81","140.02","140.26","135.18","5.64M","-2.63%"
"22.03.2021","139.48","138.26","141.11","137.74","3.13M","2.12%"
"19.03.2021","136.59","135.19","137.79","133.47","6.61M","1.24%"
"18.03.2021","134.92","138.79","139.06","134.76","6.05M","-4.14%"
"17.03.2021","140.74","137.07","141.85","136.03","5.77M","1.26%"
"16.03.2021","138.99","138.84","141.20","138.18","6.78M","1.29%"
"15.03.2021","137.22","135.11","137.41","134.13","3.90M","2.11%"
"12.03.2021","134.39","133.33","134.63","132.37","3.15M","-1.05%"
"11.03.2021","135.82","134.21","136.59","133.50","3.69M","4.21%"
"10.03.2021","130.33","135.13","135.17","130.33","4.08M","-1.89%"
"09.03.2021","132.84","129.60","133.73","129.22","4.13M","6.21%"
"08.03.2021","125.07","132.03","132.57","125.02","7.35M","-5.39%"
"05.03.2021","132.20","131.31","132.65","125.18","6.31M","3.00%"
"04.03.2021","128.35","134.41","135.04","126.45","7.24M","-4.81%"
"03.03.2021","134.84","139.25","139.55","133.58","4.43M","-3.06%"
"02.03.2021","139.10","143.98","143.98","138.94","3.18M","-3.00%"
"01.03.2021","143.40","141.08","143.55","140.01","2.32M","3.19%"
"26.02.2021","138.97","138.10","140.25","135.35","4.56M","2.28%"
"25.02.2021","135.87","142.40","143.34","135.31","5.34M","-5.70%"
"24.02.2021","144.08","138.68","144.23","137.43","3.14M","3.25%"
"23.02.2021","139.55","138.03","140.61","134.03","4.03M","-0.75%"
"22.02.2021","140.61","144.00","145.01","140.12","2.65M","-3.63%"
"19.02.2021","145.90","144.62","146.76","144.33","2.25M","2.41%"
"18.02.2021","142.46","142.16","143.12","140.68","2.26M","-1.03%"
"17.02.2021","143.94","145.20","145.73","141.97","2.79M","-1.71%"
"16.02.2021","146.45","147.46","147.99","145.83","3.15M","0.50%"
"12.02.2021","145.72","143.52","146.00","142.78","1.93M","1.24%"
"11.02.2021","143.94","140.27","144.04","140.27","2.11M","3.46%"
"10.02.2021","139.12","140.00","140.73","137.34","2.22M","0.19%"
"09.02.2021","138.85","138.86","139.83","138.08","1.38M","-0.29%"
"08.02.2021","139.26","136.11","139.36","136.11","1.95M","3.00%"
"05.02.2021","135.20","137.15","137.15","135.00","1.46M","-0.68%"
"04.02.2021","136.13","134.60","136.24","133.65","1.83M","0.81%"
"03.02.2021","135.03","138.35","138.75","134.67","2.77M","-2.03%"
"02.02.2021","137.83","137.89","138.00","135.97","2.43M","1.62%"
"01.02.2021","135.63","132.70","136.04","132.26","1.92M","3.95%"
"29.01.2021","130.47","133.24","133.71","130.04","2.76M","-1.75%"
"28.01.2021","132.79","132.56","134.70","131.51","3.37M","2.19%"
"27.01.2021","129.94","134.67","134.68","129.41","5.39M","-5.19%"
"26.01.2021","137.05","139.39","139.39","137.04","1.22M","-1.63%"
"25.01.2021","139.32","140.28","140.64","136.63","1.68M","0.14%"
"22.01.2021","139.12","140.37","140.97","139.04","1.67M","-1.70%"
"21.01.2021","141.52","140.82","142.08","139.37","2.55M","1.45%"
"20.01.2021","139.50","141.52","142.00","139.17","1.85M","-0.36%"
"19.01.2021","140.00","137.58","140.09","137.26","2.52M","3.43%"
"15.01.2021","135.36","138.01","138.17","134.58","2.40M","-2.03%"
"14.01.2021","138.17","136.98","139.75","136.98","1.75M","2.12%"
"13.01.2021","135.30","136.33","136.63","134.77","1.20M","0.16%"
"12.01.2021","135.08","135.13","136.39","133.90","4.50M","0.60%"
"11.01.2021","134.27","131.77","135.33","131.67","1.63M","1.02%"
"08.01.2021","132.92","134.75","135.37","131.36","2.12M","0.05%"
"07.01.2021","132.85","129.89","133.18","129.89","1.81M","3.77%"
"06.01.2021","128.02","127.03","130.54","126.86","3.22M","-0.33%"
"05.01.2021","128.44","125.76","128.44","125.67","1.67M","2.05%"
"04.01.2021","125.86","127.21","129.93","124.95","2.49M","-0.42%"
"31.12.2020","126.39","126.12","126.59","125.21","1.19M","0.32%"
"30.12.2020","125.99","124.60","126.20","124.49","1.16M","1.67%"
"29.12.2020","123.92","124.88","124.88","122.54","1.33M","-0.26%"
"28.12.2020","124.24","125.83","125.90","124.05","1.11M","-0.10%"
"24.12.2020","124.37","123.93","124.43","123.56","574.32K","0.89%"
"23.12.2020","123.27","124.41","124.62","123.17","1.26M","-0.76%"
"22.12.2020","124.21","124.42","124.50","123.17","674.67K","-0.14%"
"21.12.2020","124.39","123.37","124.50","122.32","1.80M","-0.45%"
"18.12.2020","124.95","125.86","126.09","124.30","1.16M","-0.59%"
"17.12.2020","125.69","126.29","126.29","125.14","1.24M","0.18%"
"16.12.2020","125.46","125.98","125.98","124.47","1.34M","0.06%"
"15.12.2020","125.39","125.33","125.81","124.51","1.11M","1.39%"
"14.12.2020","123.67","123.44","124.41","123.17","1.31M","0.91%"
"11.12.2020","122.55","122.88","123.41","121.20","1.61M","-0.97%"
"10.12.2020","123.75","122.87","124.82","122.45","1.97M","-0.15%"
"09.12.2020","123.93","127.04","127.88","123.17","1.95M","-2.82%"
"08.12.2020","127.52","127.02","128.02","126.40","1.20M","0.32%"
"07.12.2020","127.11","127.19","127.20","125.90","1.66M","0.51%"
"04.12.2020","126.47","123.67","126.55","123.47","1.62M","2.73%"
"03.12.2020","123.11","123.67","124.39","122.95","1.10M","0.13%"
"02.12.2020","122.95","122.25","123.56","122.13","2.14M","0.29%"
"01.12.2020","122.59","121.67","123.37","121.27","2.01M","1.65%"
"30.11.2020","120.60","119.42","120.74","117.91","1.87M","1.16%"
"27.11.2020","119.22","118.57","119.92","118.57","1.71M","1.19%"
"25.11.2020","117.82","118.25","118.73","117.33","974.07K","-0.22%"
"24.11.2020","118.08","118.28","118.29","116.26","1.83M","0.54%"
"23.11.2020","117.44","116.31","117.85","115.93","1.39M","1.42%"
"20.11.2020","115.79","116.37","117.36","115.65","1.37M","-0.46%"
"19.11.2020","116.33","114.23","116.44","113.71","1.06M","1.47%"
"18.11.2020","114.64","115.70","116.50","114.57","1.36M","-0.74%"
"17.11.2020","115.50","116.05","116.08","114.64","1.37M","-0.82%"
"16.11.2020","116.46","114.56","116.46","114.25","1.46M","2.49%"
"13.11.2020","113.63","113.59","114.58","112.82","1.07M","1.22%"
"12.11.2020","112.26","113.84","114.11","111.66","1.20M","-1.23%"
"11.11.2020","113.66","111.40","113.86","111.39","1.67M","3.60%"
"10.11.2020","109.71","112.09","112.56","109.42","1.86M","-3.00%"
"09.11.2020","113.10","117.51","117.92","113.09","1.92M","-1.16%"
"06.11.2020","114.43","112.33","114.85","111.97","2.02M","1.63%"
"05.11.2020","112.60","110.87","112.88","110.77","2.81M","4.49%"
"04.11.2020","107.76","106.34","108.32","105.07","3.03M","3.50%"
"03.11.2020","104.12","103.09","105.00","103.07","1.39M","1.89%"
"02.11.2020","102.19","102.78","103.25","101.31","1.46M","0.35%"
"30.10.2020","101.83","102.11","102.78","100.48","1.34M","-1.33%"
"29.10.2020","103.20","100.67","104.28","100.53","1.51M","2.53%"
"28.10.2020","100.65","102.42","102.42","100.48","1.48M","-3.28%"
"27.10.2020","104.06","105.19","105.45","103.70","890.15K","-0.39%"
"26.10.2020","104.47","105.87","106.25","103.10","1.67M","-2.16%"
"23.10.2020","106.78","106.75","106.78","105.77","785.90K","-0.35%"
"22.10.2020","107.16","107.25","107.71","105.86","912.25K","0.05%"
"21.10.2020","107.11","108.09","108.31","107.03","1.07M","-0.68%"
"20.10.2020","107.84","108.50","108.79","107.58","1.05M","-0.16%"
"19.10.2020","108.01","109.45","110.10","107.60","1.21M","-0.51%"
"16.10.2020","108.56","109.83","110.03","108.47","866.01K","-0.48%"
"15.10.2020","109.08","107.33","109.29","107.11","1.21M","-0.27%"
"14.10.2020","109.37","110.27","110.61","108.75","1.56M","-0.41%"
"13.10.2020","109.82","110.20","110.75","109.32","2.30M","-0.17%"
"12.10.2020","110.01","109.84","110.57","109.29","1.59M","1.49%"
"09.10.2020","108.40","108.07","108.71","107.66","1.97M","1.76%"
"08.10.2020","106.53","106.19","106.75","105.86","979.82K","1.24%"
"07.10.2020","105.23","104.72","105.55","104.70","1.25M","1.92%"
"06.10.2020","103.25","103.83","105.74","102.83","1.89M","-0.47%"
"05.10.2020","103.74","101.52","103.84","101.38","1.54M","3.12%"
"02.10.2020","100.60","101.03","102.70","100.46","2.01M","-3.00%"
"01.10.2020","103.71","102.92","103.91","102.44","2.05M","2.14%"
"30.09.2020","101.54","101.30","102.54","100.94","1.95M","0.18%"
"29.09.2020","101.36","101.21","102.31","101.06","1.92M","0.23%"
"28.09.2020","101.13","99.81","101.23","99.17","1.84M","2.75%"
"25.09.2020","98.42","97.25","98.73","95.80","1.61M","1.38%"
"24.09.2020","97.08","95.47","98.43","95.40","2.35M","0.84%"
"23.09.2020","96.27","98.57","99.10","95.91","1.90M","-2.66%"
"22.09.2020","98.90","98.52","99.04","96.80","1.10M","1.03%"
"21.09.2020","97.89","96.22","97.89","95.39","2.33M","-0.18%"
"18.09.2020","98.07","100.08","100.34","96.79","1.21M","-1.57%"
"17.09.2020","99.63","97.14","99.79","96.80","1.71M","-0.05%"
"16.09.2020","99.68","101.34","101.46","99.52","1.22M","-0.93%"
"15.09.2020","100.62","100.27","101.31","100.09","1.26M","1.73%"
"14.09.2020","98.91","98.92","99.53","98.15","1.16M","2.00%"
"11.09.2020","96.97","97.68","98.69","95.92","1.52M","-0.03%"
"10.09.2020","97.00","99.66","99.96","96.43","1.91M","-1.35%"
"09.09.2020","98.33","98.15","99.15","96.86","1.91M","2.72%"
"08.09.2020","95.73","96.81","98.59","95.59","3.04M","-4.67%"
"04.09.2020","100.42","100.80","102.15","96.84","3.47M","-1.03%"
"03.09.2020","101.47","105.74","105.98","100.77","3.92M","-5.58%"
"02.09.2020","107.47","106.09","108.09","105.07","2.97M","2.90%"
"01.09.2020","104.44","103.23","104.51","102.69","1.42M","1.98%"
"31.08.2020","102.41","102.57","103.27","101.75","1.01M","-0.22%"
"28.08.2020","102.64","100.90","102.68","100.72","1.71M","1.85%"
"27.08.2020","100.78","102.38","102.38","100.14","1.66M","-1.14%"
"26.08.2020","101.94","101.84","102.30","101.42","1.02M","0.32%"
"25.08.2020","101.61","100.83","101.69","100.63","1.09M","0.97%"
"24.08.2020","100.63","100.75","100.99","99.85","1.04M","1.03%"
"21.08.2020","99.60","98.73","99.67","98.36","1.24M","0.68%"
"20.08.2020","98.93","98.67","99.38","98.19","1.90M","-0.88%"
"19.08.2020","99.81","100.51","100.69","99.51","1.20M","-0.57%"
"18.08.2020","100.38","101.49","101.56","100.10","1.02M","-0.54%"
"17.08.2020","100.92","100.62","101.39","100.39","928.57K","1.13%"
"14.08.2020","99.79","100.17","100.96","99.44","1.09M","-0.06%"
"13.08.2020","99.85","100.86","100.96","99.36","1.52M","-1.00%"
"12.08.2020","100.86","98.53","101.12","98.21","1.95M","3.23%"
"11.08.2020","97.70","98.62","99.64","97.40","2.12M","-1.04%"
"10.08.2020","98.73","99.03","99.15","97.30","1.33M","0.00%"
"07.08.2020","98.73","99.73","100.10","97.53","1.36M","-1.11%"
"06.08.2020","99.84","99.82","100.01","98.83","1.10M","-0.06%"
"05.08.2020","99.90","99.84","100.34","99.20","1.74M","-0.10%"
"04.08.2020","100.00","98.55","100.09","98.50","1.45M","1.47%"
"03.08.2020","98.55","97.39","98.79","97.37","1.65M","1.81%"
"31.07.2020","96.80","97.43","97.48","95.32","1.92M","-0.40%"
"30.07.2020","97.19","95.04","97.28","95.01","2.72M","1.97%"
"29.07.2020","95.31","94.22","95.70","94.12","1.45M","2.06%"
"28.07.2020","93.39","94.53","94.66","93.20","1.82M","-1.93%"
"27.07.2020","95.23","93.52","95.27","93.45","2.32M","3.12%"
"24.07.2020","92.35","92.17","93.67","90.92","2.72M","-1.58%"
"23.07.2020","93.83","95.33","96.08","93.00","2.01M","-1.52%"
"22.07.2020","95.28","95.23","96.01","94.51","1.24M","0.33%"
"21.07.2020","94.97","96.16","96.29","94.58","1.60M","-0.51%"
"20.07.2020","95.46","93.76","95.72","93.15","1.78M","1.98%"
"17.07.2020","93.61","93.44","93.99","93.15","1.34M","0.50%"
"16.07.2020","93.14","92.40","93.44","91.99","1.34M","-0.37%"
"15.07.2020","93.49","94.40","94.40","92.05","2.25M","-0.17%"
"14.07.2020","93.65","91.48","93.88","90.28","3.12M","1.65%"
"13.07.2020","92.13","94.99","96.02","91.95","2.95M","-1.64%"
"10.07.2020","93.67","94.23","94.35","92.76","965.98K","-0.33%"
"09.07.2020","93.98","93.20","94.55","91.78","2.01M","1.33%"
"08.07.2020","92.75","92.21","92.83","91.49","1.61M","1.36%"
"07.07.2020","91.51","92.41","92.98","91.37","1.89M","-1.19%"
"06.07.2020","92.61","92.00","92.96","91.71","2.31M","2.65%"
"02.07.2020","90.22","90.51","91.06","89.95","1.79M","1.22%"
"01.07.2020","89.13","90.37","90.41","89.05","1.91M","-1.28%"
"30.06.2020","90.29","88.41","90.63","88.34","4.09M","2.59%"
"29.06.2020","88.01","87.08","88.04","85.99","2.67M","1.09%"
"26.06.2020","87.06","88.83","88.92","86.84","1.64M","-1.87%"
"25.06.2020","88.72","87.99","88.90","86.64","1.38M","0.72%"
"24.06.2020","88.09","89.58","90.05","87.41","1.97M","-2.20%"
"23.06.2020","90.07","90.62","91.01","89.91","1.18M","0.36%"
"22.06.2020","89.75","89.00","89.96","88.14","1.29M","0.74%"
"19.06.2020","89.09","90.65","90.93","88.85","2.27M","-0.49%"
"18.06.2020","89.53","89.57","90.01","89.13","1.34M","-0.18%"
"17.06.2020","89.69","89.85","90.50","89.16","1.37M","0.78%"
"16.06.2020","89.00","89.86","90.43","87.41","3.39M","1.95%"
"15.06.2020","87.30","84.24","87.43","83.95","2.13M","1.14%"
"12.06.2020","86.32","87.34","88.06","84.40","4.61M","1.36%"
"11.06.2020","85.16","88.63","88.92","85.07","3.99M","-6.36%"
"10.06.2020","90.94","91.22","91.80","90.57","2.58M","0.35%"
"09.06.2020","90.62","89.64","90.94","89.24","1.96M","0.08%"
"08.06.2020","90.55","91.28","91.42","89.66","2.53M","-0.21%"
"05.06.2020","90.74","90.68","92.05","90.26","2.88M","2.45%"
"04.06.2020","88.57","87.43","89.22","87.16","1.95M","0.91%"
"03.06.2020","87.77","86.57","88.17","86.55","1.78M","2.90%"
"02.06.2020","85.30","83.74","85.37","83.35","3.16M","2.16%"
"01.06.2020","83.50","83.52","83.89","82.76","2.78M","-0.54%"
"29.05.2020","83.95","82.13","84.18","81.87","6.28M","2.55%"
"28.05.2020","81.86","83.07","84.19","81.41","4.47M","-2.17%"
"27.05.2020","83.68","82.67","83.68","80.33","5.30M","1.54%"
"26.05.2020","82.41","83.74","84.14","82.30","4.31M","1.04%"
"22.05.2020","81.56","81.28","81.69","80.27","2.46M","0.44%"
"21.05.2020","81.20","83.32","83.38","81.06","3.81M","-2.51%"
"20.05.2020","83.29","81.99","83.84","81.99","3.79M","3.68%"
"19.05.2020","80.33","80.61","82.19","80.30","4.31M","-0.33%"
"18.05.2020","80.60","78.89","81.03","78.89","4.94M","4.59%"
"15.05.2020","77.06","76.05","77.32","75.58","5.66M","-2.06%"
"14.05.2020","78.68","75.98","78.76","74.70","6.52M","2.68%"
"13.05.2020","76.63","78.52","78.88","75.47","6.89M","-1.93%"
"12.05.2020","78.14","80.81","81.08","78.07","3.76M","-2.65%"
"11.05.2020","80.27","79.59","80.99","79.45","3.50M","-0.10%"
"08.05.2020","80.35","78.86","80.43","78.64","3.89M","2.96%"
"07.05.2020","78.04","78.71","79.01","77.65","2.83M","0.89%"
"06.05.2020","77.35","77.24","78.54","77.12","4.41M","1.23%"
"05.05.2020","76.41","76.55","77.83","75.95","4.51M","1.68%"
"04.05.2020","75.15","73.82","75.24","73.52","3.38M","0.83%"
"01.05.2020","74.53","76.29","76.70","74.17","6.03M","-4.88%"
"30.04.2020","78.35","80.87","80.97","78.21","5.17M","-3.52%"
"29.04.2020","81.21","78.91","81.54","78.76","3.98M","4.75%"
"28.04.2020","77.53","79.39","79.79","77.45","4.09M","-0.53%"
"27.04.2020","77.94","77.90","78.71","77.58","3.21M","1.34%"
"24.04.2020","76.91","75.29","77.08","74.66","2.89M","2.08%"
"23.04.2020","75.34","76.11","76.89","75.08","2.93M","-1.00%"
"22.04.2020","76.10","74.10","76.46","73.72","3.34M","6.05%"
"21.04.2020","71.76","74.28","74.66","71.53","3.65M","-4.90%"
"20.04.2020","75.46","75.97","77.10","75.36","2.71M","-2.17%"
"17.04.2020","77.13","77.89","78.04","76.18","2.77M","0.77%"
"16.04.2020","76.54","75.80","76.70","74.79","3.34M","2.81%"
"15.04.2020","74.45","75.12","75.12","73.75","3.62M","-2.97%"
"14.04.2020","76.73","75.13","76.73","74.95","5.87M","4.61%"
"13.04.2020","73.35","72.25","73.57","71.67","3.97M","1.13%"
"09.04.2020","72.53","75.19","75.77","71.82","6.79M","-2.16%"
"08.04.2020","74.13","72.94","74.41","71.92","3.92M","3.35%"
"07.04.2020","71.73","74.51","74.79","71.65","6.70M","-0.36%"
"06.04.2020","71.99","68.16","72.32","68.16","5.01M","10.19%"
"03.04.2020","65.33","66.48","67.33","64.47","3.11M","-1.89%"
"02.04.2020","66.59","64.10","66.74","63.97","3.54M","2.98%"
"01.04.2020","64.66","66.15","67.74","63.97","2.94M","-5.47%"
"31.03.2020","68.40","69.78","70.96","67.81","4.35M","-1.96%"
"30.03.2020","69.77","68.13","69.98","67.63","3.34M","3.47%"
"27.03.2020","67.43","68.71","69.71","67.20","2.50M","-4.96%"
"26.03.2020","70.95","68.22","71.24","67.60","3.30M","6.72%"
"25.03.2020","66.48","67.95","70.17","65.52","2.50M","-1.64%"
"24.03.2020","67.59","64.82","67.78","64.62","5.75M","10.82%"
"23.03.2020","60.99","59.54","61.97","58.10","2.79M","3.57%"
"20.03.2020","58.89","62.82","63.92","58.59","2.94M","-2.84%"
"19.03.2020","60.61","58.01","62.50","56.79","2.95M","2.57%"
"18.03.2020","59.09","60.10","62.26","55.93","4.13M","-8.22%"
"17.03.2020","64.38","60.75","65.00","58.11","4.08M","8.79%"
"16.03.2020","59.18","62.67","65.62","58.55","4.82M","-15.23%"
"13.03.2020","69.81","66.80","70.06","63.05","4.42M","10.74%"
"12.03.2020","63.04","65.86","68.56","62.94","5.86M","-10.97%"
"11.03.2020","70.81","72.64","73.69","70.03","2.27M","-5.60%"
"10.03.2020","75.01","73.33","75.08","70.70","3.86M","6.56%"
"09.03.2020","70.39","70.82","74.26","70.00","6.08M","-8.54%"
"06.03.2020","76.96","76.29","77.69","75.11","4.85M","-2.19%"
"05.03.2020","78.68","79.12","80.72","78.03","3.55M","-3.02%"
"04.03.2020","81.13","78.89","81.13","77.73","3.36M","5.12%"
"03.03.2020","77.18","80.36","81.40","76.67","2.73M","-3.52%"
"02.03.2020","80.00","78.63","80.00","76.10","4.14M","3.55%"
"28.02.2020","77.26","72.93","77.77","72.71","4.79M","2.25%"
"27.02.2020","75.56","76.86","78.44","75.42","4.17M","-4.62%"
"26.02.2020","79.22","79.76","80.96","78.73","4.54M","0.14%"
"25.02.2020","79.11","82.63","82.76","78.64","5.13M","-2.98%"
"24.02.2020","81.54","81.62","82.79","81.00","3.79M","-4.79%"
"21.02.2020","85.64","87.65","87.73","85.30","2.48M","-2.98%"
"20.02.2020","88.27","89.29","89.52","86.97","2.30M","-1.45%"
"19.02.2020","89.57","88.47","89.73","88.47","1.58M","2.53%"
"18.02.2020","87.36","87.16","87.50","86.70","2.42M","-1.29%"
"14.02.2020","88.50","89.49","89.79","88.06","1.37M","-0.34%"
"13.02.2020","88.80","87.97","89.37","87.86","1.68M","0.11%"
"12.02.2020","88.70","88.33","88.83","88.25","1.56M","1.53%"
"11.02.2020","87.36","86.46","87.86","86.46","1.13M","2.02%"
"10.02.2020","85.63","83.66","85.67","83.66","1.21M","1.41%"
"07.02.2020","84.44","85.47","85.62","84.34","1.55M","-2.36%"
"06.02.2020","86.48","86.40","86.53","85.44","1.07M","0.06%"
"05.02.2020","86.43","86.10","86.58","85.16","2.01M","2.30%"
"04.02.2020","84.49","84.11","84.61","83.69","2.47M","3.12%"
"03.02.2020","81.93","81.27","82.13","81.21","1.72M","1.12%"
"31.01.2020","81.02","83.25","83.31","80.63","2.16M","-3.57%"
"30.01.2020","84.02","83.55","84.26","82.37","1.74M","0.01%"
"29.01.2020","84.01","85.28","85.50","83.96","1.24M","-1.85%"
"28.01.2020","85.59","84.59","85.89","84.12","2.41M","2.32%"
"27.01.2020","83.65","84.50","84.67","83.48","3.21M","-3.82%"
"24.01.2020","86.97","89.18","89.31","86.36","1.63M","-1.06%"
"23.01.2020","87.90","87.57","87.98","86.78","1.08M","0.76%"
"22.01.2020","87.24","87.29","88.21","87.04","1.25M","0.67%"
"21.01.2020","86.66","86.37","86.96","86.29","1.65M","-0.06%"
"17.01.2020","86.71","86.58","86.71","86.03","1.02M","0.76%"
"16.01.2020","86.06","85.37","86.09","85.31","1.71M","1.58%"
"15.01.2020","84.72","85.75","85.79","84.37","1.52M","-1.06%"
"14.01.2020","85.63","85.67","86.35","85.18","896.83K","0.22%"
"13.01.2020","85.44","85.04","85.56","84.78","951.92K","1.17%"
"10.01.2020","84.45","85.49","85.49","84.21","1.95M","-0.59%"
"09.01.2020","84.95","85.59","85.59","84.15","640.09K","0.64%"
"08.01.2020","84.41","84.66","84.98","84.05","1.30M","-0.09%"
"07.01.2020","84.49","84.00","84.82","83.50","1.19M","1.84%"
"06.01.2020","82.96","82.78","83.23","82.42","1.62M","-1.05%"
"03.01.2020","83.84","84.11","84.57","83.65","1.23M","-1.86%"
"02.01.2020","85.43","84.75","85.43","84.33","1.28M","2.07%"
"31.12.2019","83.70","83.04","83.74","83.00","604.39K","0.28%"
"30.12.2019","83.47","84.09","84.09","82.90","1.12M","-0.76%"
"27.12.2019","84.11","84.62","84.62","83.82","1.10M","-0.19%"
"26.12.2019","84.27","84.53","84.53","83.96","654.07K","0.11%"
"24.12.2019","84.18","84.23","84.25","83.75","504.28K","0.17%"
"23.12.2019","84.04","84.43","84.47","83.93","1.36M","0.32%"
"20.12.2019","83.77","83.56","83.97","83.17","1.04M","0.95%"
"19.12.2019","82.98","82.65","82.98","82.25","1.06M","0.80%"
"18.12.2019","82.32","82.53","82.53","82.02","967.75K","-0.05%"
"17.12.2019","82.36","82.44","82.52","81.93","974.21K","0.45%"
"16.12.2019","81.99","82.11","82.70","81.93","2.10M","0.60%"
"13.12.2019","81.50","81.91","82.75","81.13","1.74M","-0.44%"
"12.12.2019","81.86","79.58","82.00","79.58","2.20M","2.71%"
"11.12.2019","79.70","78.31","79.82","78.25","1.46M","2.05%"
"10.12.2019","78.10","78.18","78.61","77.81","530.49K","0.42%"
"09.12.2019","77.77","78.31","78.38","77.76","520.34K","-0.46%"
"06.12.2019","78.13","77.97","78.36","77.83","1.00M","1.44%"
"05.12.2019","77.02","77.16","77.33","76.68","1.48M","0.51%"
"04.12.2019","76.63","76.48","76.97","76.41","1.08M","1.58%"
"03.12.2019","75.44","74.98","75.52","74.62","2.04M","-1.55%"
"02.12.2019","76.63","77.90","77.98","76.46","1.64M","-1.53%"
"29.11.2019","77.82","78.40","78.40","77.72","614.97K","-1.08%"
"27.11.2019","78.67","78.42","78.68","78.32","775.23K","0.73%"
"26.11.2019","78.10","78.27","78.39","77.75","2.14M","-0.38%"
"25.11.2019","78.40","77.29","78.47","77.29","1.23M","2.40%"
"22.11.2019","76.56","76.86","77.28","76.38","1.03M","-0.10%"
"21.11.2019","76.64","76.93","77.32","76.30","2.09M","-1.07%"
"20.11.2019","77.47","78.02","78.41","76.87","1.42M","-1.17%"
"19.11.2019","78.39","79.15","79.27","77.96","732.72K","-0.50%"
"18.11.2019","78.78","78.96","79.27","78.40","804.70K","-0.23%"
"15.11.2019","78.96","79.28","79.63","78.60","977.47K","0.91%"
"14.11.2019","78.25","78.09","78.31","77.65","976.99K","-0.33%"
"13.11.2019","78.51","77.99","78.70","77.61","929.78K","0.11%"
"12.11.2019","78.42","78.46","79.03","78.12","1.44M","0.20%"
"11.11.2019","78.26","77.92","78.38","77.63","836.37K","-0.42%"
"08.11.2019","78.59","77.89","78.64","77.43","1.05M","0.51%"
"07.11.2019","78.19","78.88","79.05","77.87","1.49M","0.60%"
"06.11.2019","77.72","78.10","78.12","76.93","1.64M","-0.68%"
"05.11.2019","78.25","78.44","78.88","78.02","1.10M","0.06%"
"04.11.2019","78.20","77.47","78.28","77.45","2.00M","2.22%"
"01.11.2019","76.50","75.49","76.50","75.14","1.99M","2.30%"
"31.10.2019","74.78","75.04","75.04","73.81","866.48K","-0.51%"
"30.10.2019","75.16","75.71","75.73","74.67","1.07M","0.03%"
"29.10.2019","75.14","75.99","76.50","75.14","1.16M","-1.03%"
"28.10.2019","75.92","75.12","75.98","75.01","1.17M","1.81%"
"25.10.2019","74.57","73.28","74.64","73.24","1.86M","2.09%"
"24.10.2019","73.04","72.24","73.11","72.15","1.95M","2.47%"
"23.10.2019","71.28","71.34","71.96","70.84","1.60M","-1.93%"
"22.10.2019","72.68","73.53","73.57","72.68","1.19M","-0.87%"
"21.10.2019","73.32","72.60","73.32","72.42","1.30M","1.97%"
"18.10.2019","71.90","72.54","72.77","71.26","944.35K","-1.06%"
"17.10.2019","72.67","73.38","73.57","72.27","1.29M","0.17%"
"16.10.2019","72.55","73.17","73.51","72.34","1.76M","-1.41%"
"15.10.2019","73.59","72.45","73.73","72.33","1.33M","2.19%"
"14.10.2019","72.01","71.97","72.12","71.61","1.11M","-0.01%"
"11.10.2019","72.02","71.67","72.85","71.64","1.95M","2.36%"
"10.10.2019","70.36","69.75","71.12","69.75","1.12M","0.98%"
"09.10.2019","69.68","69.44","70.15","69.30","1.41M","1.63%"
"08.10.2019","68.56","69.84","70.03","68.48","2.05M","-3.10%"
"07.10.2019","70.75","71.12","71.44","70.71","1.22M","-0.58%"
"04.10.2019","71.16","70.36","71.27","70.21","1.22M","1.66%"
"03.10.2019","70.00","68.86","70.02","67.98","1.61M","1.76%"
"02.10.2019","68.79","69.43","69.45","68.34","1.33M","-1.46%"
"01.10.2019","69.81","70.96","71.86","69.62","1.82M","-0.94%"
"30.09.2019","70.47","70.16","70.60","69.85","1.08M","0.89%"
"27.09.2019","69.85","71.15","71.29","69.29","2.08M","-2.35%"
"26.09.2019","71.53","71.43","71.74","70.82","1.08M","0.13%"
"25.09.2019","71.44","69.90","71.67","69.29","1.03M","1.68%"
"24.09.2019","70.26","71.73","71.97","69.88","1.18M","-2.09%"
"23.09.2019","71.76","70.91","72.10","70.86","2.12M","1.18%"
"20.09.2019","70.92","72.45","72.45","70.67","1.95M","-1.84%"
"19.09.2019","72.25","72.82","73.05","72.24","1.06M","-0.66%"
"18.09.2019","72.73","72.68","72.73","71.66","655.00K","0.18%"
"17.09.2019","72.60","72.31","72.69","71.86","668.48K","0.22%"
"16.09.2019","72.44","72.36","72.74","71.75","840.78K","-0.64%"
"13.09.2019","72.91","73.15","73.26","72.57","1.31M","-0.19%"
"12.09.2019","73.05","73.62","73.77","72.63","1.72M","0.22%"
"11.09.2019","72.89","72.23","72.93","71.77","1.42M","1.50%"
"10.09.2019","71.81","71.27","71.81","70.71","1.29M","0.45%"
"09.09.2019","71.49","71.52","72.09","71.22","962.36K","0.37%"
"06.09.2019","71.23","71.23","71.43","70.76","1.27M","0.27%"
"05.09.2019","71.04","70.41","71.88","70.21","2.04M","3.08%"
"04.09.2019","68.92","68.15","68.97","68.15","1.39M","2.68%"
"03.09.2019","67.12","67.49","67.77","66.73","2.83M","-1.64%"
"30.08.2019","68.24","68.58","68.86","67.94","1.01M","0.47%"
"29.08.2019","67.92","67.50","68.33","67.35","3.75M","2.40%"
"28.08.2019","66.33","65.67","66.48","65.20","726.14K","0.64%"
"27.08.2019","65.91","66.64","66.97","65.60","1.29M","-0.38%"
"26.08.2019","66.16","66.60","66.70","65.90","998.54K","0.85%"
"23.08.2019","65.60","67.74","68.22","65.42","1.70M","-4.41%"
"22.08.2019","68.63","68.73","68.97","67.87","5.99M","0.07%"
"21.08.2019","68.58","68.59","68.93","68.29","700.34K","0.81%"
"20.08.2019","68.03","68.26","68.44","67.66","732.89K","-0.37%"
"19.08.2019","68.28","68.65","68.90","67.98","4.56M","1.83%"
"16.08.2019","67.05","65.99","67.23","65.99","1.51M","2.66%"
"15.08.2019","65.31","65.79","65.97","64.74","968.49K","-0.18%"
"14.08.2019","65.43","65.94","66.46","65.09","2.77M","-3.07%"
"13.08.2019","67.50","65.57","68.08","65.13","2.21M","2.94%"
"12.08.2019","65.57","65.75","66.33","65.28","1.18M","-1.31%"
"09.08.2019","66.44","66.90","67.18","65.98","1.89M","-1.75%"
"08.08.2019","67.62","66.41","67.64","65.97","2.17M","2.78%"
"07.08.2019","65.79","64.34","66.00","64.34","2.18M","0.63%"
"06.08.2019","65.38","65.63","66.21","64.65","1.48M","1.27%"
"05.08.2019","64.56","65.49","65.55","63.97","2.51M","-4.31%"
"02.08.2019","67.47","67.79","68.38","66.87","2.33M","-1.47%"
"01.08.2019","68.48","69.56","71.56","67.89","2.58M","-1.98%"
"31.07.2019","69.86","71.71","71.82","69.16","1.37M","-3.32%"
"30.07.2019","72.26","71.71","72.41","71.43","789.62K","-0.22%"
"29.07.2019","72.42","72.10","72.49","71.49","2.04M","0.28%"
"26.07.2019","72.22","72.76","72.76","72.17","626.27K","-0.03%"
"25.07.2019","72.24","72.95","72.99","72.03","1.85M","-1.69%"
"24.07.2019","73.48","71.80","73.61","71.80","2.44M","3.06%"
"23.07.2019","71.30","70.81","71.30","70.50","1.30M","1.28%"
"22.07.2019","70.40","69.38","70.50","69.38","2.73M","1.91%"
"19.07.2019","69.08","69.42","69.72","69.01","1.31M","-0.12%"
"18.07.2019","69.16","68.15","69.32","68.15","1.05M","1.45%"
"17.07.2019","68.17","68.36","68.48","67.93","786.99K","0.29%"
"16.07.2019","67.97","68.38","68.52","67.61","1.13M","-1.06%"
"15.07.2019","68.70","68.42","68.96","68.31","684.24K","0.88%"
"12.07.2019","68.10","67.06","68.17","67.06","1.32M","1.81%"
"11.07.2019","66.89","67.00","67.14","66.48","2.58M","0.28%"
"10.07.2019","66.70","66.89","67.63","66.59","1.42M","0.80%"
"09.07.2019","66.17","65.38","66.27","65.21","1.35M","0.62%"
"08.07.2019","65.76","65.67","65.95","65.34","581.38K","-0.77%"
"05.07.2019","66.27","65.78","66.32","65.52","934.19K","-0.57%"
"03.07.2019","66.65","66.95","67.00","66.15","737.85K","-0.46%"
"02.07.2019","66.96","67.60","67.67","66.65","1.38M","-1.24%"
"01.07.2019","67.80","69.02","69.59","67.35","4.80M","2.51%"
"28.06.2019","66.14","66.59","66.72","65.99","2.53M","0.14%"
"27.06.2019","66.05","65.43","66.38","65.43","1.56M","1.44%"
"26.06.2019","65.11","64.48","65.45","64.37","1.76M","3.23%"
"25.06.2019","63.07","64.11","64.34","63.01","1.42M","-1.38%"
"24.06.2019","63.95","63.97","64.26","63.80","2.12M","0.09%"
"21.06.2019","63.89","64.03","64.52","63.77","1.33M","-0.56%"
"20.06.2019","64.25","64.94","65.23","63.96","3.37M","0.83%"
"19.06.2019","63.72","64.03","64.13","63.35","1.43M","0.20%"
"18.06.2019","63.59","61.60","64.03","61.60","2.85M","4.33%"
"17.06.2019","60.95","61.40","61.62","60.93","1.07M","-1.15%"
"14.06.2019","61.66","61.40","61.93","61.24","2.08M","-2.51%"
"13.06.2019","63.25","63.40","63.53","62.82","1.14M","0.48%"
"12.06.2019","62.95","63.76","63.84","62.86","1.45M","-2.33%"
"11.06.2019","64.45","65.38","65.51","63.96","3.40M","0.41%"
"10.06.2019","64.19","63.44","64.97","63.44","3.91M","2.44%"
"07.06.2019","62.66","62.23","62.79","62.02","1.47M","1.13%"
"06.06.2019","61.96","61.21","62.18","60.99","957.05K","1.37%"
"05.06.2019","61.12","62.08","62.24","60.32","3.27M","-0.71%"
"04.06.2019","61.56","60.10","61.56","59.59","3.16M","4.37%"
"03.06.2019","58.98","59.51","60.14","58.68","2.99M","0.24%"
"31.05.2019","58.84","58.98","59.81","58.80","3.33M","-1.49%"
"30.05.2019","59.73","59.38","60.21","59.25","2.00M","0.84%"
"29.05.2019","59.23","58.53","59.51","58.36","4.24M","0.36%"
"28.05.2019","59.02","59.87","60.07","58.88","2.39M","-0.86%"
"24.05.2019","59.53","60.34","60.79","59.47","2.27M","-0.87%"
"23.05.2019","60.05","59.93","60.08","59.07","3.73M","-1.56%"
"22.05.2019","61.00","61.12","61.63","60.81","3.25M","-2.12%"
"21.05.2019","62.32","62.29","62.65","61.80","5.17M","2.05%"
"20.05.2019","61.07","61.53","62.04","60.63","4.64M","-3.98%"
"17.05.2019","63.60","63.83","65.11","63.33","5.02M","-1.96%"
"16.05.2019","64.87","64.99","65.56","64.46","7.00M","-1.58%"
"15.05.2019","65.91","64.73","66.36","64.66","5.17M","0.78%"
"14.05.2019","65.40","64.73","65.75","64.42","2.95M","2.30%"
"13.05.2019","63.93","64.83","65.23","63.63","4.86M","-4.68%"
"10.05.2019","67.07","66.36","67.43","65.45","3.90M","0.15%"
"09.05.2019","66.97","66.67","67.27","65.45","2.98M","-1.11%"
"08.05.2019","67.72","67.74","68.78","67.59","3.10M","-0.85%"
"07.05.2019","68.30","69.10","69.26","67.52","3.24M","-2.46%"
"06.05.2019","70.02","68.70","70.05","68.55","2.26M","-1.63%"
"03.05.2019","71.18","71.06","71.20","70.33","2.27M","0.78%"
"02.05.2019","70.63","69.92","71.41","69.75","3.42M","0.96%"
"01.05.2019","69.96","71.10","71.53","69.88","4.02M","-0.79%"
"30.04.2019","70.52","69.81","70.64","69.81","3.09M","0.79%"
"29.04.2019","69.97","70.08","70.23","69.63","2.68M","-0.11%"
"26.04.2019","70.05","69.29","70.08","68.61","3.38M","-0.82%"
"25.04.2019","70.63","71.66","71.76","70.04","2.07M","-1.77%"
"24.04.2019","71.90","71.28","72.67","71.25","2.03M","0.93%"
"23.04.2019","71.24","70.90","71.50","70.74","2.01M","1.04%"
"22.04.2019","70.51","70.34","70.71","69.92","912.20K","-0.07%"
"18.04.2019","70.56","70.67","70.76","70.23","1.08M","0.01%"
"17.04.2019","70.55","70.83","71.41","70.00","3.28M","1.66%"
"16.04.2019","69.40","67.68","69.46","67.68","3.22M","3.20%"
"15.04.2019","67.25","67.86","67.86","66.89","1.77M","-0.74%"
"12.04.2019","67.75","67.45","67.80","67.24","1.03M","1.38%"
"11.04.2019","66.83","67.06","67.31","66.66","935.54K","-0.07%"
"10.04.2019","66.88","66.29","67.10","66.24","1.27M","0.77%"
"09.04.2019","66.37","66.68","66.68","66.02","1.48M","-1.04%"
"08.04.2019","67.07","66.62","67.14","66.48","1.38M","0.24%"
"05.04.2019","66.91","66.83","66.94","66.43","1.22M","0.72%"
"04.04.2019","66.43","66.20","66.84","66.07","1.62M","0.21%"
"03.04.2019","66.29","65.64","66.88","65.62","3.22M","2.22%"
"02.04.2019","64.85","64.79","65.01","64.47","1.46M","0.14%"
"01.04.2019","64.76","64.11","64.83","63.88","1.96M","2.50%"
"29.03.2019","63.18","63.00","63.33","62.82","1.73M","1.48%"
"28.03.2019","62.26","62.46","63.02","61.82","1.39M","-0.16%"
"27.03.2019","62.36","63.32","63.53","61.88","3.97M","-1.41%"
"26.03.2019","63.25","63.53","63.81","62.77","3.84M","0.96%"
"25.03.2019","62.65","62.99","63.58","62.12","2.94M","-1.25%"
"22.03.2019","63.44","65.01","65.10","63.39","4.42M","-2.82%"
"21.03.2019","65.28","63.16","65.71","63.16","2.80M","3.45%"
"20.03.2019","63.10","63.73","64.06","62.71","2.51M","-1.21%"
"19.03.2019","63.87","63.48","64.06","63.48","1.99M","1.30%"
"18.03.2019","63.05","63.29","63.61","62.65","2.70M","-0.16%"
"15.03.2019","63.15","62.11","63.64","62.09","3.95M","2.90%"
"14.03.2019","61.37","61.74","62.03","61.37","1.78M","-0.55%"
"13.03.2019","61.71","61.88","62.23","61.66","1.23M","0.41%"
"12.03.2019","61.46","61.45","61.82","60.93","1.97M","0.38%"
"11.03.2019","61.23","60.14","61.52","60.07","1.99M","2.32%"
"08.03.2019","59.84","58.85","59.89","58.64","1.49M","-0.08%"
"07.03.2019","59.89","60.30","60.30","59.48","2.99M","-1.07%"
"06.03.2019","60.54","61.39","61.54","60.50","1.41M","-1.66%"
"05.03.2019","61.56","61.63","61.91","61.28","1.33M","-0.39%"
"04.03.2019","61.80","62.22","62.43","61.03","1.76M","0.02%"
"01.03.2019","61.79","61.83","62.09","61.15","1.43M","0.88%"
"28.02.2019","61.25","60.95","61.42","60.75","1.24M","0.07%"
"27.02.2019","61.21","61.70","61.70","60.54","2.98M","-1.19%"
"26.02.2019","61.95","62.17","62.42","61.76","865.49K","-0.63%"
"25.02.2019","62.34","62.76","63.08","62.30","2.36M","0.82%"
"22.02.2019","61.83","61.66","61.92","61.42","880.76K","1.06%"
"21.02.2019","61.18","61.64","61.78","61.00","1.15M","-0.73%"
"20.02.2019","61.63","61.26","62.02","61.26","1.04M","0.85%"
"19.02.2019","61.11","60.92","61.51","60.84","1.18M","-0.15%"
"15.02.2019","61.20","61.37","61.53","60.87","742.47K","0.53%"
"14.02.2019","60.88","60.51","61.33","60.45","1.00M","0.26%"
"13.02.2019","60.72","60.83","61.19","60.54","906.70K","0.31%"
"12.02.2019","60.53","60.00","60.68","59.92","2.02M","2.13%"
"11.02.2019","59.27","59.12","59.43","58.80","741.54K","0.49%"
"08.02.2019","58.98","58.27","59.11","57.95","1.88M","-0.19%"
"07.02.2019","59.09","59.66","59.93","58.57","3.46M","-2.17%"
"06.02.2019","60.40","59.54","60.88","59.54","2.58M","2.70%"
"05.02.2019","58.81","58.50","59.10","58.39","1.30M","0.44%"
"04.02.2019","58.55","58.22","58.55","57.80","627.74K","0.52%"
"01.02.2019","58.25","57.63","58.53","57.60","1.51M","1.20%"
"31.01.2019","57.56","57.47","58.08","57.03","1.48M","-0.05%"
"30.01.2019","57.59","56.97","57.79","56.32","3.14M","2.89%"
"29.01.2019","55.97","56.79","56.97","55.87","4.40M","-1.44%"
"28.01.2019","56.79","55.82","57.24","55.64","2.45M","-1.97%"
"25.01.2019","57.93","56.98","58.17","56.58","3.13M","2.08%"
"24.01.2019","56.75","54.86","56.95","54.84","5.95M","5.80%"
"23.01.2019","53.64","54.32","54.54","53.16","2.11M","-0.70%"
"22.01.2019","54.02","55.08","55.08","53.62","2.13M","-2.88%"
"18.01.2019","55.62","54.78","55.95","54.61","1.57M","2.60%"
"17.01.2019","54.21","53.34","54.63","53.04","3.13M","0.93%"
"16.01.2019","53.71","54.30","54.63","53.71","856.65K","-0.92%"
"15.01.2019","54.21","54.19","54.79","53.98","881.99K","0.30%"
"14.01.2019","54.05","54.32","54.42","53.77","853.67K","-1.62%"
"11.01.2019","54.94","54.12","55.39","53.95","1.29M","1.07%"
"10.01.2019","54.36","53.35","54.45","53.31","1.26M","0.89%"
"09.01.2019","53.88","53.01","54.11","53.01","2.30M","2.57%"
"08.01.2019","52.53","53.33","53.33","51.86","1.53M","-0.44%"
"07.01.2019","52.76","51.96","53.27","51.74","1.68M","1.83%"
"04.01.2019","51.81","50.50","51.99","50.32","2.54M","4.52%"
"03.01.2019","49.57","51.44","51.76","49.55","3.07M","-5.83%"
"02.01.2019","52.64","51.23","53.11","51.18","2.29M","0.65%"
"31.12.2018","52.30","52.48","52.71","51.76","2.21M","0.69%"
"28.12.2018","51.94","51.83","52.88","51.53","1.01M","0.72%"
"27.12.2018","51.57","50.45","51.58","49.84","2.70M","0.66%"
"26.12.2018","51.23","49.13","51.23","48.26","4.23M","6.00%"
"24.12.2018","48.33","49.36","49.91","48.33","2.64M","-2.93%"
"21.12.2018","49.79","50.98","51.56","49.66","2.78M","-1.70%"
"20.12.2018","50.65","50.98","51.81","49.98","3.26M","-0.71%"
"19.12.2018","51.01","52.98","53.58","50.79","3.02M","-4.24%"
"18.12.2018","53.27","53.02","54.10","53.01","2.52M","1.31%"
"17.12.2018","52.58","53.19","53.97","52.25","1.18M","-1.50%"
"14.12.2018","53.38","53.52","54.44","53.34","1.36M","-1.42%"
"13.12.2018","54.15","54.67","54.94","53.92","1.34M","-0.20%"
"12.12.2018","54.26","54.38","55.10","53.94","1.40M","1.42%"
"11.12.2018","53.50","54.11","54.76","53.20","2.49M","0.64%"
"10.12.2018","53.16","52.31","53.41","52.17","1.61M","1.28%"
"07.12.2018","52.49","54.44","54.52","52.19","1.96M","-3.72%"
"06.12.2018","54.52","53.27","54.52","53.00","5.35M","-0.51%"
"04.12.2018","54.80","57.10","57.23","54.73","2.08M","-4.80%"
"03.12.2018","57.56","57.77","57.98","56.99","2.34M","2.64%"
"30.11.2018","56.08","55.28","56.09","54.76","1.84M","1.39%"
"29.11.2018","55.31","55.58","55.85","55.17","2.87M","-0.74%"
"28.11.2018","55.72","55.07","55.74","53.98","1.68M","2.33%"
"27.11.2018","54.45","54.07","54.91","53.80","2.01M","0.15%"
"26.11.2018","54.37","54.11","54.37","53.59","1.91M","1.82%"
"23.11.2018","53.40","52.96","53.82","52.93","1.49M","0.06%"
"21.11.2018","53.37","53.74","54.16","53.35","2.26M","0.41%"
"20.11.2018","53.15","51.57","53.84","51.51","3.12M","0.13%"
"19.11.2018","53.08","54.92","55.08","53.03","2.58M","-3.82%"
"16.11.2018","55.19","53.84","55.44","53.83","4.49M","-1.22%"
"15.11.2018","55.87","53.76","56.06","53.74","4.99M","3.39%"
"14.11.2018","54.04","54.31","54.82","53.52","3.72M","0.45%"
"13.11.2018","53.80","53.51","54.87","53.51","2.41M","1.38%"
"12.11.2018","53.07","54.61","54.72","52.90","2.25M","-4.46%"
"09.11.2018","55.55","55.99","56.04","55.07","1.69M","-1.91%"
"08.11.2018","56.63","56.34","57.00","56.08","1.71M","-0.28%"
"07.11.2018","56.79","56.89","56.97","56.17","1.83M","1.14%"
"06.11.2018","56.15","55.38","56.37","55.38","1.18M","1.17%"
"05.11.2018","55.50","55.93","55.93","54.57","2.41M","-0.91%"
"02.11.2018","56.01","56.62","56.92","55.32","3.24M","-1.51%"
"01.11.2018","56.87","54.71","57.00","54.67","3.51M","4.69%"
"31.10.2018","54.32","54.47","54.74","53.84","3.50M","1.27%"
"30.10.2018","53.64","51.35","53.69","51.35","2.50M","4.16%"
"29.10.2018","51.50","53.10","53.34","50.53","4.42M","-1.04%"
"26.10.2018","52.04","51.81","52.96","51.20","3.91M","-1.74%"
"25.10.2018","52.96","52.10","53.37","52.02","9.23M","2.22%"
"24.10.2018","51.81","54.52","54.52","51.71","9.22M","-6.55%"
"23.10.2018","55.44","54.28","55.75","53.67","4.30M","-0.52%"
"22.10.2018","55.73","55.68","56.06","55.22","3.92M","0.61%"
"19.10.2018","55.39","56.58","56.91","55.16","3.38M","-1.51%"
"18.10.2018","56.24","57.44","57.45","56.03","4.06M","-2.50%"
"17.10.2018","57.68","58.33","58.45","57.28","2.43M","-0.40%"
"16.10.2018","57.91","56.71","57.99","56.64","1.96M","3.26%"
"15.10.2018","56.08","56.30","56.71","55.88","3.88M","-0.83%"
"12.10.2018","56.55","57.04","57.35","55.72","4.86M","1.82%"
"11.10.2018","55.54","55.99","57.21","55.10","4.37M","-1.00%"
"10.10.2018","56.10","57.92","57.96","56.05","6.06M","-4.41%"
"09.10.2018","58.69","58.43","58.98","58.32","1.61M","-0.10%"
"08.10.2018","58.75","58.93","59.47","58.25","2.15M","-1.13%"
"05.10.2018","59.42","60.87","60.93","58.86","2.44M","-2.37%"
"04.10.2018","60.86","61.53","61.63","60.33","1.92M","-1.76%"
"03.10.2018","61.95","62.17","62.39","61.40","1.99M","0.08%"
"02.10.2018","61.90","61.73","62.75","61.73","2.02M","0.00%"
"01.10.2018","61.90","62.00","62.40","61.75","1.03M","0.36%"
"28.09.2018","61.68","61.23","61.90","61.04","2.38M","0.62%"
"27.09.2018","61.30","61.26","61.54","61.08","1.06M","0.38%"
"26.09.2018","61.07","61.42","61.79","61.00","1.05M","-1.47%"
"25.09.2018","61.98","62.83","62.83","61.81","1.47M","-1.59%"
"24.09.2018","62.98","62.26","63.01","62.13","833.37K","0.35%"
"21.09.2018","62.76","62.99","63.23","62.60","1.71M","-0.27%"
"20.09.2018","62.93","62.67","63.17","62.58","1.45M","1.21%"
"19.09.2018","62.18","62.11","62.48","61.92","1.11M","0.16%"
"18.09.2018","62.08","61.80","62.46","61.80","1.31M","0.86%"
"17.09.2018","61.55","62.19","62.36","61.48","1.53M","-1.39%"
"14.09.2018","62.42","62.09","62.67","61.91","1.98M","1.12%"
"13.09.2018","61.73","61.71","62.50","61.51","2.16M","1.15%"
"12.09.2018","61.03","60.95","61.06","59.70","2.11M","-1.17%"
"11.09.2018","61.75","62.10","62.18","61.42","1.74M","-0.96%"
"10.09.2018","62.35","62.14","62.37","61.77","951.13K","1.05%"
"07.09.2018","61.70","61.84","62.59","61.55","8.40M","-0.40%"
"06.09.2018","61.95","63.40","63.45","61.89","1.49M","-2.66%"
"05.09.2018","63.64","63.89","64.06","63.10","1.58M","-0.48%"
"04.09.2018","63.95","63.21","63.98","63.07","1.29M","0.80%"
"31.08.2018","63.44","63.01","63.54","63.01","1.10M","0.54%"
"30.08.2018","63.10","63.52","63.76","63.01","1.81M","-0.90%"
"29.08.2018","63.67","63.50","63.86","63.28","4.28M","0.27%"
"28.08.2018","63.50","63.59","63.77","62.89","1.62M","0.38%"
"27.08.2018","63.26","62.77","63.73","62.64","17.87M","1.59%"
"24.08.2018","62.27","61.65","62.30","61.64","1.69M","1.45%"
"23.08.2018","61.38","61.28","61.83","61.28","1.85M","0.11%"
"22.08.2018","61.31","60.89","61.39","60.52","1.44M","0.48%"
"21.08.2018","61.02","60.04","61.18","60.03","2.55M","1.95%"
"20.08.2018","59.85","59.99","60.21","59.18","957.15K","-0.10%"
"17.08.2018","59.91","59.82","60.07","59.01","2.20M","-0.75%"
"16.08.2018","60.36","60.83","60.92","60.19","1.42M","-0.12%"
"15.08.2018","60.43","60.76","61.01","59.81","3.07M","-1.39%"
"14.08.2018","61.28","61.77","61.86","61.23","1.61M","-0.21%"
"13.08.2018","61.41","61.43","61.94","61.33","1.69M","0.15%"
"10.08.2018","61.32","61.57","61.84","61.03","3.25M","-2.48%"
"09.08.2018","62.88","63.22","63.31","62.86","2.22M","-0.98%"
"08.08.2018","63.50","63.37","63.63","63.12","1.12M","0.22%"
"07.08.2018","63.36","63.16","63.40","62.92","9.88M","0.80%"
"06.08.2018","62.86","62.36","62.87","62.02","778.20K","0.61%"
"03.08.2018","62.48","62.39","62.54","62.10","1.34M","0.21%"
"02.08.2018","62.35","61.19","62.43","60.97","2.25M","0.99%"
"01.08.2018","61.74","61.89","62.39","61.48","3.73M","-0.15%"
"31.07.2018","61.83","61.84","62.70","61.72","2.27M","0.65%"
"30.07.2018","61.43","62.01","62.18","61.12","2.50M","-0.97%"
"27.07.2018","62.03","62.35","62.91","61.58","5.19M","-0.45%"
"26.07.2018","62.31","61.52","62.35","61.52","7.30M","1.95%"
"25.07.2018","61.12","60.86","61.17","60.08","16.25M","0.38%"
"24.07.2018","60.89","61.94","62.24","60.80","1.88M","-1.09%"
"23.07.2018","61.56","61.16","61.66","60.36","1.00M","0.15%"
"20.07.2018","61.47","61.70","61.82","61.16","871.93K","-0.47%"
"19.07.2018","61.76","61.78","62.01","61.36","871.35K","-0.23%"
"18.07.2018","61.90","61.70","62.01","61.50","923.42K","0.77%"
"17.07.2018","61.43","60.15","61.45","60.05","4.14M","1.44%"
"16.07.2018","60.56","60.73","60.96","60.51","612.70K","-0.13%"
"13.07.2018","60.64","61.03","61.03","60.55","803.14K","-0.36%"
"12.07.2018","60.86","60.30","60.94","59.92","2.27M","0.68%"
"11.07.2018","60.45","61.05","61.41","60.40","2.00M","-2.58%"
"10.07.2018","62.05","61.51","62.18","61.42","1.40M","1.06%"
"09.07.2018","61.40","61.62","61.64","60.68","1.36M","0.64%"
"06.07.2018","61.01","60.26","61.11","59.94","2.26M","1.23%"
"05.07.2018","60.27","59.22","60.28","59.22","1.34M","2.67%"
"03.07.2018","58.70","60.04","60.13","58.64","1.14M","-1.82%"
"02.07.2018","59.79","58.90","59.80","58.45","2.10M","0.64%"
"29.06.2018","59.41","59.83","60.14","59.41","1.28M","0.20%"
"28.06.2018","59.29","58.67","59.42","58.59","4.07M","0.76%"
"27.06.2018","58.84","60.60","60.74","58.81","2.36M","-2.39%"
"26.06.2018","60.28","60.27","60.58","59.98","11.00M","0.00%"
"25.06.2018","60.28","61.44","61.44","59.50","5.44M","-2.93%"
"22.06.2018","62.10","62.90","62.94","61.98","1.12M","-0.80%"
"21.06.2018","62.60","63.81","63.84","62.51","1.25M","-1.25%"
"20.06.2018","63.39","63.44","63.71","63.10","2.01M","0.49%"
"19.06.2018","63.08","62.83","63.13","62.12","2.63M","-1.10%"
"18.06.2018","63.78","63.99","63.99","63.19","1.68M","-0.96%"
"15.06.2018","64.40","64.04","64.48","63.82","1.12M","-0.09%"
"14.06.2018","64.46","64.45","64.77","64.07","1.64M","0.59%"
"13.06.2018","64.08","64.21","64.76","64.01","9.16M","-0.14%"
"12.06.2018","64.17","64.01","64.22","63.60","932.44K","0.52%"
"11.06.2018","63.84","63.87","64.17","63.63","1.28M","-0.20%"
"08.06.2018","63.97","63.81","64.09","63.45","2.43M","-0.88%"
"07.06.2018","64.54","65.19","65.26","64.08","2.08M","-0.89%"
"06.06.2018","65.12","64.79","65.12","64.44","1.27M","0.63%"
"05.06.2018","64.71","64.58","64.89","64.33","641.50K","0.47%"
"04.06.2018","64.41","64.07","64.48","63.83","1.17M","0.80%"
"01.06.2018","63.90","63.04","63.90","62.81","1.06M","2.27%"
"31.05.2018","62.48","62.83","63.12","62.38","1.61M","-0.72%"
"30.05.2018","62.93","62.87","63.40","62.62","2.14M","0.64%"
"29.05.2018","62.53","62.64","63.05","62.09","1.54M","-0.60%"
"25.05.2018","62.91","62.40","63.00","62.30","1.40M","0.82%"
"24.05.2018","62.40","62.20","62.54","61.63","1.14M","0.40%"
"23.05.2018","62.15","61.34","62.17","61.08","1.04M","0.53%"
"22.05.2018","61.82","62.00","62.29","61.61","1.50M","0.55%"
"21.05.2018","61.48","61.76","62.08","60.94","1.47M","1.00%"
"18.05.2018","60.87","61.20","61.29","60.65","2.07M","-1.43%"
"17.05.2018","61.75","61.79","62.25","61.29","1.30M","-0.29%"
"16.05.2018","61.93","61.11","62.06","61.11","1.22M","1.29%"
"15.05.2018","61.14","61.41","61.58","60.70","1.26M","-1.08%"
"14.05.2018","61.81","61.83","62.56","61.70","1.65M","1.21%"
"11.05.2018","61.07","61.17","61.64","60.96","1.86M","-0.73%"
"10.05.2018","61.52","60.76","61.54","60.72","1.24M","1.82%"
"09.05.2018","60.42","59.73","60.46","59.60","1.04M","1.53%"
"08.05.2018","59.51","59.12","59.59","58.89","1.21M","0.59%"
"07.05.2018","59.16","59.07","59.44","58.86","1.18M","0.97%"
"04.05.2018","58.59","56.94","58.70","56.68","1.98M","2.34%"
"03.05.2018","57.25","56.46","57.50","56.03","2.40M","0.60%"
"02.05.2018","56.91","57.22","57.40","56.67","1.54M","-0.44%"
"01.05.2018","57.16","56.10","57.23","56.03","3.13M","1.64%"
"30.04.2018","56.24","56.77","57.20","56.00","1.80M","-1.09%"
"27.04.2018","56.86","57.99","58.05","56.58","3.31M","-0.70%"
"26.04.2018","57.26","57.00","57.32","56.64","4.61M","2.03%"
"25.04.2018","56.12","56.44","56.52","55.23","4.43M","-0.12%"
"24.04.2018","56.19","57.14","57.66","55.69","3.48M","-0.79%"
"23.04.2018","56.64","57.62","57.75","56.50","2.05M","-1.34%"
"20.04.2018","57.41","58.08","58.38","57.15","3.55M","-1.17%"
"19.04.2018","58.09","59.55","59.62","57.89","5.53M","-4.33%"
"18.04.2018","60.72","60.93","61.07","60.18","1.45M","-0.98%"
"17.04.2018","61.32","60.66","61.47","60.54","1.10M","1.89%"
"16.04.2018","60.18","60.43","60.51","59.68","849.43K","0.17%"
"13.04.2018","60.08","61.23","61.34","59.86","1.29M","-0.73%"
"12.04.2018","60.52","59.88","60.69","59.82","1.91M","1.89%"
"11.04.2018","59.40","59.05","59.93","58.94","1.23M","0.03%"
"10.04.2018","59.38","58.86","59.73","58.49","1.98M","3.20%"
"09.04.2018","57.54","57.85","59.20","57.51","1.11M","0.63%"
"06.04.2018","57.18","58.16","58.79","56.92","1.18M","-3.02%"
"05.04.2018","58.96","59.95","60.02","58.58","1.73M","-1.02%"
"04.04.2018","59.57","57.12","59.73","57.11","2.02M","1.28%"
"03.04.2018","58.82","58.44","58.98","57.81","1.67M","1.91%"
"02.04.2018","57.72","59.49","59.93","57.15","2.38M","-3.83%"
"29.03.2018","60.02","59.14","60.59","58.71","2.50M","2.18%"
"28.03.2018","58.74","59.63","60.18","58.48","2.98M","-2.17%"
"27.03.2018","60.04","62.82","62.99","59.53","3.22M","-3.69%"
"26.03.2018","62.34","61.24","62.35","60.46","2.40M","4.18%"
"23.03.2018","59.84","61.79","61.92","59.82","3.85M","-3.33%"
"22.03.2018","61.90","62.59","63.24","61.85","1.75M","-2.83%"
"21.03.2018","63.70","63.51","64.52","63.43","1.38M","0.19%"
"20.03.2018","63.58","63.25","63.79","63.17","760.91K","0.73%"
"19.03.2018","63.12","63.76","64.06","62.22","2.78M","-1.90%"
"16.03.2018","64.34","64.46","64.73","64.27","1.04M","-0.05%"
"15.03.2018","64.37","64.59","64.79","64.04","1.07M","-0.08%"
"14.03.2018","64.42","64.78","64.78","63.83","1.64M","-0.02%"
"13.03.2018","64.43","65.84","66.28","64.15","4.23M","-1.54%"
"12.03.2018","65.44","65.23","65.77","65.02","1.86M","1.07%"
"09.03.2018","64.75","63.94","64.78","63.79","1.59M","2.08%"
"08.03.2018","63.43","63.75","63.79","63.08","1.15M","0.08%"
"07.03.2018","63.38","62.52","63.46","62.52","1.17M","0.33%"
"06.03.2018","63.17","62.83","63.35","62.50","1.78M","1.49%"
"05.03.2018","62.24","61.35","62.54","61.08","1.25M","0.91%"
"02.03.2018","61.68","59.97","61.80","59.83","1.39M","1.70%"
"01.03.2018","60.65","61.84","61.88","59.95","2.85M","-1.59%"
"28.02.2018","61.63","62.62","62.74","61.57","1.27M","-0.88%"
"27.02.2018","62.18","62.41","63.24","62.18","1.37M","-0.34%"
"26.02.2018","62.39","61.43","62.40","61.43","1.09M","2.16%"
"23.02.2018","61.07","60.43","61.07","60.23","1.42M","2.14%"
"22.02.2018","59.79","60.27","60.41","59.59","1.46M","-0.22%"
"21.02.2018","59.92","60.95","61.00","59.88","1.44M","-1.15%"
"20.02.2018","60.62","59.38","61.17","59.32","2.51M","1.76%"
"16.02.2018","59.57","59.48","60.31","59.48","929.64K","-0.35%"
"15.02.2018","59.78","59.63","59.79","58.39","1.73M","1.18%"
"14.02.2018","59.08","57.27","59.17","57.16","1.20M","2.36%"
"13.02.2018","57.72","57.43","57.84","57.24","1.48M","-0.12%"
"12.02.2018","57.79","57.45","58.17","56.92","2.96M","1.92%"
"09.02.2018","56.70","56.37","57.10","54.39","5.95M","2.89%"
"08.02.2018","55.11","57.80","57.96","55.07","4.16M","-4.21%"
"07.02.2018","57.53","58.41","58.93","57.52","3.26M","-2.14%"
"06.02.2018","58.79","55.87","58.86","55.74","4.05M","3.61%"
"05.02.2018","56.74","58.66","59.97","56.57","3.92M","-4.70%"
"02.02.2018","59.54","60.68","60.73","59.51","3.24M","-2.70%"
"01.02.2018","61.19","61.00","62.09","60.91","1.26M","-0.49%"
"31.01.2018","61.49","61.71","61.93","61.15","1.16M","0.82%"
"30.01.2018","60.99","61.33","61.69","60.91","1.95M","-1.99%"
"29.01.2018","62.23","62.09","62.67","61.49","1.63M","-0.14%"
"26.01.2018","62.32","61.21","62.33","61.18","1.67M","3.20%"
"25.01.2018","60.39","62.13","62.28","60.39","2.25M","-1.74%"
"24.01.2018","61.46","62.25","62.46","61.02","3.01M","-2.29%"
"23.01.2018","62.90","62.69","62.90","62.46","1.47M","0.80%"
"22.01.2018","62.40","62.05","62.41","61.76","1.25M","0.74%"
"19.01.2018","61.94","62.15","62.25","61.57","1.19M","0.11%"
"18.01.2018","61.87","61.58","62.18","61.50","3.16M","0.44%"
"17.01.2018","61.60","60.42","61.68","60.36","1.14M","2.91%"
"16.01.2018","59.86","60.17","60.56","59.51","1.46M","0.34%"
"12.01.2018","59.66","59.41","59.79","59.19","1.10M","0.54%"
"11.01.2018","59.34","59.18","59.37","58.94","1.05M","0.59%"
"10.01.2018","58.99","59.03","59.27","58.52","2.03M","-1.21%"
"09.01.2018","59.71","60.46","60.46","59.64","1.46M","-0.98%"
"08.01.2018","60.30","59.87","60.49","59.68","1.62M","0.79%"
"05.01.2018","59.83","59.76","60.08","59.41","1.17M","0.57%"
"04.01.2018","59.49","59.59","59.69","59.01","1.33M","0.56%"
"03.01.2018","59.16","58.46","59.17","58.32","1.33M","1.75%"
"02.01.2018","58.14","56.91","58.16","56.84","2.86M","2.72%"
"29.12.2017","56.60","57.28","57.28","56.60","760.61K","-1.03%"
"28.12.2017","57.19","57.21","57.33","57.09","788.97K","0.28%"
"27.12.2017","57.03","56.85","57.32","56.78","794.44K","0.32%"
"26.12.2017","56.85","56.70","56.90","56.37","680.03K","-0.99%"
"22.12.2017","57.42","57.25","57.45","57.03","877.92K","-0.05%"
"21.12.2017","57.45","58.26","58.26","57.37","1.75M","-1.07%"
"20.12.2017","58.07","58.25","58.32","57.57","1.34M","0.73%"
"19.12.2017","57.65","57.70","57.86","57.35","2.28M","-0.28%"
"18.12.2017","57.81","57.29","57.84","57.00","3.49M","2.14%"
"15.12.2017","56.60","56.02","56.75","55.71","3.38M","1.56%"
"14.12.2017","55.73","55.82","56.10","55.59","889.13K","-0.09%"
"13.12.2017","55.78","55.99","56.28","55.75","980.25K","-0.02%"
"12.12.2017","55.79","56.22","56.22","55.72","1.31M","-0.98%"
"11.12.2017","56.34","56.10","56.49","55.94","5.25M","0.59%"
"08.12.2017","56.01","56.94","56.97","55.96","1.97M","-0.52%"
"07.12.2017","56.30","56.16","56.47","55.93","2.92M","0.99%"
"06.12.2017","55.75","55.03","55.85","54.79","2.17M","0.32%"
"05.12.2017","55.57","55.25","56.59","54.85","5.34M","0.07%"
"04.12.2017","55.53","57.57","57.64","55.18","4.89M","-2.41%"
"01.12.2017","56.90","56.98","57.24","55.50","4.88M","-1.08%"
"30.11.2017","57.52","57.84","58.12","57.16","4.29M","0.54%"
"29.11.2017","57.21","59.78","59.80","56.63","5.58M","-4.41%"
"28.11.2017","59.85","60.06","60.06","59.48","1.97M","0.05%"
"27.11.2017","59.82","60.22","60.22","59.72","1.69M","-1.25%"
"24.11.2017","60.58","60.30","60.62","60.22","557.04K","0.90%"
"22.11.2017","60.04","60.62","60.63","59.95","1.20M","-0.61%"
"21.11.2017","60.41","60.12","60.49","60.00","3.60M","1.14%"
"20.11.2017","59.73","59.36","59.82","59.20","1.79M","1.20%"
"17.11.2017","59.02","59.63","59.64","58.92","1.89M","-0.44%"
"16.11.2017","59.28","58.66","59.53","58.66","1.09M","1.49%"
"15.11.2017","58.41","58.53","58.66","57.94","1.18M","-0.90%"
"14.11.2017","58.94","58.89","59.11","58.51","801.80K","-0.10%"
"13.11.2017","59.00","58.60","59.06","58.52","1.31M","0.29%"
"10.11.2017","58.83","58.64","58.86","58.48","1.17M","0.67%"
"09.11.2017","58.44","59.12","59.12","57.72","3.30M","-2.00%"
"08.11.2017","59.63","59.39","59.68","59.15","1.20M","0.32%"
"07.11.2017","59.44","59.43","59.58","59.04","1.30M","-0.10%"
"06.11.2017","59.50","59.24","59.52","58.81","3.06M","1.41%"
"03.11.2017","58.67","57.93","58.67","57.45","2.68M","1.77%"
"02.11.2017","57.65","57.47","57.80","57.03","4.10M","0.51%"
"01.11.2017","57.36","58.04","58.08","56.86","1.52M","-0.36%"
"31.10.2017","57.57","57.26","57.74","57.10","1.03M","0.79%"
"30.10.2017","57.12","56.78","57.36","56.78","1.58M","0.28%"
"27.10.2017","56.96","56.17","57.04","55.93","1.06M","2.08%"
"26.10.2017","55.80","55.57","55.91","55.49","1.15M","0.59%"
"25.10.2017","55.47","55.90","56.05","54.90","1.57M","-1.32%"
"24.10.2017","56.21","55.97","56.26","55.76","643.43K","0.70%"
"23.10.2017","55.82","55.81","56.11","55.55","899.78K","0.50%"
"20.10.2017","55.54","55.69","55.82","55.46","1.08M","0.51%"
"19.10.2017","55.26","54.97","55.27","54.41","1.06M","-0.25%"
"18.10.2017","55.40","55.42","55.50","54.67","712.21K","0.34%"
"17.10.2017","55.21","55.29","55.29","54.95","558.95K","-0.09%"
"16.10.2017","55.26","55.17","55.27","54.89","543.32K","0.47%"
"13.10.2017","55.00","54.91","55.19","54.76","531.82K","0.64%"
"12.10.2017","54.65","54.80","55.01","54.61","584.53K","-0.31%"
"11.10.2017","54.82","54.42","54.84","54.34","859.24K","0.68%"
"10.10.2017","54.45","54.63","54.63","53.91","756.71K","0.55%"
"09.10.2017","54.15","53.95","54.19","53.89","835.39K","0.76%"
"06.10.2017","53.74","53.33","53.75","53.33","742.85K","0.39%"
"05.10.2017","53.53","53.71","53.71","53.22","538.10K","0.09%"
"04.10.2017","53.48","53.29","53.48","52.98","873.86K","0.22%"
"03.10.2017","53.36","53.27","53.48","53.10","536.25K","0.28%"
"02.10.2017","53.21","53.09","53.42","52.81","1.24M","0.66%"
"29.09.2017","52.86","52.61","52.93","52.35","919.00K","0.88%"
"28.09.2017","52.40","51.97","52.43","51.83","819.92K","0.73%"
"27.09.2017","52.02","51.40","52.23","51.34","1.17M","2.42%"
"26.09.2017","50.79","51.40","51.40","50.64","1.47M","-0.49%"
"25.09.2017","51.04","51.85","51.85","50.80","1.80M","-1.92%"
"22.09.2017","52.04","51.64","52.11","51.63","742.06K","0.50%"
"21.09.2017","51.78","51.90","51.96","51.33","864.40K","-0.42%"
"20.09.2017","52.00","52.79","52.79","51.30","2.28M","-1.38%"
"19.09.2017","52.73","52.68","52.93","52.40","1.38M","0.32%"
"18.09.2017","52.56","52.18","52.88","52.18","1.48M","1.31%"
"15.09.2017","51.88","51.23","51.94","51.13","1.42M","1.75%"
"14.09.2017","50.99","50.58","51.29","50.57","1.66M","0.39%"
"13.09.2017","50.79","50.67","50.91","50.41","773.99K","0.20%"
"12.09.2017","50.69","50.53","50.84","50.41","742.30K","0.46%"
"11.09.2017","50.46","49.90","50.58","49.90","1.31M","1.90%"
"08.09.2017","49.52","50.08","50.11","49.34","1.45M","-1.18%"
"07.09.2017","50.11","50.12","50.31","49.89","873.29K","0.18%"
"06.09.2017","50.02","50.22","50.25","49.79","1.04M","0.14%"
"05.09.2017","49.95","50.46","50.52","49.52","2.81M","-1.36%"
"01.09.2017","50.64","50.51","50.90","50.51","1.59M","0.44%"
"31.08.2017","50.42","50.09","50.48","50.02","1.07M","1.00%"
"30.08.2017","49.92","49.35","50.00","49.17","2.00M","1.71%"
"29.08.2017","49.08","48.39","49.21","48.37","1.07M","0.14%"
"28.08.2017","49.01","48.93","49.02","48.74","552.54K","0.31%"
"25.08.2017","48.86","49.28","49.37","48.78","684.80K","-0.49%"
"24.08.2017","49.10","49.29","49.36","48.82","1.29M","0.02%"
"23.08.2017","49.09","48.42","49.23","48.37","1.98M","0.43%"
"22.08.2017","48.88","48.51","48.98","48.45","1.05M","1.64%"
"21.08.2017","48.09","48.52","48.60","47.79","945.91K","-0.74%"
"18.08.2017","48.45","48.66","48.81","48.21","1.03M","0.14%"
"17.08.2017","48.38","49.39","49.52","48.35","1.21M","-2.52%"
"16.08.2017","49.63","49.65","49.84","49.39","777.93K","0.16%"
"15.08.2017","49.55","49.64","49.65","49.20","531.35K","0.24%"
"14.08.2017","49.43","48.78","49.48","48.78","1.61M","2.55%"
"11.08.2017","48.20","47.71","48.28","47.59","1.04M","0.56%"
"10.08.2017","47.93","48.99","49.01","47.89","1.63M","-2.80%"
"09.08.2017","49.31","49.08","49.35","48.86","706.40K","-0.32%"
"08.08.2017","49.47","49.66","50.05","49.31","818.68K","-0.30%"
"07.08.2017","49.62","48.90","49.64","48.90","949.28K","1.72%"
"04.08.2017","48.78","48.79","49.17","48.63","1.28M","0.04%"
"03.08.2017","48.76","48.91","49.07","48.52","1.35M","-0.37%"
"02.08.2017","48.94","49.58","49.69","48.60","1.74M","-0.73%"
"01.08.2017","49.30","49.14","49.30","48.90","1.00M","0.63%"
"31.07.2017","48.99","49.38","49.64","48.86","1.52M","-0.79%"
"28.07.2017","49.38","49.34","49.58","49.13","1.21M","-0.38%"
"27.07.2017","49.57","50.48","50.55","48.98","2.83M","-1.51%"
"26.07.2017","50.33","50.23","50.55","50.05","2.00M","1.08%"
"25.07.2017","49.79","49.73","49.91","49.27","1.20M","-0.08%"
"24.07.2017","49.83","50.05","50.05","49.73","1.21M","-0.30%"
"21.07.2017","49.98","50.08","50.08","49.73","983.91K","-0.85%"
"20.07.2017","50.41","50.28","50.48","49.87","1.53M","0.30%"
"19.07.2017","50.26","50.09","50.28","49.92","1.41M","0.92%"
"18.07.2017","49.80","49.35","49.81","49.17","1.02M","0.30%"
"17.07.2017","49.65","50.02","50.04","49.48","693.40K","-0.40%"
"14.07.2017","49.85","49.46","49.88","49.35","1.23M","1.34%"
"13.07.2017","49.19","49.40","49.72","49.05","1.53M","-0.32%"
"12.07.2017","49.35","49.06","49.45","48.88","1.68M","1.61%"
"11.07.2017","48.57","48.04","48.59","48.01","965.46K","0.83%"
"10.07.2017","48.17","47.80","48.29","47.50","978.36K","1.15%"
"07.07.2017","47.62","47.06","47.81","47.06","3.37M","1.69%"
"06.07.2017","46.83","46.60","47.23","46.38","2.06M","-0.45%"
"05.07.2017","47.04","46.24","47.11","46.24","1.92M","2.06%"
"03.07.2017","46.09","47.11","47.17","46.08","1.77M","-1.37%"
"30.06.2017","46.73","47.14","47.38","46.53","1.49M","-0.55%"
"29.06.2017","46.99","48.00","48.00","46.35","2.95M","-2.49%"
"28.06.2017","48.19","47.64","48.24","47.19","2.29M","1.73%"
"27.06.2017","47.37","48.50","48.50","47.35","1.92M","-2.91%"
"26.06.2017","48.79","49.49","49.76","48.53","1.88M","-0.85%"
"23.06.2017","49.21","49.15","49.49","48.92","973.08K","0.29%"
"22.06.2017","49.07","49.17","49.29","48.83","1.30M","-0.22%"
"21.06.2017","49.18","48.84","49.20","48.65","1.39M","1.15%"
"20.06.2017","48.62","49.43","49.49","48.61","1.19M","-1.12%"
"19.06.2017","49.17","48.79","49.25","48.75","1.46M","1.91%"
"16.06.2017","48.25","48.57","48.81","48.10","1.59M","-0.41%"
"15.06.2017","48.45","48.02","48.60","47.95","3.53M","-0.78%"
"14.06.2017","48.83","49.55","49.55","48.29","2.11M","-1.05%"
"13.06.2017","49.35","49.76","49.83","48.75","3.22M","0.67%"
"12.06.2017","49.02","48.68","49.20","47.60","5.28M","-0.57%"
"09.06.2017","49.30","51.84","51.98","48.30","5.10M","-4.20%"
"08.06.2017","51.46","50.95","51.48","50.51","1.62M","1.82%"
"07.06.2017","50.54","50.42","50.74","50.28","1.26M","0.74%"
"06.06.2017","50.17","49.82","50.51","49.74","1.24M","0.34%"
"05.06.2017","50.00","49.87","50.27","49.85","986.63K","0.24%"
"02.06.2017","49.88","49.69","49.94","49.32","1.30M","1.01%"
"01.06.2017","49.38","49.52","49.52","49.10","1.06M","0.10%"
"31.05.2017","49.33","49.69","49.79","49.09","1.61M","-0.02%"
"30.05.2017","49.34","49.01","49.46","48.95","1.18M","0.67%"
"26.05.2017","49.01","48.75","49.03","48.47","789.61K","0.45%"
"25.05.2017","48.79","48.69","48.96","48.47","1.01M","0.52%"
"24.05.2017","48.54","48.55","48.63","48.32","1.02M","0.64%"
"23.05.2017","48.23","48.46","48.47","47.86","760.09K","-0.39%"
"22.05.2017","48.42","48.21","48.44","48.10","2.00M","1.09%"
"19.05.2017","47.90","47.82","48.06","47.77","2.68M","1.12%"
"18.05.2017","47.37","46.53","47.51","46.39","2.10M","1.85%"
"17.05.2017","46.51","48.03","48.13","46.47","3.09M","-4.30%"
"16.05.2017","48.60","48.14","48.62","47.92","1.07M","1.42%"
"15.05.2017","47.92","47.39","47.95","47.25","1.12M","1.55%"
"12.05.2017","47.19","47.12","47.24","46.92","573.21K","0.30%"
"11.05.2017","47.05","46.85","47.27","46.46","2.09M","0.36%"
"10.05.2017","46.88","46.48","46.97","46.46","2.50M","2.11%"
"09.05.2017","45.91","45.52","46.04","45.46","1.28M","0.99%"
"08.05.2017","45.46","45.62","45.70","45.37","801.76K","-0.39%"
"05.05.2017","45.64","45.58","45.64","45.21","902.20K","0.40%"
"04.05.2017","45.46","45.65","45.65","45.27","1.22M","-0.07%"
"03.05.2017","45.49","45.10","45.56","45.08","1.14M","0.33%"
"02.05.2017","45.34","45.70","45.70","45.10","3.40M","-1.05%"
"01.05.2017","45.82","45.48","45.83","45.25","2.07M","0.99%"
"28.04.2017","45.37","46.05","46.05","45.25","3.13M","-1.71%"
"27.04.2017","46.16","45.84","46.22","45.75","1.10M","1.41%"
"26.04.2017","45.52","45.83","45.92","45.35","3.50M","-0.81%"
"25.04.2017","45.89","45.65","45.96","45.54","1.27M","1.01%"
"24.04.2017","45.43","45.44","45.58","45.27","1.48M","1.43%"
"21.04.2017","44.79","44.83","44.88","44.41","1.92M","-0.42%"
"20.04.2017","44.98","44.60","45.06","44.38","1.67M","1.58%"
"19.04.2017","44.28","44.41","44.68","44.21","1.70M","0.52%"
"18.04.2017","44.05","43.60","44.07","43.57","1.33M","0.48%"
"17.04.2017","43.84","43.47","43.87","43.47","1.33M","1.25%"
"13.04.2017","43.30","43.33","43.96","43.29","1.31M","-0.67%"
"12.04.2017","43.59","44.23","44.29","43.49","1.70M","-1.74%"
"11.04.2017","44.36","44.50","44.51","43.70","1.60M","-0.81%"
"10.04.2017","44.72","45.07","45.11","44.61","810.44K","-0.75%"
"07.04.2017","45.06","44.89","45.20","44.76","757.22K","0.42%"
"06.04.2017","44.87","44.77","44.97","44.41","1.17M","0.16%"
"05.04.2017","44.80","45.24","45.55","44.77","1.26M","-0.69%"
"04.04.2017","45.11","45.06","45.41","44.98","1.37M","-0.51%"
"03.04.2017","45.34","45.65","45.76","45.05","2.16M","-0.64%"
"31.03.2017","45.63","45.67","45.86","45.48","616.54K","0.00%"
"30.03.2017","45.63","45.42","45.73","45.35","831.08K","0.53%"
"29.03.2017","45.39","45.52","45.52","45.26","1.06M","-0.24%"
"28.03.2017","45.50","45.45","45.68","45.23","851.46K","0.31%"
"27.03.2017","45.36","44.86","45.47","44.67","1.45M","0.15%"
"24.03.2017","45.29","45.54","45.86","45.12","1.60M","0.47%"
"23.03.2017","45.08","45.18","45.28","44.95","1.53M","-0.22%"
"22.03.2017","45.18","44.75","45.23","44.60","1.68M","1.05%"
"21.03.2017","44.71","45.90","45.99","44.62","1.96M","-2.34%"
"20.03.2017","45.78","45.56","45.94","45.41","1.14M","0.73%"
"17.03.2017","45.45","45.51","45.51","45.30","1.83M","0.22%"
"16.03.2017","45.35","45.55","45.56","45.27","932.70K","-0.11%"
"15.03.2017","45.40","45.10","45.48","44.88","1.11M","0.80%"
"14.03.2017","45.04","45.06","45.09","44.67","1.07M","-0.31%"
"13.03.2017","45.18","44.98","45.19","44.89","1.15M","0.76%"
"10.03.2017","44.84","44.60","44.93","44.60","2.14M","1.15%"
"09.03.2017","44.33","44.22","44.41","43.98","1.02M","0.18%"
"08.03.2017","44.25","44.32","44.61","44.16","1.76M","0.25%"
"07.03.2017","44.14","43.97","44.43","43.84","1.62M","0.20%"
"06.03.2017","44.05","43.90","44.12","43.54","1.60M","0.07%"
"03.03.2017","44.02","44.10","44.13","43.77","1.29M","-0.07%"
"02.03.2017","44.05","44.61","44.72","44.00","1.29M","-1.01%"
"01.03.2017","44.50","44.35","44.56","43.92","1.32M","1.55%"
"28.02.2017","43.82","44.47","44.47","43.73","1.30M","-1.28%"
"27.02.2017","44.39","43.99","44.40","43.89","3.66M","0.96%"
"24.02.2017","43.97","43.29","43.97","43.13","1.57M","-0.07%"
"23.02.2017","44.00","44.67","44.67","43.71","1.78M","-1.61%"
"22.02.2017","44.72","44.63","44.78","44.54","674.83K","0.02%"
"21.02.2017","44.71","44.24","44.73","44.24","2.01M","1.41%"
"17.02.2017","44.09","43.64","44.10","43.49","996.39K","0.52%"
"16.02.2017","43.86","43.84","43.94","43.58","930.56K","0.16%"
"15.02.2017","43.79","43.58","43.84","43.36","703.85K","0.76%"
"14.02.2017","43.46","43.59","43.59","43.19","608.36K","-0.28%"
"13.02.2017","43.58","43.61","43.87","43.51","929.34K","0.21%"
"10.02.2017","43.49","43.81","43.81","43.06","1.55M","-0.05%"
"09.02.2017","43.51","44.01","44.02","43.46","1.36M","-0.89%"
"08.02.2017","43.90","43.94","44.07","43.67","771.66K","0.21%"
"07.02.2017","43.81","43.91","43.98","43.59","594.84K","0.37%"
"06.02.2017","43.65","43.59","43.69","43.31","923.13K","0.34%"
"03.02.2017","43.50","43.52","43.58","43.35","869.48K","0.51%"
"02.02.2017","43.28","43.00","43.41","42.79","1.42M","-0.05%"
"01.02.2017","43.30","43.08","43.32","42.86","1.79M","1.60%"
"31.01.2017","42.62","42.93","42.96","42.36","1.45M","-1.30%"
"30.01.2017","43.18","43.20","43.20","42.64","1.52M","-0.51%"
"27.01.2017","43.40","43.08","43.41","43.08","977.50K","1.26%"
"26.01.2017","42.86","43.19","43.19","42.68","1.26M","-0.58%"
"25.01.2017","43.11","43.05","43.21","42.71","2.03M","1.48%"
"24.01.2017","42.48","41.85","42.56","41.79","3.73M","1.94%"
"23.01.2017","41.67","41.77","41.86","41.35","1.05M","-0.62%"
"20.01.2017","41.93","41.81","42.18","41.76","1.93M","1.30%"
"19.01.2017","41.39","41.52","41.86","41.37","2.73M","-0.46%"
"18.01.2017","41.58","41.07","41.61","41.03","1.16M","1.37%"
"17.01.2017","41.02","41.54","41.56","40.88","1.09M","-1.61%"
"13.01.2017","41.69","41.48","41.79","41.43","849.46K","0.65%"
"12.01.2017","41.42","41.54","41.65","40.79","1.35M","-0.84%"
"11.01.2017","41.77","41.67","41.78","41.47","1.63M","0.34%"
"10.01.2017","41.63","41.46","41.72","41.40","690.90K","0.48%"
"09.01.2017","41.43","41.14","41.59","41.11","884.03K","1.07%"
"06.01.2017","40.99","40.77","41.11","40.51","874.97K","0.79%"
"05.01.2017","40.67","41.04","41.26","40.59","941.86K","-0.85%"
"04.01.2017","41.02","41.11","41.22","40.83","1.35M","0.27%"
"03.01.2017","40.91","41.05","41.49","40.56","2.65M","0.00%"
"30.12.2016","40.91","41.70","41.89","40.77","3.40M","-1.54%"
"29.12.2016","41.55","41.37","41.55","41.11","1.05M","-0.02%"
"28.12.2016","41.56","42.60","42.64","41.53","1.74M","-1.89%"
"27.12.2016","42.36","41.93","42.42","41.91","1.41M","1.24%"
"23.12.2016","41.84","41.59","41.87","41.52","480.14K","0.50%"
"22.12.2016","41.63","41.89","41.90","41.47","869.56K","0.48%"
"21.12.2016","41.43","41.52","41.62","41.36","787.13K","-0.24%"
"20.12.2016","41.53","41.55","41.61","41.35","2.16M","0.97%"
"19.12.2016","41.13","40.84","41.29","40.79","1.25M","0.98%"
"16.12.2016","40.73","41.39","41.47","40.55","1.47M","-1.02%"
"15.12.2016","41.15","40.62","41.32","40.55","2.22M","1.71%"
"14.12.2016","40.46","40.51","40.72","40.32","1.99M","-0.07%"
"13.12.2016","40.49","40.17","40.76","40.11","1.00M","1.15%"
"12.12.2016","40.03","40.18","40.25","39.71","2.09M","-0.77%"
"09.12.2016","40.34","40.81","40.89","40.06","1.00M","-0.35%"
"08.12.2016","40.48","40.24","40.72","40.19","1.26M","0.87%"
"07.12.2016","40.13","39.30","40.23","39.17","1.30M","2.06%"
"06.12.2016","39.32","38.89","39.36","38.89","1.45M","1.39%"
"05.12.2016","38.78","38.65","38.91","38.40","1.12M","1.20%"
"02.12.2016","38.32","37.80","38.38","37.67","3.00M","1.24%"
"01.12.2016","37.85","39.76","39.76","37.62","3.49M","-4.88%"
"30.11.2016","39.79","40.00","40.11","39.78","591.93K","-0.57%"
"29.11.2016","40.02","40.07","40.26","39.83","1.17M","-0.20%"
"28.11.2016","40.10","40.12","40.28","40.03","661.48K","-0.30%"
"25.11.2016","40.22","40.22","40.24","40.04","412.04K","0.17%"
"23.11.2016","40.15","40.11","40.23","39.90","1.04M","0.12%"
"22.11.2016","40.10","39.88","40.13","39.85","1.42M","1.08%"
"21.11.2016","39.67","39.53","39.73","39.39","1.14M","0.66%"
"18.11.2016","39.41","39.01","39.46","39.01","1.06M","0.72%"
"17.11.2016","39.13","38.86","39.32","38.62","1.08M","1.08%"
"16.11.2016","38.71","38.20","38.74","38.19","1.21M","1.15%"
"15.11.2016","38.27","37.72","38.37","37.63","1.41M","1.86%"
"14.11.2016","37.57","37.95","37.95","37.47","1.34M","-0.50%"
"11.11.2016","37.76","36.78","37.82","36.78","2.60M","3.82%"
"10.11.2016","36.37","37.39","37.63","36.03","6.67M","-2.15%"
"09.11.2016","37.17","36.51","37.29","36.33","3.11M","-0.48%"
"08.11.2016","37.35","37.26","37.59","37.05","1.23M","0.21%"
"07.11.2016","37.27","36.93","37.30","36.78","4.80M","2.81%"
"04.11.2016","36.25","36.27","36.57","36.00","1.26M","-0.63%"
"03.11.2016","36.48","36.56","36.80","36.35","1.51M","-0.19%"
"02.11.2016","36.55","36.81","37.02","36.43","2.46M","-0.65%"
"01.11.2016","36.79","37.13","37.42","36.39","1.67M","-0.89%"
"31.10.2016","37.12","37.05","37.30","37.05","913.31K","0.54%"
"28.10.2016","36.92","37.29","37.52","36.88","1.80M","-0.59%"
"27.10.2016","37.14","37.68","37.77","37.09","1.39M","-0.48%"
"26.10.2016","37.32","37.08","37.54","37.05","1.12M","-0.13%"
"25.10.2016","37.37","37.42","37.54","37.30","823.44K","-0.08%"
"24.10.2016","37.40","36.92","37.43","36.92","711.03K","1.82%"
"21.10.2016","36.73","36.53","36.77","36.38","1.10M","-0.24%"
"20.10.2016","36.82","36.50","36.96","36.28","2.06M","0.68%"
"19.10.2016","36.57","36.40","36.61","36.22","1.19M","-0.41%"
"18.10.2016","36.72","36.75","36.87","36.65","891.66K","1.16%"
"17.10.2016","36.30","36.45","36.65","36.28","701.08K","-0.52%"
"14.10.2016","36.49","36.55","36.92","36.46","1.37M","0.75%"
"13.10.2016","36.22","36.32","36.32","35.63","2.08M","-1.17%"
"12.10.2016","36.65","36.75","36.76","36.32","1.57M","-0.33%"
"11.10.2016","36.77","37.51","37.51","36.45","1.87M","-2.10%"
"10.10.2016","37.56","37.93","38.07","37.55","1.21M","-0.50%"
"07.10.2016","37.75","37.87","37.87","37.41","1.38M","-0.16%"
"06.10.2016","37.81","37.56","37.84","37.33","2.60M","0.59%"
"05.10.2016","37.59","37.43","37.85","37.34","3.85M","0.75%"
"04.10.2016","37.31","37.57","37.68","37.17","1.02M","-0.27%"
"03.10.2016","37.41","37.75","37.92","37.34","3.63M","-0.66%"
"30.09.2016","37.66","37.30","37.91","37.30","1.37M","1.56%"
"29.09.2016","37.08","36.64","37.31","36.24","2.58M","1.23%"
"28.09.2016","36.63","36.69","36.81","36.40","840.55K","0.22%"
"27.09.2016","36.55","35.85","36.56","35.83","1.03M","1.73%"
"26.09.2016","35.93","36.03","36.15","35.78","1.15M","-1.40%"
"23.09.2016","36.44","36.77","36.78","36.40","818.00K","-1.03%"
"22.09.2016","36.82","36.94","37.05","36.71","1.06M","0.33%"
"21.09.2016","36.70","36.38","36.76","36.22","1.30M","1.38%"
"20.09.2016","36.20","36.57","36.60","36.11","1.08M","-0.44%"
"19.09.2016","36.36","36.55","36.90","36.24","1.18M","0.11%"
"16.09.2016","36.32","36.58","36.69","36.04","1.92M","0.03%"
"15.09.2016","36.31","35.47","36.38","35.43","1.80M","2.31%"
"14.09.2016","35.49","35.09","35.58","35.04","1.09M","0.88%"
"13.09.2016","35.18","35.32","35.62","35.00","1.20M","-0.87%"
"12.09.2016","35.49","34.56","35.53","34.44","2.16M","1.87%"
"09.09.2016","34.84","35.84","35.84","34.74","2.55M","-3.57%"
"08.09.2016","36.13","36.07","36.22","35.91","1.35M","-0.17%"
"07.09.2016","36.19","36.52","36.53","36.12","3.81M","-0.77%"
"06.09.2016","36.47","36.61","36.66","36.28","1.09M","-0.22%"
"02.09.2016","36.55","36.75","36.78","36.38","1.66M","-0.11%"
"01.09.2016","36.59","36.40","36.61","36.12","1.39M","0.80%"
"31.08.2016","36.30","36.31","36.35","36.10","1.45M","-0.06%"
"30.08.2016","36.32","36.40","36.60","36.19","3.18M","-0.19%"
"29.08.2016","36.39","36.40","36.53","36.35","810.75K","0.39%"
"26.08.2016","36.25","36.15","36.52","36.01","932.11K","0.44%"
"25.08.2016","36.09","35.83","36.26","35.83","940.10K","0.42%"
"24.08.2016","35.94","36.29","36.32","35.85","917.71K","-0.83%"
"23.08.2016","36.24","36.23","36.40","36.23","825.58K","0.47%"
"22.08.2016","36.07","35.99","36.15","35.91","770.58K","0.06%"
"19.08.2016","36.05","35.78","36.14","35.78","1.47M","0.87%"
"18.08.2016","35.74","35.50","35.75","35.47","692.90K","0.70%"
"17.08.2016","35.49","35.51","35.51","35.30","1.78M","0.00%"
"16.08.2016","35.49","35.69","35.69","35.45","1.88M","-0.70%"
"15.08.2016","35.74","35.34","35.83","35.34","683.22K","1.36%"
"12.08.2016","35.26","35.17","35.34","35.13","575.10K","0.46%"
"11.08.2016","35.10","35.12","35.15","34.92","1.13M","0.37%"
"10.08.2016","34.97","35.24","35.28","34.82","2.45M","-0.68%"
"09.08.2016","35.21","35.12","35.32","35.06","1.13M","0.83%"
"08.08.2016","34.92","35.08","35.17","34.86","695.71K","-0.11%"
"05.08.2016","34.96","34.73","35.00","34.68","1.24M","1.27%"
"04.08.2016","34.52","34.29","34.54","34.23","1.22M","0.94%"
"03.08.2016","34.20","33.98","34.21","33.97","1.25M","0.12%"
"02.08.2016","34.16","34.63","34.63","33.95","4.52M","-1.53%"
"01.08.2016","34.69","34.74","34.82","34.57","1.48M","0.06%"
"29.07.2016","34.67","34.81","34.93","34.51","1.02M","-0.43%"
"28.07.2016","34.82","34.86","35.05","34.67","2.50M","-0.54%"
"27.07.2016","35.01","35.33","35.34","34.81","3.43M","-0.03%"
"26.07.2016","35.02","34.03","35.17","34.03","4.41M","3.89%"
"25.07.2016","33.71","33.51","33.77","33.51","710.05K","0.57%"
"22.07.2016","33.52","33.24","33.54","33.03","1.40M","0.51%"
"21.07.2016","33.35","33.62","33.64","33.21","1.46M","-0.71%"
"20.07.2016","33.59","33.25","33.67","33.14","1.97M","1.60%"
"19.07.2016","33.06","33.12","33.15","32.96","845.49K","-0.36%"
"18.07.2016","33.18","33.11","33.24","33.02","1.43M","1.47%"
"15.07.2016","32.70","32.71","32.75","32.57","1.15M","-0.03%"
"14.07.2016","32.71","32.76","32.80","32.50","1.40M","0.74%"
"13.07.2016","32.47","32.55","32.67","32.42","1.43M","0.12%"
"12.07.2016","32.43","32.31","32.54","32.25","3.08M","1.31%"
"11.07.2016","32.01","31.90","32.15","31.87","960.83K","1.11%"
"08.07.2016","31.66","31.12","31.68","31.10","1.08M","2.79%"
"07.07.2016","30.80","30.48","31.03","30.48","1.18M","1.22%"
"06.07.2016","30.43","30.17","30.48","29.88","1.73M","0.13%"
"05.07.2016","30.39","30.71","30.71","30.21","2.58M","-1.84%"
"01.07.2016","30.96","30.98","31.06","30.89","1.34M","-0.80%"
"30.06.2016","31.21","30.73","31.25","30.67","1.58M","1.69%"
"29.06.2016","30.69","30.43","30.78","30.32","2.35M","2.03%"
"28.06.2016","30.08","29.77","30.14","29.69","2.74M","2.63%"
"27.06.2016","29.31","30.14","30.14","29.11","5.31M","-4.06%"
"24.06.2016","30.55","30.94","31.44","30.44","2.66M","-5.45%"
"23.06.2016","32.31","31.93","32.34","31.84","1.10M","2.51%"
"22.06.2016","31.52","31.60","31.85","31.48","919.04K","-0.10%"
"21.06.2016","31.55","31.58","31.64","31.44","966.58K","0.00%"
"20.06.2016","31.55","31.66","31.93","31.53","1.11M","1.12%"
"17.06.2016","31.20","31.42","31.42","30.98","1.82M","-0.86%"
"16.06.2016","31.47","31.16","31.49","30.93","4.07M","0.00%"
"15.06.2016","31.47","31.64","31.69","31.42","706.65K","-0.03%"
"14.06.2016","31.48","31.38","31.56","31.18","1.27M","-0.03%"
"13.06.2016","31.49","31.45","31.84","31.42","1.66M","-0.51%"
"10.06.2016","31.65","31.85","31.85","31.54","1.04M","-1.65%"
"09.06.2016","32.18","31.93","32.19","31.82","1.09M","0.12%"
"08.06.2016","32.14","32.15","32.22","32.04","418.89K","-0.03%"
"07.06.2016","32.15","31.99","32.22","31.98","1.40M","0.94%"
"06.06.2016","31.85","31.94","32.11","31.80","1.89M","-0.22%"
"03.06.2016","31.92","32.11","32.12","31.74","1.32M","0.28%"
"02.06.2016","31.83","31.77","31.83","31.63","740.73K","0.03%"
"01.06.2016","31.82","31.63","31.86","31.51","1.31M","0.51%"
"31.05.2016","31.66","31.53","31.69","31.45","2.14M","0.60%"
"27.05.2016","31.47","31.25","31.53","31.25","861.52K","0.61%"
"26.05.2016","31.28","31.22","31.35","31.14","912.24K","0.35%"
"25.05.2016","31.17","31.18","31.26","30.93","1.25M","0.58%"
"24.05.2016","30.99","30.51","31.03","30.47","1.59M","2.41%"
"23.05.2016","30.26","30.25","30.53","30.25","735.91K","0.70%"
"20.05.2016","30.05","29.52","30.08","29.52","1.68M","3.02%"
"19.05.2016","29.17","29.14","29.39","28.91","1.39M","-0.55%"
"18.05.2016","29.33","28.76","29.58","28.76","2.00M","1.56%"
"17.05.2016","28.88","29.03","29.19","28.79","623.87K","-0.65%"
"16.05.2016","29.07","28.63","29.27","28.53","712.72K","1.61%"
"13.05.2016","28.61","28.59","28.85","28.53","1.60M","0.35%"
"12.05.2016","28.51","29.09","29.15","28.28","1.21M","-1.79%"
"11.05.2016","29.03","28.99","29.29","28.99","2.68M","-0.24%"
"10.05.2016","29.10","28.84","29.11","28.66","830.20K","1.18%"
"09.05.2016","28.76","28.85","29.00","28.67","974.98K","-0.10%"
"06.05.2016","28.79","28.63","28.81","28.40","1.24M","0.14%"
"05.05.2016","28.75","28.85","29.03","28.65","1.18M","0.24%"
"04.05.2016","28.68","28.80","29.01","28.58","2.54M","-1.14%"
"03.05.2016","29.01","29.05","29.19","28.88","3.29M","-1.16%"
"02.05.2016","29.35","29.20","29.39","28.98","1.14M","0.76%"
"29.04.2016","29.13","29.80","29.80","28.90","2.60M","-2.64%"
"28.04.2016","29.92","30.56","30.72","29.84","1.49M","-2.60%"
"27.04.2016","30.72","30.11","30.77","30.08","1.52M","1.02%"
"26.04.2016","30.41","30.24","30.69","30.23","1.36M","1.33%"
"25.04.2016","30.01","30.10","30.27","29.92","1.80M","-0.60%"
"22.04.2016","30.19","30.16","30.46","29.95","731.35K","0.17%"
"21.04.2016","30.14","30.31","30.31","29.99","825.20K","-0.59%"
"20.04.2016","30.32","29.95","30.45","29.95","1.11M","0.97%"
"19.04.2016","30.03","30.47","30.50","29.90","1.29M","-1.22%"
"18.04.2016","30.40","30.29","30.47","30.23","980.04K","0.00%"
"15.04.2016","30.40","30.59","30.64","30.36","1.10M","-0.85%"
"14.04.2016","30.66","30.63","30.71","30.35","725.55K","-0.78%"
"13.04.2016","30.90","30.43","30.92","30.41","1.01M","2.25%"
"12.04.2016","30.22","30.30","30.34","29.83","1.23M","-0.13%"
"11.04.2016","30.26","30.41","30.71","30.25","789.21K","-0.03%"
"08.04.2016","30.27","30.47","30.55","30.16","1.18M","0.46%"
"07.04.2016","30.13","30.48","30.48","30.02","1.11M","-1.54%"
"06.04.2016","30.60","30.27","30.62","30.02","5.24M","0.96%"
"05.04.2016","30.31","30.29","30.51","30.17","541.55K","-0.56%"
"04.04.2016","30.48","30.73","30.75","30.42","653.73K","-0.88%"
"01.04.2016","30.75","30.28","30.76","30.24","452.96K","0.69%"
"31.03.2016","30.54","30.67","30.69","30.53","536.63K","-0.55%"
"30.03.2016","30.71","30.60","30.90","30.59","688.71K","0.89%"
"29.03.2016","30.44","29.90","30.47","29.76","1.20M","1.37%"
"28.03.2016","30.03","30.11","30.15","29.90","476.14K","-0.07%"
"24.03.2016","30.05","29.88","30.06","29.72","602.28K","-0.07%"
"23.03.2016","30.07","30.42","30.45","30.06","735.68K","-1.60%"
"22.03.2016","30.56","30.41","30.67","30.34","653.05K","0.00%"
"21.03.2016","30.56","30.42","30.60","30.30","671.99K","0.13%"
"18.03.2016","30.52","30.17","30.56","30.09","1.72M","1.29%"
"17.03.2016","30.13","29.83","30.20","29.78","940.26K","0.70%"
"16.03.2016","29.92","29.47","29.96","29.47","1.46M","0.91%"
"15.03.2016","29.65","29.63","29.66","29.41","2.06M","-0.27%"
"14.03.2016","29.73","29.69","29.83","29.60","752.32K","-0.23%"
"11.03.2016","29.80","29.56","29.83","29.50","656.02K","1.92%"
"10.03.2016","29.24","29.28","29.53","28.85","2.48M","0.48%"
"09.03.2016","29.10","28.97","29.17","28.88","578.63K","0.73%"
"08.03.2016","28.89","29.33","29.35","28.85","1.03M","-2.27%"
"07.03.2016","29.56","29.25","29.67","29.15","1.11M","0.44%"
"04.03.2016","29.43","29.33","29.67","29.11","1.38M","1.03%"
"03.03.2016","29.13","29.11","29.20","28.92","871.38K","0.10%"
"02.03.2016","29.10","28.87","29.11","28.87","1.03M","0.62%"
"01.03.2016","28.92","28.36","28.95","28.35","1.16M","2.70%"
"29.02.2016","28.16","28.28","28.65","28.16","1.17M","-66.77%"
"27.02.2016","84.75","84.74","84.75","84.74","294.99K","200.32%"
"26.02.2016","28.22","28.29","28.33","28.10","921.37K","0.64%"
"25.02.2016","28.04","27.80","28.07","27.49","1.24M","1.19%"
"24.02.2016","27.71","27.02","27.77","26.85","1.03M","1.35%"
"23.02.2016","27.34","27.64","27.69","27.29","764.08K","-1.58%"
"22.02.2016","27.78","27.62","27.92","27.62","1.79M","1.57%"
"19.02.2016","27.35","27.28","27.51","27.16","545.54K","0.44%"
"18.02.2016","27.23","27.57","27.59","27.20","1.02M","-0.48%"
"17.02.2016","27.36","26.90","27.41","26.86","1.13M","2.40%"
"16.02.2016","26.72","26.16","26.86","26.08","1.28M","3.49%"
"12.02.2016","25.82","25.54","25.85","25.19","1.21M","2.22%"
"11.02.2016","25.26","25.06","25.41","24.93","1.26M","-0.79%"
"10.02.2016","25.46","25.87","26.09","25.43","2.62M","-0.78%"
"09.02.2016","25.66","25.49","26.11","25.44","859.28K","-0.58%"
"08.02.2016","25.81","26.03","26.04","25.40","3.25M","-2.49%"
"05.02.2016","26.47","27.29","27.29","26.36","2.38M","-3.43%"
"04.02.2016","27.41","26.95","27.58","26.92","1.12M","1.71%"
"03.02.2016","26.95","27.24","27.24","26.40","1.51M","0.26%"
"02.02.2016","26.88","27.50","27.50","26.81","1.21M","-3.31%"
"01.02.2016","27.80","27.46","27.94","27.39","1.92M","0.43%"
"29.01.2016","27.68","26.70","27.68","26.70","1.77M","4.53%"
"28.01.2016","26.48","26.65","26.79","26.26","524.97K","-0.23%"
"27.01.2016","26.54","26.76","27.04","26.43","1.65M","-1.12%"
"26.01.2016","26.84","26.67","27.05","26.59","1.68M","0.90%"
"25.01.2016","26.60","26.91","26.97","26.54","1.26M","-1.37%"
"22.01.2016","26.97","26.99","27.16","26.81","1.64M","1.81%"
"21.01.2016","26.49","26.36","26.81","26.12","1.16M","1.49%"
"20.01.2016","26.10","25.60","26.36","25.38","1.72M","0.66%"
"19.01.2016","25.93","26.27","26.49","25.70","986.07K","0.15%"
"15.01.2016","25.89","26.04","26.23","25.54","1.66M","-4.50%"
"14.01.2016","27.11","26.70","27.25","26.33","1.29M","2.07%"
"13.01.2016","26.56","27.44","27.65","26.56","1.76M","-3.21%"
"12.01.2016","27.44","27.51","27.70","27.06","1.07M","0.85%"
"11.01.2016","27.21","27.29","27.46","26.84","1.00M","0.33%"
"08.01.2016","27.12","27.70","27.81","27.05","1.47M","-1.42%"
"07.01.2016","27.51","27.76","28.16","27.45","2.03M","-2.83%"
"06.01.2016","28.31","28.69","28.82","28.24","1.54M","-3.44%"
"05.01.2016","29.32","29.66","29.72","29.26","1.33M","-0.95%"
"04.01.2016","29.60","29.34","29.60","29.17","1.02M","-1.17%"